ori,agency,period,offense,count
MDBPD0000,Baltimore PD,2010-01,aggravated-assault,346
MDBPD0000,Baltimore PD,2011-01,aggravated-assault,377
MDBPD0000,Baltimore PD,2012-01,aggravated-assault,366
MDBPD0000,Baltimore PD,2013-01,aggravated-assault,353
MDBPD0000,Baltimore PD,2014-01,aggravated-assault,315
MDBPD0000,Baltimore PD,2015-01,aggravated-assault,294
MDBPD0000,Baltimore PD,2016-01,aggravated-assault,346
MDBPD0000,Baltimore PD,2017-01,aggravated-assault,555
MDBPD0000,Baltimore PD,2018-01,aggravated-assault,272
MDBPD0000,Baltimore PD,2019-01,aggravated-assault,419
MDBPD0000,Baltimore PD,2020-01,aggravated-assault,359
MDBPD0000,Baltimore PD,2021-01,aggravated-assault,
MDBPD0000,Baltimore PD,2022-01,aggravated-assault,412
MDBPD0000,Baltimore PD,2023-01,aggravated-assault,404
MDBPD0000,Baltimore PD,2024-01,aggravated-assault,335
MDBPD0000,Baltimore PD,2010-02,aggravated-assault,308
MDBPD0000,Baltimore PD,2011-02,aggravated-assault,338
MDBPD0000,Baltimore PD,2012-02,aggravated-assault,315
MDBPD0000,Baltimore PD,2013-02,aggravated-assault,322
MDBPD0000,Baltimore PD,2014-02,aggravated-assault,287
MDBPD0000,Baltimore PD,2015-02,aggravated-assault,266
MDBPD0000,Baltimore PD,2016-02,aggravated-assault,293
MDBPD0000,Baltimore PD,2017-02,aggravated-assault,431
MDBPD0000,Baltimore PD,2018-02,aggravated-assault,308
MDBPD0000,Baltimore PD,2019-02,aggravated-assault,356
MDBPD0000,Baltimore PD,2020-02,aggravated-assault,359
MDBPD0000,Baltimore PD,2021-02,aggravated-assault,
MDBPD0000,Baltimore PD,2022-02,aggravated-assault,407
MDBPD0000,Baltimore PD,2023-02,aggravated-assault,371
MDBPD0000,Baltimore PD,2024-02,aggravated-assault,433
MDBPD0000,Baltimore PD,2010-03,aggravated-assault,476
MDBPD0000,Baltimore PD,2011-03,aggravated-assault,450
MDBPD0000,Baltimore PD,2012-03,aggravated-assault,469
MDBPD0000,Baltimore PD,2013-03,aggravated-assault,389
MDBPD0000,Baltimore PD,2014-03,aggravated-assault,357
MDBPD0000,Baltimore PD,2015-03,aggravated-assault,319
MDBPD0000,Baltimore PD,2016-03,aggravated-assault,439
MDBPD0000,Baltimore PD,2017-03,aggravated-assault,404
MDBPD0000,Baltimore PD,2018-03,aggravated-assault,399
MDBPD0000,Baltimore PD,2019-03,aggravated-assault,402
MDBPD0000,Baltimore PD,2020-03,aggravated-assault,433
MDBPD0000,Baltimore PD,2021-03,aggravated-assault,
MDBPD0000,Baltimore PD,2022-03,aggravated-assault,487
MDBPD0000,Baltimore PD,2023-03,aggravated-assault,484
MDBPD0000,Baltimore PD,2024-03,aggravated-assault,431
MDBPD0000,Baltimore PD,2010-04,aggravated-assault,505
MDBPD0000,Baltimore PD,2011-04,aggravated-assault,476
MDBPD0000,Baltimore PD,2012-04,aggravated-assault,364
MDBPD0000,Baltimore PD,2013-04,aggravated-assault,407
MDBPD0000,Baltimore PD,2014-04,aggravated-assault,382
MDBPD0000,Baltimore PD,2015-04,aggravated-assault,317
MDBPD0000,Baltimore PD,2016-04,aggravated-assault,509
MDBPD0000,Baltimore PD,2017-04,aggravated-assault,555
MDBPD0000,Baltimore PD,2018-04,aggravated-assault,475
MDBPD0000,Baltimore PD,2019-04,aggravated-assault,439
MDBPD0000,Baltimore PD,2020-04,aggravated-assault,348
MDBPD0000,Baltimore PD,2021-04,aggravated-assault,
MDBPD0000,Baltimore PD,2022-04,aggravated-assault,474
MDBPD0000,Baltimore PD,2023-04,aggravated-assault,534
MDBPD0000,Baltimore PD,2024-04,aggravated-assault,474
MDBPD0000,Baltimore PD,2010-05,aggravated-assault,531
MDBPD0000,Baltimore PD,2011-05,aggravated-assault,451
MDBPD0000,Baltimore PD,2012-05,aggravated-assault,445
MDBPD0000,Baltimore PD,2013-05,aggravated-assault,423
MDBPD0000,Baltimore PD,2014-05,aggravated-assault,419
MDBPD0000,Baltimore PD,2015-05,aggravated-assault,476
MDBPD0000,Baltimore PD,2016-05,aggravated-assault,494
MDBPD0000,Baltimore PD,2017-05,aggravated-assault,496
MDBPD0000,Baltimore PD,2018-05,aggravated-assault,563
MDBPD0000,Baltimore PD,2019-05,aggravated-assault,494
MDBPD0000,Baltimore PD,2020-05,aggravated-assault,468
MDBPD0000,Baltimore PD,2021-05,aggravated-assault,
MDBPD0000,Baltimore PD,2022-05,aggravated-assault,541
MDBPD0000,Baltimore PD,2023-05,aggravated-assault,613
MDBPD0000,Baltimore PD,2024-05,aggravated-assault,512
MDBPD0000,Baltimore PD,2010-06,aggravated-assault,545
MDBPD0000,Baltimore PD,2011-06,aggravated-assault,392
MDBPD0000,Baltimore PD,2012-06,aggravated-assault,421
MDBPD0000,Baltimore PD,2013-06,aggravated-assault,402
MDBPD0000,Baltimore PD,2014-06,aggravated-assault,360
MDBPD0000,Baltimore PD,2015-06,aggravated-assault,442
MDBPD0000,Baltimore PD,2016-06,aggravated-assault,468
MDBPD0000,Baltimore PD,2017-06,aggravated-assault,528
MDBPD0000,Baltimore PD,2018-06,aggravated-assault,487
MDBPD0000,Baltimore PD,2019-06,aggravated-assault,592
MDBPD0000,Baltimore PD,2020-06,aggravated-assault,500
MDBPD0000,Baltimore PD,2021-06,aggravated-assault,1
MDBPD0000,Baltimore PD,2022-06,aggravated-assault,583
MDBPD0000,Baltimore PD,2023-06,aggravated-assault,505
MDBPD0000,Baltimore PD,2024-06,aggravated-assault,462
MDBPD0000,Baltimore PD,2010-07,aggravated-assault,503
MDBPD0000,Baltimore PD,2011-07,aggravated-assault,466
MDBPD0000,Baltimore PD,2012-07,aggravated-assault,401
MDBPD0000,Baltimore PD,2013-07,aggravated-assault,376
MDBPD0000,Baltimore PD,2014-07,aggravated-assault,372
MDBPD0000,Baltimore PD,2015-07,aggravated-assault,485
MDBPD0000,Baltimore PD,2016-07,aggravated-assault,438
MDBPD0000,Baltimore PD,2017-07,aggravated-assault,536
MDBPD0000,Baltimore PD,2018-07,aggravated-assault,486
MDBPD0000,Baltimore PD,2019-07,aggravated-assault,545
MDBPD0000,Baltimore PD,2020-07,aggravated-assault,526
MDBPD0000,Baltimore PD,2021-07,aggravated-assault,499
MDBPD0000,Baltimore PD,2022-07,aggravated-assault,579
MDBPD0000,Baltimore PD,2023-07,aggravated-assault,534
MDBPD0000,Baltimore PD,2024-07,aggravated-assault,520
MDBPD0000,Baltimore PD,2010-08,aggravated-assault,529
MDBPD0000,Baltimore PD,2011-08,aggravated-assault,418
MDBPD0000,Baltimore PD,2012-08,aggravated-assault,458
MDBPD0000,Baltimore PD,2013-08,aggravated-assault,423
MDBPD0000,Baltimore PD,2014-08,aggravated-assault,350
MDBPD0000,Baltimore PD,2015-08,aggravated-assault,448
MDBPD0000,Baltimore PD,2016-08,aggravated-assault,465
MDBPD0000,Baltimore PD,2017-08,aggravated-assault,499
MDBPD0000,Baltimore PD,2018-08,aggravated-assault,584
MDBPD0000,Baltimore PD,2019-08,aggravated-assault,575
MDBPD0000,Baltimore PD,2020-08,aggravated-assault,549
MDBPD0000,Baltimore PD,2021-08,aggravated-assault,483
MDBPD0000,Baltimore PD,2022-08,aggravated-assault,577
MDBPD0000,Baltimore PD,2023-08,aggravated-assault,492
MDBPD0000,Baltimore PD,2024-08,aggravated-assault,460
MDBPD0000,Baltimore PD,2010-09,aggravated-assault,521
MDBPD0000,Baltimore PD,2011-09,aggravated-assault,404
MDBPD0000,Baltimore PD,2012-09,aggravated-assault,457
MDBPD0000,Baltimore PD,2013-09,aggravated-assault,364
MDBPD0000,Baltimore PD,2014-09,aggravated-assault,372
MDBPD0000,Baltimore PD,2015-09,aggravated-assault,430
MDBPD0000,Baltimore PD,2016-09,aggravated-assault,507
MDBPD0000,Baltimore PD,2017-09,aggravated-assault,499
MDBPD0000,Baltimore PD,2018-09,aggravated-assault,449
MDBPD0000,Baltimore PD,2019-09,aggravated-assault,491
MDBPD0000,Baltimore PD,2020-09,aggravated-assault,478
MDBPD0000,Baltimore PD,2021-09,aggravated-assault,499
MDBPD0000,Baltimore PD,2022-09,aggravated-assault,516
MDBPD0000,Baltimore PD,2023-09,aggravated-assault,467
MDBPD0000,Baltimore PD,2024-09,aggravated-assault,459
MDBPD0000,Baltimore PD,2010-10,aggravated-assault,492
MDBPD0000,Baltimore PD,2011-10,aggravated-assault,380
MDBPD0000,Baltimore PD,2012-10,aggravated-assault,358
MDBPD0000,Baltimore PD,2013-10,aggravated-assault,337
MDBPD0000,Baltimore PD,2014-10,aggravated-assault,350
MDBPD0000,Baltimore PD,2015-10,aggravated-assault,372
MDBPD0000,Baltimore PD,2016-10,aggravated-assault,430
MDBPD0000,Baltimore PD,2017-10,aggravated-assault,508
MDBPD0000,Baltimore PD,2018-10,aggravated-assault,472
MDBPD0000,Baltimore PD,2019-10,aggravated-assault,476
MDBPD0000,Baltimore PD,2020-10,aggravated-assault,502
MDBPD0000,Baltimore PD,2021-10,aggravated-assault,499
MDBPD0000,Baltimore PD,2022-10,aggravated-assault,438
MDBPD0000,Baltimore PD,2023-10,aggravated-assault,442
MDBPD0000,Baltimore PD,2024-10,aggravated-assault,483
MDBPD0000,Baltimore PD,2010-11,aggravated-assault,341
MDBPD0000,Baltimore PD,2011-11,aggravated-assault,372
MDBPD0000,Baltimore PD,2012-11,aggravated-assault,278
MDBPD0000,Baltimore PD,2013-11,aggravated-assault,292
MDBPD0000,Baltimore PD,2014-11,aggravated-assault,351
MDBPD0000,Baltimore PD,2015-11,aggravated-assault,331
MDBPD0000,Baltimore PD,2016-11,aggravated-assault,388
MDBPD0000,Baltimore PD,2017-11,aggravated-assault,419
MDBPD0000,Baltimore PD,2018-11,aggravated-assault,415
MDBPD0000,Baltimore PD,2019-11,aggravated-assault,397
MDBPD0000,Baltimore PD,2020-11,aggravated-assault,407
MDBPD0000,Baltimore PD,2021-11,aggravated-assault,464
MDBPD0000,Baltimore PD,2022-11,aggravated-assault,484
MDBPD0000,Baltimore PD,2023-11,aggravated-assault,452
MDBPD0000,Baltimore PD,2024-11,aggravated-assault,415
MDBPD0000,Baltimore PD,2010-12,aggravated-assault,395
MDBPD0000,Baltimore PD,2011-12,aggravated-assault,367
MDBPD0000,Baltimore PD,2012-12,aggravated-assault,319
MDBPD0000,Baltimore PD,2013-12,aggravated-assault,372
MDBPD0000,Baltimore PD,2014-12,aggravated-assault,298
MDBPD0000,Baltimore PD,2015-12,aggravated-assault,418
MDBPD0000,Baltimore PD,2016-12,aggravated-assault,380
MDBPD0000,Baltimore PD,2017-12,aggravated-assault,397
MDBPD0000,Baltimore PD,2018-12,aggravated-assault,454
MDBPD0000,Baltimore PD,2019-12,aggravated-assault,387
MDBPD0000,Baltimore PD,2020-12,aggravated-assault,397
MDBPD0000,Baltimore PD,2021-12,aggravated-assault,457
MDBPD0000,Baltimore PD,2022-12,aggravated-assault,387
MDBPD0000,Baltimore PD,2023-12,aggravated-assault,424
MDBPD0000,Baltimore PD,2024-12,aggravated-assault,386
MDBPD0000,Baltimore PD,2010-01,robbery,248
MDBPD0000,Baltimore PD,2011-01,robbery,279
MDBPD0000,Baltimore PD,2012-01,robbery,279
MDBPD0000,Baltimore PD,2013-01,robbery,342
MDBPD0000,Baltimore PD,2014-01,robbery,318
MDBPD0000,Baltimore PD,2015-01,robbery,312
MDBPD0000,Baltimore PD,2016-01,robbery,395
MDBPD0000,Baltimore PD,2017-01,robbery,595
MDBPD0000,Baltimore PD,2018-01,robbery,478
MDBPD0000,Baltimore PD,2019-01,robbery,426
MDBPD0000,Baltimore PD,2020-01,robbery,382
MDBPD0000,Baltimore PD,2021-01,robbery,
MDBPD0000,Baltimore PD,2022-01,robbery,256
MDBPD0000,Baltimore PD,2023-01,robbery,239
MDBPD0000,Baltimore PD,2024-01,robbery,287
MDBPD0000,Baltimore PD,2010-02,robbery,162
MDBPD0000,Baltimore PD,2011-02,robbery,201
MDBPD0000,Baltimore PD,2012-02,robbery,209
MDBPD0000,Baltimore PD,2013-02,robbery,244
MDBPD0000,Baltimore PD,2014-02,robbery,268
MDBPD0000,Baltimore PD,2015-02,robbery,212
MDBPD0000,Baltimore PD,2016-02,robbery,310
MDBPD0000,Baltimore PD,2017-02,robbery,428
MDBPD0000,Baltimore PD,2018-02,robbery,313
MDBPD0000,Baltimore PD,2019-02,robbery,309
MDBPD0000,Baltimore PD,2020-02,robbery,323
MDBPD0000,Baltimore PD,2021-02,robbery,
MDBPD0000,Baltimore PD,2022-02,robbery,235
MDBPD0000,Baltimore PD,2023-02,robbery,209
MDBPD0000,Baltimore PD,2024-02,robbery,212
MDBPD0000,Baltimore PD,2010-03,robbery,280
MDBPD0000,Baltimore PD,2011-03,robbery,247
MDBPD0000,Baltimore PD,2012-03,robbery,294
MDBPD0000,Baltimore PD,2013-03,robbery,261
MDBPD0000,Baltimore PD,2014-03,robbery,234
MDBPD0000,Baltimore PD,2015-03,robbery,256
MDBPD0000,Baltimore PD,2016-03,robbery,351
MDBPD0000,Baltimore PD,2017-03,robbery,392
MDBPD0000,Baltimore PD,2018-03,robbery,364
MDBPD0000,Baltimore PD,2019-03,robbery,339
MDBPD0000,Baltimore PD,2020-03,robbery,342
MDBPD0000,Baltimore PD,2021-03,robbery,
MDBPD0000,Baltimore PD,2022-03,robbery,270
MDBPD0000,Baltimore PD,2023-03,robbery,228
MDBPD0000,Baltimore PD,2024-03,robbery,277
MDBPD0000,Baltimore PD,2010-04,robbery,295
MDBPD0000,Baltimore PD,2011-04,robbery,272
MDBPD0000,Baltimore PD,2012-04,robbery,241
MDBPD0000,Baltimore PD,2013-04,robbery,317
MDBPD0000,Baltimore PD,2014-04,robbery,205
MDBPD0000,Baltimore PD,2015-04,robbery,248
MDBPD0000,Baltimore PD,2016-04,robbery,399
MDBPD0000,Baltimore PD,2017-04,robbery,429
MDBPD0000,Baltimore PD,2018-04,robbery,384
MDBPD0000,Baltimore PD,2019-04,robbery,311
MDBPD0000,Baltimore PD,2020-04,robbery,207
MDBPD0000,Baltimore PD,2021-04,robbery,
MDBPD0000,Baltimore PD,2022-04,robbery,279
MDBPD0000,Baltimore PD,2023-04,robbery,251
MDBPD0000,Baltimore PD,2024-04,robbery,210
MDBPD0000,Baltimore PD,2010-05,robbery,284
MDBPD0000,Baltimore PD,2011-05,robbery,307
MDBPD0000,Baltimore PD,2012-05,robbery,297
MDBPD0000,Baltimore PD,2013-05,robbery,312
MDBPD0000,Baltimore PD,2014-05,robbery,290
MDBPD0000,Baltimore PD,2015-05,robbery,410
MDBPD0000,Baltimore PD,2016-05,robbery,484
MDBPD0000,Baltimore PD,2017-05,robbery,484
MDBPD0000,Baltimore PD,2018-05,robbery,414
MDBPD0000,Baltimore PD,2019-05,robbery,429
MDBPD0000,Baltimore PD,2020-05,robbery,256
MDBPD0000,Baltimore PD,2021-05,robbery,
MDBPD0000,Baltimore PD,2022-05,robbery,253
MDBPD0000,Baltimore PD,2023-05,robbery,306
MDBPD0000,Baltimore PD,2024-05,robbery,271
MDBPD0000,Baltimore PD,2010-06,robbery,213
MDBPD0000,Baltimore PD,2011-06,robbery,241
MDBPD0000,Baltimore PD,2012-06,robbery,302
MDBPD0000,Baltimore PD,2013-06,robbery,293
MDBPD0000,Baltimore PD,2014-06,robbery,326
MDBPD0000,Baltimore PD,2015-06,robbery,388
MDBPD0000,Baltimore PD,2016-06,robbery,401
MDBPD0000,Baltimore PD,2017-06,robbery,452
MDBPD0000,Baltimore PD,2018-06,robbery,365
MDBPD0000,Baltimore PD,2019-06,robbery,403
MDBPD0000,Baltimore PD,2020-06,robbery,261
MDBPD0000,Baltimore PD,2021-06,robbery,4
MDBPD0000,Baltimore PD,2022-06,robbery,279
MDBPD0000,Baltimore PD,2023-06,robbery,228
MDBPD0000,Baltimore PD,2024-06,robbery,280
MDBPD0000,Baltimore PD,2010-07,robbery,338
MDBPD0000,Baltimore PD,2011-07,robbery,311
MDBPD0000,Baltimore PD,2012-07,robbery,322
MDBPD0000,Baltimore PD,2013-07,robbery,272
MDBPD0000,Baltimore PD,2014-07,robbery,276
MDBPD0000,Baltimore PD,2015-07,robbery,464
MDBPD0000,Baltimore PD,2016-07,robbery,438
MDBPD0000,Baltimore PD,2017-07,robbery,529
MDBPD0000,Baltimore PD,2018-07,robbery,398
MDBPD0000,Baltimore PD,2019-07,robbery,513
MDBPD0000,Baltimore PD,2020-07,robbery,256
MDBPD0000,Baltimore PD,2021-07,robbery,265
MDBPD0000,Baltimore PD,2022-07,robbery,312
MDBPD0000,Baltimore PD,2023-07,robbery,252
MDBPD0000,Baltimore PD,2024-07,robbery,285
MDBPD0000,Baltimore PD,2010-08,robbery,343
MDBPD0000,Baltimore PD,2011-08,robbery,340
MDBPD0000,Baltimore PD,2012-08,robbery,310
MDBPD0000,Baltimore PD,2013-08,robbery,340
MDBPD0000,Baltimore PD,2014-08,robbery,342
MDBPD0000,Baltimore PD,2015-08,robbery,384
MDBPD0000,Baltimore PD,2016-08,robbery,475
MDBPD0000,Baltimore PD,2017-08,robbery,517
MDBPD0000,Baltimore PD,2018-08,robbery,459
MDBPD0000,Baltimore PD,2019-08,robbery,538
MDBPD0000,Baltimore PD,2020-08,robbery,295
MDBPD0000,Baltimore PD,2021-08,robbery,261
MDBPD0000,Baltimore PD,2022-08,robbery,245
MDBPD0000,Baltimore PD,2023-08,robbery,305
MDBPD0000,Baltimore PD,2024-08,robbery,307
MDBPD0000,Baltimore PD,2010-09,robbery,290
MDBPD0000,Baltimore PD,2011-09,robbery,331
MDBPD0000,Baltimore PD,2012-09,robbery,287
MDBPD0000,Baltimore PD,2013-09,robbery,307
MDBPD0000,Baltimore PD,2014-09,robbery,322
MDBPD0000,Baltimore PD,2015-09,robbery,396
MDBPD0000,Baltimore PD,2016-09,robbery,449
MDBPD0000,Baltimore PD,2017-09,robbery,510
MDBPD0000,Baltimore PD,2018-09,robbery,440
MDBPD0000,Baltimore PD,2019-09,robbery,449
MDBPD0000,Baltimore PD,2020-09,robbery,279
MDBPD0000,Baltimore PD,2021-09,robbery,277
MDBPD0000,Baltimore PD,2022-09,robbery,244
MDBPD0000,Baltimore PD,2023-09,robbery,303
MDBPD0000,Baltimore PD,2024-09,robbery,369
MDBPD0000,Baltimore PD,2010-10,robbery,300
MDBPD0000,Baltimore PD,2011-10,robbery,304
MDBPD0000,Baltimore PD,2012-10,robbery,346
MDBPD0000,Baltimore PD,2013-10,robbery,367
MDBPD0000,Baltimore PD,2014-10,robbery,396
MDBPD0000,Baltimore PD,2015-10,robbery,365
MDBPD0000,Baltimore PD,2016-10,robbery,525
MDBPD0000,Baltimore PD,2017-10,robbery,510
MDBPD0000,Baltimore PD,2018-10,robbery,485
MDBPD0000,Baltimore PD,2019-10,robbery,424
MDBPD0000,Baltimore PD,2020-10,robbery,281
MDBPD0000,Baltimore PD,2021-10,robbery,297
MDBPD0000,Baltimore PD,2022-10,robbery,301
MDBPD0000,Baltimore PD,2023-10,robbery,397
MDBPD0000,Baltimore PD,2024-10,robbery,263
MDBPD0000,Baltimore PD,2010-11,robbery,286
MDBPD0000,Baltimore PD,2011-11,robbery,285
MDBPD0000,Baltimore PD,2012-11,robbery,340
MDBPD0000,Baltimore PD,2013-11,robbery,305
MDBPD0000,Baltimore PD,2014-11,robbery,353
MDBPD0000,Baltimore PD,2015-11,robbery,414
MDBPD0000,Baltimore PD,2016-11,robbery,545
MDBPD0000,Baltimore PD,2017-11,robbery,494
MDBPD0000,Baltimore PD,2018-11,robbery,496
MDBPD0000,Baltimore PD,2019-11,robbery,398
MDBPD0000,Baltimore PD,2020-11,robbery,296
MDBPD0000,Baltimore PD,2021-11,robbery,283
MDBPD0000,Baltimore PD,2022-11,robbery,302
MDBPD0000,Baltimore PD,2023-11,robbery,297
MDBPD0000,Baltimore PD,2024-11,robbery,250
MDBPD0000,Baltimore PD,2010-12,robbery,297
MDBPD0000,Baltimore PD,2011-12,robbery,339
MDBPD0000,Baltimore PD,2012-12,robbery,378
MDBPD0000,Baltimore PD,2013-12,robbery,374
MDBPD0000,Baltimore PD,2014-12,robbery,347
MDBPD0000,Baltimore PD,2015-12,robbery,464
MDBPD0000,Baltimore PD,2016-12,robbery,464
MDBPD0000,Baltimore PD,2017-12,robbery,539
MDBPD0000,Baltimore PD,2018-12,robbery,470
MDBPD0000,Baltimore PD,2019-12,robbery,317
MDBPD0000,Baltimore PD,2020-12,robbery,240
MDBPD0000,Baltimore PD,2021-12,robbery,366
MDBPD0000,Baltimore PD,2022-12,robbery,252
MDBPD0000,Baltimore PD,2023-12,robbery,288
MDBPD0000,Baltimore PD,2024-12,robbery,243
MDBPD0000,Baltimore PD,2010-01,homicide,12
MDBPD0000,Baltimore PD,2011-01,homicide,15
MDBPD0000,Baltimore PD,2012-01,homicide,11
MDBPD0000,Baltimore PD,2013-01,homicide,14
MDBPD0000,Baltimore PD,2014-01,homicide,27
MDBPD0000,Baltimore PD,2015-01,homicide,23
MDBPD0000,Baltimore PD,2016-01,homicide,14
MDBPD0000,Baltimore PD,2017-01,homicide,32
MDBPD0000,Baltimore PD,2018-01,homicide,26
MDBPD0000,Baltimore PD,2019-01,homicide,25
MDBPD0000,Baltimore PD,2020-01,homicide,26
MDBPD0000,Baltimore PD,2021-01,homicide,
MDBPD0000,Baltimore PD,2022-01,homicide,37
MDBPD0000,Baltimore PD,2023-01,homicide,26
MDBPD0000,Baltimore PD,2024-01,homicide,16
MDBPD0000,Baltimore PD,2010-02,homicide,13
MDBPD0000,Baltimore PD,2011-02,homicide,10
MDBPD0000,Baltimore PD,2012-02,homicide,11
MDBPD0000,Baltimore PD,2013-02,homicide,15
MDBPD0000,Baltimore PD,2014-02,homicide,10
MDBPD0000,Baltimore PD,2015-02,homicide,13
MDBPD0000,Baltimore PD,2016-02,homicide,24
MDBPD0000,Baltimore PD,2017-02,homicide,22
MDBPD0000,Baltimore PD,2018-02,homicide,15
MDBPD0000,Baltimore PD,2019-02,homicide,20
MDBPD0000,Baltimore PD,2020-02,homicide,24
MDBPD0000,Baltimore PD,2021-02,homicide,
MDBPD0000,Baltimore PD,2022-02,homicide,22
MDBPD0000,Baltimore PD,2023-02,homicide,16
MDBPD0000,Baltimore PD,2024-02,homicide,12
MDBPD0000,Baltimore PD,2010-03,homicide,16
MDBPD0000,Baltimore PD,2011-03,homicide,19
MDBPD0000,Baltimore PD,2012-03,homicide,19
MDBPD0000,Baltimore PD,2013-03,homicide,20
MDBPD0000,Baltimore PD,2014-03,homicide,7
MDBPD0000,Baltimore PD,2015-03,homicide,15
MDBPD0000,Baltimore PD,2016-03,homicide,18
MDBPD0000,Baltimore PD,2017-03,homicide,25
MDBPD0000,Baltimore PD,2018-03,homicide,17
MDBPD0000,Baltimore PD,2019-03,homicide,25
MDBPD0000,Baltimore PD,2020-03,homicide,18
MDBPD0000,Baltimore PD,2021-03,homicide,
MDBPD0000,Baltimore PD,2022-03,homicide,28
MDBPD0000,Baltimore PD,2023-03,homicide,18
MDBPD0000,Baltimore PD,2024-03,homicide,16
MDBPD0000,Baltimore PD,2010-04,homicide,16
MDBPD0000,Baltimore PD,2011-04,homicide,27
MDBPD0000,Baltimore PD,2012-04,homicide,21
MDBPD0000,Baltimore PD,2013-04,homicide,20
MDBPD0000,Baltimore PD,2014-04,homicide,12
MDBPD0000,Baltimore PD,2015-04,homicide,22
MDBPD0000,Baltimore PD,2016-04,homicide,28
MDBPD0000,Baltimore PD,2017-04,homicide,29
MDBPD0000,Baltimore PD,2018-04,homicide,33
MDBPD0000,Baltimore PD,2019-04,homicide,22
MDBPD0000,Baltimore PD,2020-04,homicide,20
MDBPD0000,Baltimore PD,2021-04,homicide,
MDBPD0000,Baltimore PD,2022-04,homicide,29
MDBPD0000,Baltimore PD,2023-04,homicide,27
MDBPD0000,Baltimore PD,2024-04,homicide,12
MDBPD0000,Baltimore PD,2010-05,homicide,23
MDBPD0000,Baltimore PD,2011-05,homicide,15
MDBPD0000,Baltimore PD,2012-05,homicide,25
MDBPD0000,Baltimore PD,2013-05,homicide,19
MDBPD0000,Baltimore PD,2014-05,homicide,23
MDBPD0000,Baltimore PD,2015-05,homicide,42
MDBPD0000,Baltimore PD,2016-05,homicide,26
MDBPD0000,Baltimore PD,2017-05,homicide,38
MDBPD0000,Baltimore PD,2018-05,homicide,19
MDBPD0000,Baltimore PD,2019-05,homicide,33
MDBPD0000,Baltimore PD,2020-05,homicide,35
MDBPD0000,Baltimore PD,2021-05,homicide,
MDBPD0000,Baltimore PD,2022-05,homicide,24
MDBPD0000,Baltimore PD,2023-05,homicide,24
MDBPD0000,Baltimore PD,2024-05,homicide,14
MDBPD0000,Baltimore PD,2010-06,homicide,20
MDBPD0000,Baltimore PD,2011-06,homicide,16
MDBPD0000,Baltimore PD,2012-06,homicide,16
MDBPD0000,Baltimore PD,2013-06,homicide,27
MDBPD0000,Baltimore PD,2014-06,homicide,20
MDBPD0000,Baltimore PD,2015-06,homicide,29
MDBPD0000,Baltimore PD,2016-06,homicide,27
MDBPD0000,Baltimore PD,2017-06,homicide,24
MDBPD0000,Baltimore PD,2018-06,homicide,23
MDBPD0000,Baltimore PD,2019-06,homicide,33
MDBPD0000,Baltimore PD,2020-06,homicide,34
MDBPD0000,Baltimore PD,2021-06,homicide,0
MDBPD0000,Baltimore PD,2022-06,homicide,36
MDBPD0000,Baltimore PD,2023-06,homicide,24
MDBPD0000,Baltimore PD,2024-06,homicide,17
MDBPD0000,Baltimore PD,2010-07,homicide,24
MDBPD0000,Baltimore PD,2011-07,homicide,24
MDBPD0000,Baltimore PD,2012-07,homicide,17
MDBPD0000,Baltimore PD,2013-07,homicide,22
MDBPD0000,Baltimore PD,2014-07,homicide,20
MDBPD0000,Baltimore PD,2015-07,homicide,45
MDBPD0000,Baltimore PD,2016-07,homicide,36
MDBPD0000,Baltimore PD,2017-07,homicide,34
MDBPD0000,Baltimore PD,2018-07,homicide,30
MDBPD0000,Baltimore PD,2019-07,homicide,38
MDBPD0000,Baltimore PD,2020-07,homicide,31
MDBPD0000,Baltimore PD,2021-07,homicide,30
MDBPD0000,Baltimore PD,2022-07,homicide,31
MDBPD0000,Baltimore PD,2023-07,homicide,18
MDBPD0000,Baltimore PD,2024-07,homicide,23
MDBPD0000,Baltimore PD,2010-08,homicide,23
MDBPD0000,Baltimore PD,2011-08,homicide,13
MDBPD0000,Baltimore PD,2012-08,homicide,20
MDBPD0000,Baltimore PD,2013-08,homicide,16
MDBPD0000,Baltimore PD,2014-08,homicide,26
MDBPD0000,Baltimore PD,2015-08,homicide,34
MDBPD0000,Baltimore PD,2016-08,homicide,27
MDBPD0000,Baltimore PD,2017-08,homicide,31
MDBPD0000,Baltimore PD,2018-08,homicide,30
MDBPD0000,Baltimore PD,2019-08,homicide,31
MDBPD0000,Baltimore PD,2020-08,homicide,22
MDBPD0000,Baltimore PD,2021-08,homicide,28
MDBPD0000,Baltimore PD,2022-08,homicide,27
MDBPD0000,Baltimore PD,2023-08,homicide,26
MDBPD0000,Baltimore PD,2024-08,homicide,18
MDBPD0000,Baltimore PD,2010-09,homicide,16
MDBPD0000,Baltimore PD,2011-09,homicide,19
MDBPD0000,Baltimore PD,2012-09,homicide,25
MDBPD0000,Baltimore PD,2013-09,homicide,21
MDBPD0000,Baltimore PD,2014-09,homicide,18
MDBPD0000,Baltimore PD,2015-09,homicide,27
MDBPD0000,Baltimore PD,2016-09,homicide,30
MDBPD0000,Baltimore PD,2017-09,homicide,31
MDBPD0000,Baltimore PD,2018-09,homicide,35
MDBPD0000,Baltimore PD,2019-09,homicide,29
MDBPD0000,Baltimore PD,2020-09,homicide,32
MDBPD0000,Baltimore PD,2021-09,homicide,32
MDBPD0000,Baltimore PD,2022-09,homicide,16
MDBPD0000,Baltimore PD,2023-09,homicide,21
MDBPD0000,Baltimore PD,2024-09,homicide,18
MDBPD0000,Baltimore PD,2010-10,homicide,21
MDBPD0000,Baltimore PD,2011-10,homicide,17
MDBPD0000,Baltimore PD,2012-10,homicide,16
MDBPD0000,Baltimore PD,2013-10,homicide,19
MDBPD0000,Baltimore PD,2014-10,homicide,20
MDBPD0000,Baltimore PD,2015-10,homicide,34
MDBPD0000,Baltimore PD,2016-10,homicide,30
MDBPD0000,Baltimore PD,2017-10,homicide,31
MDBPD0000,Baltimore PD,2018-10,homicide,34
MDBPD0000,Baltimore PD,2019-10,homicide,29
MDBPD0000,Baltimore PD,2020-10,homicide,31
MDBPD0000,Baltimore PD,2021-10,homicide,26
MDBPD0000,Baltimore PD,2022-10,homicide,25
MDBPD0000,Baltimore PD,2023-10,homicide,17
MDBPD0000,Baltimore PD,2024-10,homicide,15
MDBPD0000,Baltimore PD,2010-11,homicide,19
MDBPD0000,Baltimore PD,2011-11,homicide,10
MDBPD0000,Baltimore PD,2012-11,homicide,20
MDBPD0000,Baltimore PD,2013-11,homicide,21
MDBPD0000,Baltimore PD,2014-11,homicide,13
MDBPD0000,Baltimore PD,2015-11,homicide,27
MDBPD0000,Baltimore PD,2016-11,homicide,30
MDBPD0000,Baltimore PD,2017-11,homicide,23
MDBPD0000,Baltimore PD,2018-11,homicide,19
MDBPD0000,Baltimore PD,2019-11,homicide,28
MDBPD0000,Baltimore PD,2020-11,homicide,23
MDBPD0000,Baltimore PD,2021-11,homicide,30
MDBPD0000,Baltimore PD,2022-11,homicide,24
MDBPD0000,Baltimore PD,2023-11,homicide,12
MDBPD0000,Baltimore PD,2024-11,homicide,17
MDBPD0000,Baltimore PD,2010-12,homicide,20
MDBPD0000,Baltimore PD,2011-12,homicide,12
MDBPD0000,Baltimore PD,2012-12,homicide,15
MDBPD0000,Baltimore PD,2013-12,homicide,19
MDBPD0000,Baltimore PD,2014-12,homicide,15
MDBPD0000,Baltimore PD,2015-12,homicide,33
MDBPD0000,Baltimore PD,2016-12,homicide,28
MDBPD0000,Baltimore PD,2017-12,homicide,22
MDBPD0000,Baltimore PD,2018-12,homicide,28
MDBPD0000,Baltimore PD,2019-12,homicide,35
MDBPD0000,Baltimore PD,2020-12,homicide,34
MDBPD0000,Baltimore PD,2021-12,homicide,28
MDBPD0000,Baltimore PD,2022-12,homicide,27
MDBPD0000,Baltimore PD,2023-12,homicide,17
MDBPD0000,Baltimore PD,2024-12,homicide,15
ILCPD0000,Chicago PD,2010-01,aggravated-assault,889
ILCPD0000,Chicago PD,2011-01,aggravated-assault,809
ILCPD0000,Chicago PD,2012-01,aggravated-assault,752
ILCPD0000,Chicago PD,2013-01,aggravated-assault,867
ILCPD0000,Chicago PD,2014-01,aggravated-assault,652
ILCPD0000,Chicago PD,2015-01,aggravated-assault,807
ILCPD0000,Chicago PD,2016-01,aggravated-assault,1022
ILCPD0000,Chicago PD,2017-01,aggravated-assault,1059
ILCPD0000,Chicago PD,2018-01,aggravated-assault,991
ILCPD0000,Chicago PD,2019-01,aggravated-assault,1018
ILCPD0000,Chicago PD,2020-01,aggravated-assault,1032
ILCPD0000,Chicago PD,2021-01,aggravated-assault,
ILCPD0000,Chicago PD,2022-01,aggravated-assault,221
ILCPD0000,Chicago PD,2023-01,aggravated-assault,242
ILCPD0000,Chicago PD,2024-01,aggravated-assault,194
ILCPD0000,Chicago PD,2010-02,aggravated-assault,810
ILCPD0000,Chicago PD,2011-02,aggravated-assault,654
ILCPD0000,Chicago PD,2012-02,aggravated-assault,694
ILCPD0000,Chicago PD,2013-02,aggravated-assault,711
ILCPD0000,Chicago PD,2014-02,aggravated-assault,602
ILCPD0000,Chicago PD,2015-02,aggravated-assault,639
ILCPD0000,Chicago PD,2016-02,aggravated-assault,934
ILCPD0000,Chicago PD,2017-02,aggravated-assault,993
ILCPD0000,Chicago PD,2018-02,aggravated-assault,911
ILCPD0000,Chicago PD,2019-02,aggravated-assault,936
ILCPD0000,Chicago PD,2020-02,aggravated-assault,941
ILCPD0000,Chicago PD,2021-02,aggravated-assault,
ILCPD0000,Chicago PD,2022-02,aggravated-assault,176
ILCPD0000,Chicago PD,2023-02,aggravated-assault,177
ILCPD0000,Chicago PD,2024-02,aggravated-assault,215
ILCPD0000,Chicago PD,2010-03,aggravated-assault,1191
ILCPD0000,Chicago PD,2011-03,aggravated-assault,970
ILCPD0000,Chicago PD,2012-03,aggravated-assault,1086
ILCPD0000,Chicago PD,2013-03,aggravated-assault,950
ILCPD0000,Chicago PD,2014-03,aggravated-assault,809
ILCPD0000,Chicago PD,2015-03,aggravated-assault,971
ILCPD0000,Chicago PD,2016-03,aggravated-assault,1288
ILCPD0000,Chicago PD,2017-03,aggravated-assault,1064
ILCPD0000,Chicago PD,2018-03,aggravated-assault,1133
ILCPD0000,Chicago PD,2019-03,aggravated-assault,1169
ILCPD0000,Chicago PD,2020-03,aggravated-assault,1105
ILCPD0000,Chicago PD,2021-03,aggravated-assault,
ILCPD0000,Chicago PD,2022-03,aggravated-assault,238
ILCPD0000,Chicago PD,2023-03,aggravated-assault,215
ILCPD0000,Chicago PD,2024-03,aggravated-assault,237
ILCPD0000,Chicago PD,2010-04,aggravated-assault,1317
ILCPD0000,Chicago PD,2011-04,aggravated-assault,1109
ILCPD0000,Chicago PD,2012-04,aggravated-assault,949
ILCPD0000,Chicago PD,2013-04,aggravated-assault,991
ILCPD0000,Chicago PD,2014-04,aggravated-assault,1039
ILCPD0000,Chicago PD,2015-04,aggravated-assault,1119
ILCPD0000,Chicago PD,2016-04,aggravated-assault,1213
ILCPD0000,Chicago PD,2017-04,aggravated-assault,1363
ILCPD0000,Chicago PD,2018-04,aggravated-assault,1189
ILCPD0000,Chicago PD,2019-04,aggravated-assault,1215
ILCPD0000,Chicago PD,2020-04,aggravated-assault,1017
ILCPD0000,Chicago PD,2021-04,aggravated-assault,
ILCPD0000,Chicago PD,2022-04,aggravated-assault,233
ILCPD0000,Chicago PD,2023-04,aggravated-assault,306
ILCPD0000,Chicago PD,2024-04,aggravated-assault,272
ILCPD0000,Chicago PD,2010-05,aggravated-assault,1344
ILCPD0000,Chicago PD,2011-05,aggravated-assault,1191
ILCPD0000,Chicago PD,2012-05,aggravated-assault,1184
ILCPD0000,Chicago PD,2013-05,aggravated-assault,1183
ILCPD0000,Chicago PD,2014-05,aggravated-assault,1263
ILCPD0000,Chicago PD,2015-05,aggravated-assault,1373
ILCPD0000,Chicago PD,2016-05,aggravated-assault,1531
ILCPD0000,Chicago PD,2017-05,aggravated-assault,1481
ILCPD0000,Chicago PD,2018-05,aggravated-assault,1584
ILCPD0000,Chicago PD,2019-05,aggravated-assault,1457
ILCPD0000,Chicago PD,2020-05,aggravated-assault,1471
ILCPD0000,Chicago PD,2021-05,aggravated-assault,
ILCPD0000,Chicago PD,2022-05,aggravated-assault,328
ILCPD0000,Chicago PD,2023-05,aggravated-assault,306
ILCPD0000,Chicago PD,2024-05,aggravated-assault,350
ILCPD0000,Chicago PD,2010-06,aggravated-assault,1377
ILCPD0000,Chicago PD,2011-06,aggravated-assault,1257
ILCPD0000,Chicago PD,2012-06,aggravated-assault,1277
ILCPD0000,Chicago PD,2013-06,aggravated-assault,1255
ILCPD0000,Chicago PD,2014-06,aggravated-assault,1296
ILCPD0000,Chicago PD,2015-06,aggravated-assault,1181
ILCPD0000,Chicago PD,2016-06,aggravated-assault,1517
ILCPD0000,Chicago PD,2017-06,aggravated-assault,1527
ILCPD0000,Chicago PD,2018-06,aggravated-assault,1467
ILCPD0000,Chicago PD,2019-06,aggravated-assault,1543
ILCPD0000,Chicago PD,2020-06,aggravated-assault,1882
ILCPD0000,Chicago PD,2021-06,aggravated-assault,1
ILCPD0000,Chicago PD,2022-06,aggravated-assault,309
ILCPD0000,Chicago PD,2023-06,aggravated-assault,334
ILCPD0000,Chicago PD,2024-06,aggravated-assault,351
ILCPD0000,Chicago PD,2010-07,aggravated-assault,1425
ILCPD0000,Chicago PD,2011-07,aggravated-assault,1396
ILCPD0000,Chicago PD,2012-07,aggravated-assault,1341
ILCPD0000,Chicago PD,2013-07,aggravated-assault,1244
ILCPD0000,Chicago PD,2014-07,aggravated-assault,1388
ILCPD0000,Chicago PD,2015-07,aggravated-assault,1420
ILCPD0000,Chicago PD,2016-07,aggravated-assault,1586
ILCPD0000,Chicago PD,2017-07,aggravated-assault,1601
ILCPD0000,Chicago PD,2018-07,aggravated-assault,1615
ILCPD0000,Chicago PD,2019-07,aggravated-assault,1675
ILCPD0000,Chicago PD,2020-07,aggravated-assault,1824
ILCPD0000,Chicago PD,2021-07,aggravated-assault,447
ILCPD0000,Chicago PD,2022-07,aggravated-assault,414
ILCPD0000,Chicago PD,2023-07,aggravated-assault,347
ILCPD0000,Chicago PD,2024-07,aggravated-assault,375
ILCPD0000,Chicago PD,2010-08,aggravated-assault,1390
ILCPD0000,Chicago PD,2011-08,aggravated-assault,1169
ILCPD0000,Chicago PD,2012-08,aggravated-assault,1223
ILCPD0000,Chicago PD,2013-08,aggravated-assault,1256
ILCPD0000,Chicago PD,2014-08,aggravated-assault,1299
ILCPD0000,Chicago PD,2015-08,aggravated-assault,1323
ILCPD0000,Chicago PD,2016-08,aggravated-assault,1601
ILCPD0000,Chicago PD,2017-08,aggravated-assault,1437
ILCPD0000,Chicago PD,2018-08,aggravated-assault,1547
ILCPD0000,Chicago PD,2019-08,aggravated-assault,1475
ILCPD0000,Chicago PD,2020-08,aggravated-assault,1848
ILCPD0000,Chicago PD,2021-08,aggravated-assault,388
ILCPD0000,Chicago PD,2022-08,aggravated-assault,369
ILCPD0000,Chicago PD,2023-08,aggravated-assault,321
ILCPD0000,Chicago PD,2024-08,aggravated-assault,305
ILCPD0000,Chicago PD,2010-09,aggravated-assault,1179
ILCPD0000,Chicago PD,2011-09,aggravated-assault,1027
ILCPD0000,Chicago PD,2012-09,aggravated-assault,1053
ILCPD0000,Chicago PD,2013-09,aggravated-assault,1084
ILCPD0000,Chicago PD,2014-09,aggravated-assault,1179
ILCPD0000,Chicago PD,2015-09,aggravated-assault,1181
ILCPD0000,Chicago PD,2016-09,aggravated-assault,1412
ILCPD0000,Chicago PD,2017-09,aggravated-assault,1440
ILCPD0000,Chicago PD,2018-09,aggravated-assault,1371
ILCPD0000,Chicago PD,2019-09,aggravated-assault,1296
ILCPD0000,Chicago PD,2020-09,aggravated-assault,1489
ILCPD0000,Chicago PD,2021-09,aggravated-assault,391
ILCPD0000,Chicago PD,2022-09,aggravated-assault,346
ILCPD0000,Chicago PD,2023-09,aggravated-assault,331
ILCPD0000,Chicago PD,2024-09,aggravated-assault,313
ILCPD0000,Chicago PD,2010-10,aggravated-assault,1165
ILCPD0000,Chicago PD,2011-10,aggravated-assault,1116
ILCPD0000,Chicago PD,2012-10,aggravated-assault,997
ILCPD0000,Chicago PD,2013-10,aggravated-assault,971
ILCPD0000,Chicago PD,2014-10,aggravated-assault,1149
ILCPD0000,Chicago PD,2015-10,aggravated-assault,1142
ILCPD0000,Chicago PD,2016-10,aggravated-assault,1475
ILCPD0000,Chicago PD,2017-10,aggravated-assault,1299
ILCPD0000,Chicago PD,2018-10,aggravated-assault,1322
ILCPD0000,Chicago PD,2019-10,aggravated-assault,1234
ILCPD0000,Chicago PD,2020-10,aggravated-assault,1626
ILCPD0000,Chicago PD,2021-10,aggravated-assault,351
ILCPD0000,Chicago PD,2022-10,aggravated-assault,271
ILCPD0000,Chicago PD,2023-10,aggravated-assault,293
ILCPD0000,Chicago PD,2024-10,aggravated-assault,281
ILCPD0000,Chicago PD,2010-11,aggravated-assault,918
ILCPD0000,Chicago PD,2011-11,aggravated-assault,860
ILCPD0000,Chicago PD,2012-11,aggravated-assault,869
ILCPD0000,Chicago PD,2013-11,aggravated-assault,772
ILCPD0000,Chicago PD,2014-11,aggravated-assault,869
ILCPD0000,Chicago PD,2015-11,aggravated-assault,945
ILCPD0000,Chicago PD,2016-11,aggravated-assault,1230
ILCPD0000,Chicago PD,2017-11,aggravated-assault,1130
ILCPD0000,Chicago PD,2018-11,aggravated-assault,1072
ILCPD0000,Chicago PD,2019-11,aggravated-assault,1089
ILCPD0000,Chicago PD,2020-11,aggravated-assault,1226
ILCPD0000,Chicago PD,2021-11,aggravated-assault,276
ILCPD0000,Chicago PD,2022-11,aggravated-assault,254
ILCPD0000,Chicago PD,2023-11,aggravated-assault,249
ILCPD0000,Chicago PD,2024-11,aggravated-assault,248
ILCPD0000,Chicago PD,2010-12,aggravated-assault,752
ILCPD0000,Chicago PD,2011-12,aggravated-assault,850
ILCPD0000,Chicago PD,2012-12,aggravated-assault,847
ILCPD0000,Chicago PD,2013-12,aggravated-assault,824
ILCPD0000,Chicago PD,2014-12,aggravated-assault,985
ILCPD0000,Chicago PD,2015-12,aggravated-assault,993
ILCPD0000,Chicago PD,2016-12,aggravated-assault,994
ILCPD0000,Chicago PD,2017-12,aggravated-assault,1041
ILCPD0000,Chicago PD,2018-12,aggravated-assault,1113
ILCPD0000,Chicago PD,2019-12,aggravated-assault,1176
ILCPD0000,Chicago PD,2020-12,aggravated-assault,1136
ILCPD0000,Chicago PD,2021-12,aggravated-assault,270
ILCPD0000,Chicago PD,2022-12,aggravated-assault,236
ILCPD0000,Chicago PD,2023-12,aggravated-assault,248
ILCPD0000,Chicago PD,2024-12,aggravated-assault,245
ILCPD0000,Chicago PD,2010-01,robbery,1219
ILCPD0000,Chicago PD,2011-01,robbery,1101
ILCPD0000,Chicago PD,2012-01,robbery,1011
ILCPD0000,Chicago PD,2013-01,robbery,1094
ILCPD0000,Chicago PD,2014-01,robbery,798
ILCPD0000,Chicago PD,2015-01,robbery,798
ILCPD0000,Chicago PD,2016-01,robbery,1041
ILCPD0000,Chicago PD,2017-01,robbery,1074
ILCPD0000,Chicago PD,2018-01,robbery,898
ILCPD0000,Chicago PD,2019-01,robbery,658
ILCPD0000,Chicago PD,2020-01,robbery,725
ILCPD0000,Chicago PD,2021-01,robbery,
ILCPD0000,Chicago PD,2022-01,robbery,682
ILCPD0000,Chicago PD,2023-01,robbery,881
ILCPD0000,Chicago PD,2024-01,robbery,729
ILCPD0000,Chicago PD,2010-02,robbery,722
ILCPD0000,Chicago PD,2011-02,robbery,757
ILCPD0000,Chicago PD,2012-02,robbery,693
ILCPD0000,Chicago PD,2013-02,robbery,731
ILCPD0000,Chicago PD,2014-02,robbery,556
ILCPD0000,Chicago PD,2015-02,robbery,456
ILCPD0000,Chicago PD,2016-02,robbery,702
ILCPD0000,Chicago PD,2017-02,robbery,788
ILCPD0000,Chicago PD,2018-02,robbery,636
ILCPD0000,Chicago PD,2019-02,robbery,497
ILCPD0000,Chicago PD,2020-02,robbery,637
ILCPD0000,Chicago PD,2021-02,robbery,
ILCPD0000,Chicago PD,2022-02,robbery,629
ILCPD0000,Chicago PD,2023-02,robbery,565
ILCPD0000,Chicago PD,2024-02,robbery,674
ILCPD0000,Chicago PD,2010-03,robbery,1003
ILCPD0000,Chicago PD,2011-03,robbery,950
ILCPD0000,Chicago PD,2012-03,robbery,846
ILCPD0000,Chicago PD,2013-03,robbery,772
ILCPD0000,Chicago PD,2014-03,robbery,624
ILCPD0000,Chicago PD,2015-03,robbery,617
ILCPD0000,Chicago PD,2016-03,robbery,785
ILCPD0000,Chicago PD,2017-03,robbery,783
ILCPD0000,Chicago PD,2018-03,robbery,738
ILCPD0000,Chicago PD,2019-03,robbery,509
ILCPD0000,Chicago PD,2020-03,robbery,494
ILCPD0000,Chicago PD,2021-03,robbery,
ILCPD0000,Chicago PD,2022-03,robbery,583
ILCPD0000,Chicago PD,2023-03,robbery,671
ILCPD0000,Chicago PD,2024-03,robbery,727
ILCPD0000,Chicago PD,2010-04,robbery,1122
ILCPD0000,Chicago PD,2011-04,robbery,1002
ILCPD0000,Chicago PD,2012-04,robbery,972
ILCPD0000,Chicago PD,2013-04,robbery,850
ILCPD0000,Chicago PD,2014-04,robbery,726
ILCPD0000,Chicago PD,2015-04,robbery,678
ILCPD0000,Chicago PD,2016-04,robbery,771
ILCPD0000,Chicago PD,2017-04,robbery,851
ILCPD0000,Chicago PD,2018-04,robbery,693
ILCPD0000,Chicago PD,2019-04,robbery,599
ILCPD0000,Chicago PD,2020-04,robbery,456
ILCPD0000,Chicago PD,2021-04,robbery,
ILCPD0000,Chicago PD,2022-04,robbery,604
ILCPD0000,Chicago PD,2023-04,robbery,735
ILCPD0000,Chicago PD,2024-04,robbery,715
ILCPD0000,Chicago PD,2010-05,robbery,1187
ILCPD0000,Chicago PD,2011-05,robbery,1245
ILCPD0000,Chicago PD,2012-05,robbery,1267
ILCPD0000,Chicago PD,2013-05,robbery,977
ILCPD0000,Chicago PD,2014-05,robbery,835
ILCPD0000,Chicago PD,2015-05,robbery,731
ILCPD0000,Chicago PD,2016-05,robbery,961
ILCPD0000,Chicago PD,2017-05,robbery,903
ILCPD0000,Chicago PD,2018-05,robbery,802
ILCPD0000,Chicago PD,2019-05,robbery,632
ILCPD0000,Chicago PD,2020-05,robbery,599
ILCPD0000,Chicago PD,2021-05,robbery,
ILCPD0000,Chicago PD,2022-05,robbery,669
ILCPD0000,Chicago PD,2023-05,robbery,758
ILCPD0000,Chicago PD,2024-05,robbery,772
ILCPD0000,Chicago PD,2010-06,robbery,1224
ILCPD0000,Chicago PD,2011-06,robbery,1174
ILCPD0000,Chicago PD,2012-06,robbery,1283
ILCPD0000,Chicago PD,2013-06,robbery,991
ILCPD0000,Chicago PD,2014-06,robbery,861
ILCPD0000,Chicago PD,2015-06,robbery,768
ILCPD0000,Chicago PD,2016-06,robbery,905
ILCPD0000,Chicago PD,2017-06,robbery,983
ILCPD0000,Chicago PD,2018-06,robbery,859
ILCPD0000,Chicago PD,2019-06,robbery,767
ILCPD0000,Chicago PD,2020-06,robbery,575
ILCPD0000,Chicago PD,2021-06,robbery,0
ILCPD0000,Chicago PD,2022-06,robbery,729
ILCPD0000,Chicago PD,2023-06,robbery,766
ILCPD0000,Chicago PD,2024-06,robbery,812
ILCPD0000,Chicago PD,2010-07,robbery,1317
ILCPD0000,Chicago PD,2011-07,robbery,1278
ILCPD0000,Chicago PD,2012-07,robbery,1329
ILCPD0000,Chicago PD,2013-07,robbery,1224
ILCPD0000,Chicago PD,2014-07,robbery,925
ILCPD0000,Chicago PD,2015-07,robbery,916
ILCPD0000,Chicago PD,2016-07,robbery,1128
ILCPD0000,Chicago PD,2017-07,robbery,1005
ILCPD0000,Chicago PD,2018-07,robbery,876
ILCPD0000,Chicago PD,2019-07,robbery,776
ILCPD0000,Chicago PD,2020-07,robbery,734
ILCPD0000,Chicago PD,2021-07,robbery,699
ILCPD0000,Chicago PD,2022-07,robbery,781
ILCPD0000,Chicago PD,2023-07,robbery,984
ILCPD0000,Chicago PD,2024-07,robbery,875
ILCPD0000,Chicago PD,2010-08,robbery,1308
ILCPD0000,Chicago PD,2011-08,robbery,1329
ILCPD0000,Chicago PD,2012-08,robbery,1271
ILCPD0000,Chicago PD,2013-08,robbery,1112
ILCPD0000,Chicago PD,2014-08,robbery,884
ILCPD0000,Chicago PD,2015-08,robbery,931
ILCPD0000,Chicago PD,2016-08,robbery,1238
ILCPD0000,Chicago PD,2017-08,robbery,1175
ILCPD0000,Chicago PD,2018-08,robbery,942
ILCPD0000,Chicago PD,2019-08,robbery,769
ILCPD0000,Chicago PD,2020-08,robbery,820
ILCPD0000,Chicago PD,2021-08,robbery,623
ILCPD0000,Chicago PD,2022-08,robbery,753
ILCPD0000,Chicago PD,2023-08,robbery,1192
ILCPD0000,Chicago PD,2024-08,robbery,751
ILCPD0000,Chicago PD,2010-09,robbery,1245
ILCPD0000,Chicago PD,2011-09,robbery,1277
ILCPD0000,Chicago PD,2012-09,robbery,1169
ILCPD0000,Chicago PD,2013-09,robbery,1077
ILCPD0000,Chicago PD,2014-09,robbery,872
ILCPD0000,Chicago PD,2015-09,robbery,931
ILCPD0000,Chicago PD,2016-09,robbery,1028
ILCPD0000,Chicago PD,2017-09,robbery,1005
ILCPD0000,Chicago PD,2018-09,robbery,768
ILCPD0000,Chicago PD,2019-09,robbery,690
ILCPD0000,Chicago PD,2020-09,robbery,743
ILCPD0000,Chicago PD,2021-09,robbery,752
ILCPD0000,Chicago PD,2022-09,robbery,852
ILCPD0000,Chicago PD,2023-09,robbery,1133
ILCPD0000,Chicago PD,2024-09,robbery,761
ILCPD0000,Chicago PD,2010-10,robbery,1452
ILCPD0000,Chicago PD,2011-10,robbery,1398
ILCPD0000,Chicago PD,2012-10,robbery,1228
ILCPD0000,Chicago PD,2013-10,robbery,995
ILCPD0000,Chicago PD,2014-10,robbery,959
ILCPD0000,Chicago PD,2015-10,robbery,956
ILCPD0000,Chicago PD,2016-10,robbery,1149
ILCPD0000,Chicago PD,2017-10,robbery,1117
ILCPD0000,Chicago PD,2018-10,robbery,837
ILCPD0000,Chicago PD,2019-10,robbery,686
ILCPD0000,Chicago PD,2020-10,robbery,757
ILCPD0000,Chicago PD,2021-10,robbery,852
ILCPD0000,Chicago PD,2022-10,robbery,947
ILCPD0000,Chicago PD,2023-10,robbery,1190
ILCPD0000,Chicago PD,2024-10,robbery,707
ILCPD0000,Chicago PD,2010-11,robbery,1253
ILCPD0000,Chicago PD,2011-11,robbery,1220
ILCPD0000,Chicago PD,2012-11,robbery,1210
ILCPD0000,Chicago PD,2013-11,robbery,927
ILCPD0000,Chicago PD,2014-11,robbery,795
ILCPD0000,Chicago PD,2015-11,robbery,819
ILCPD0000,Chicago PD,2016-11,robbery,1163
ILCPD0000,Chicago PD,2017-11,robbery,1127
ILCPD0000,Chicago PD,2018-11,robbery,787
ILCPD0000,Chicago PD,2019-11,robbery,666
ILCPD0000,Chicago PD,2020-11,robbery,759
ILCPD0000,Chicago PD,2021-11,robbery,787
ILCPD0000,Chicago PD,2022-11,robbery,832
ILCPD0000,Chicago PD,2023-11,robbery,989
ILCPD0000,Chicago PD,2024-11,robbery,693
ILCPD0000,Chicago PD,2010-12,robbery,1161
ILCPD0000,Chicago PD,2011-12,robbery,1244
ILCPD0000,Chicago PD,2012-12,robbery,1197
ILCPD0000,Chicago PD,2013-12,robbery,1076
ILCPD0000,Chicago PD,2014-12,robbery,965
ILCPD0000,Chicago PD,2015-12,robbery,1040
ILCPD0000,Chicago PD,2016-12,robbery,1089
ILCPD0000,Chicago PD,2017-12,robbery,1076
ILCPD0000,Chicago PD,2018-12,robbery,845
ILCPD0000,Chicago PD,2019-12,robbery,741
ILCPD0000,Chicago PD,2020-12,robbery,570
ILCPD0000,Chicago PD,2021-12,robbery,894
ILCPD0000,Chicago PD,2022-12,robbery,887
ILCPD0000,Chicago PD,2023-12,robbery,976
ILCPD0000,Chicago PD,2024-12,robbery,631
ILCPD0000,Chicago PD,2010-01,homicide,20
ILCPD0000,Chicago PD,2011-01,homicide,28
ILCPD0000,Chicago PD,2012-01,homicide,37
ILCPD0000,Chicago PD,2013-01,homicide,41
ILCPD0000,Chicago PD,2014-01,homicide,21
ILCPD0000,Chicago PD,2015-01,homicide,31
ILCPD0000,Chicago PD,2016-01,homicide,52
ILCPD0000,Chicago PD,2017-01,homicide,52
ILCPD0000,Chicago PD,2018-01,homicide,40
ILCPD0000,Chicago PD,2019-01,homicide,23
ILCPD0000,Chicago PD,2020-01,homicide,35
ILCPD0000,Chicago PD,2021-01,homicide,
ILCPD0000,Chicago PD,2022-01,homicide,47
ILCPD0000,Chicago PD,2023-01,homicide,37
ILCPD0000,Chicago PD,2024-01,homicide,28
ILCPD0000,Chicago PD,2010-02,homicide,23
ILCPD0000,Chicago PD,2011-02,homicide,24
ILCPD0000,Chicago PD,2012-02,homicide,28
ILCPD0000,Chicago PD,2013-02,homicide,13
ILCPD0000,Chicago PD,2014-02,homicide,20
ILCPD0000,Chicago PD,2015-02,homicide,17
ILCPD0000,Chicago PD,2016-02,homicide,46
ILCPD0000,Chicago PD,2017-02,homicide,49
ILCPD0000,Chicago PD,2018-02,homicide,41
ILCPD0000,Chicago PD,2019-02,homicide,24
ILCPD0000,Chicago PD,2020-02,homicide,35
ILCPD0000,Chicago PD,2021-02,homicide,
ILCPD0000,Chicago PD,2022-02,homicide,35
ILCPD0000,Chicago PD,2023-02,homicide,34
ILCPD0000,Chicago PD,2024-02,homicide,29
ILCPD0000,Chicago PD,2010-03,homicide,31
ILCPD0000,Chicago PD,2011-03,homicide,20
ILCPD0000,Chicago PD,2012-03,homicide,52
ILCPD0000,Chicago PD,2013-03,homicide,18
ILCPD0000,Chicago PD,2014-03,homicide,22
ILCPD0000,Chicago PD,2015-03,homicide,35
ILCPD0000,Chicago PD,2016-03,homicide,47
ILCPD0000,Chicago PD,2017-03,homicide,39
ILCPD0000,Chicago PD,2018-03,homicide,29
ILCPD0000,Chicago PD,2019-03,homicide,35
ILCPD0000,Chicago PD,2020-03,homicide,28
ILCPD0000,Chicago PD,2021-03,homicide,
ILCPD0000,Chicago PD,2022-03,homicide,36
ILCPD0000,Chicago PD,2023-03,homicide,28
ILCPD0000,Chicago PD,2024-03,homicide,36
ILCPD0000,Chicago PD,2010-04,homicide,46
ILCPD0000,Chicago PD,2011-04,homicide,30
ILCPD0000,Chicago PD,2012-04,homicide,41
ILCPD0000,Chicago PD,2013-04,homicide,24
ILCPD0000,Chicago PD,2014-04,homicide,35
ILCPD0000,Chicago PD,2015-04,homicide,35
ILCPD0000,Chicago PD,2016-04,homicide,39
ILCPD0000,Chicago PD,2017-04,homicide,48
ILCPD0000,Chicago PD,2018-04,homicide,41
ILCPD0000,Chicago PD,2019-04,homicide,61
ILCPD0000,Chicago PD,2020-04,homicide,58
ILCPD0000,Chicago PD,2021-04,homicide,
ILCPD0000,Chicago PD,2022-04,homicide,49
ILCPD0000,Chicago PD,2023-04,homicide,44
ILCPD0000,Chicago PD,2024-04,homicide,25
ILCPD0000,Chicago PD,2010-05,homicide,44
ILCPD0000,Chicago PD,2011-05,homicide,38
ILCPD0000,Chicago PD,2012-05,homicide,51
ILCPD0000,Chicago PD,2013-05,homicide,45
ILCPD0000,Chicago PD,2014-05,homicide,43
ILCPD0000,Chicago PD,2015-05,homicide,47
ILCPD0000,Chicago PD,2016-05,homicide,65
ILCPD0000,Chicago PD,2017-05,homicide,58
ILCPD0000,Chicago PD,2018-05,homicide,50
ILCPD0000,Chicago PD,2019-05,homicide,53
ILCPD0000,Chicago PD,2020-05,homicide,84
ILCPD0000,Chicago PD,2021-05,homicide,
ILCPD0000,Chicago PD,2022-05,homicide,55
ILCPD0000,Chicago PD,2023-05,homicide,61
ILCPD0000,Chicago PD,2024-05,homicide,45
ILCPD0000,Chicago PD,2010-06,homicide,49
ILCPD0000,Chicago PD,2011-06,homicide,44
ILCPD0000,Chicago PD,2012-06,homicide,45
ILCPD0000,Chicago PD,2013-06,homicide,42
ILCPD0000,Chicago PD,2014-06,homicide,35
ILCPD0000,Chicago PD,2015-06,homicide,48
ILCPD0000,Chicago PD,2016-06,homicide,76
ILCPD0000,Chicago PD,2017-06,homicide,85
ILCPD0000,Chicago PD,2018-06,homicide,56
ILCPD0000,Chicago PD,2019-06,homicide,50
ILCPD0000,Chicago PD,2020-06,homicide,98
ILCPD0000,Chicago PD,2021-06,homicide,0
ILCPD0000,Chicago PD,2022-06,homicide,54
ILCPD0000,Chicago PD,2023-06,homicide,56
ILCPD0000,Chicago PD,2024-06,homicide,56
ILCPD0000,Chicago PD,2010-07,homicide,43
ILCPD0000,Chicago PD,2011-07,homicide,56
ILCPD0000,Chicago PD,2012-07,homicide,49
ILCPD0000,Chicago PD,2013-07,homicide,48
ILCPD0000,Chicago PD,2014-07,homicide,40
ILCPD0000,Chicago PD,2015-07,homicide,54
ILCPD0000,Chicago PD,2016-07,homicide,67
ILCPD0000,Chicago PD,2017-07,homicide,77
ILCPD0000,Chicago PD,2018-07,homicide,64
ILCPD0000,Chicago PD,2019-07,homicide,44
ILCPD0000,Chicago PD,2020-07,homicide,107
ILCPD0000,Chicago PD,2021-07,homicide,81
ILCPD0000,Chicago PD,2022-07,homicide,60
ILCPD0000,Chicago PD,2023-07,homicide,50
ILCPD0000,Chicago PD,2024-07,homicide,48
ILCPD0000,Chicago PD,2010-08,homicide,57
ILCPD0000,Chicago PD,2011-08,homicide,36
ILCPD0000,Chicago PD,2012-08,homicide,55
ILCPD0000,Chicago PD,2013-08,homicide,52
ILCPD0000,Chicago PD,2014-08,homicide,50
ILCPD0000,Chicago PD,2015-08,homicide,55
ILCPD0000,Chicago PD,2016-08,homicide,95
ILCPD0000,Chicago PD,2017-08,homicide,52
ILCPD0000,Chicago PD,2018-08,homicide,59
ILCPD0000,Chicago PD,2019-08,homicide,49
ILCPD0000,Chicago PD,2020-08,homicide,64
ILCPD0000,Chicago PD,2021-08,homicide,59
ILCPD0000,Chicago PD,2022-08,homicide,60
ILCPD0000,Chicago PD,2023-08,homicide,44
ILCPD0000,Chicago PD,2024-08,homicide,45
ILCPD0000,Chicago PD,2010-09,homicide,30
ILCPD0000,Chicago PD,2011-09,homicide,38
ILCPD0000,Chicago PD,2012-09,homicide,43
ILCPD0000,Chicago PD,2013-09,homicide,41
ILCPD0000,Chicago PD,2014-09,homicide,42
ILCPD0000,Chicago PD,2015-09,homicide,58
ILCPD0000,Chicago PD,2016-09,homicide,64
ILCPD0000,Chicago PD,2017-09,homicide,59
ILCPD0000,Chicago PD,2018-09,homicide,50
ILCPD0000,Chicago PD,2019-09,homicide,53
ILCPD0000,Chicago PD,2020-09,homicide,82
ILCPD0000,Chicago PD,2021-09,homicide,77
ILCPD0000,Chicago PD,2022-09,homicide,61
ILCPD0000,Chicago PD,2023-09,homicide,33
ILCPD0000,Chicago PD,2024-09,homicide,35
ILCPD0000,Chicago PD,2010-10,homicide,34
ILCPD0000,Chicago PD,2011-10,homicide,48
ILCPD0000,Chicago PD,2012-10,homicide,39
ILCPD0000,Chicago PD,2013-10,homicide,31
ILCPD0000,Chicago PD,2014-10,homicide,33
ILCPD0000,Chicago PD,2015-10,homicide,30
ILCPD0000,Chicago PD,2016-10,homicide,80
ILCPD0000,Chicago PD,2017-10,homicide,58
ILCPD0000,Chicago PD,2018-10,homicide,49
ILCPD0000,Chicago PD,2019-10,homicide,39
ILCPD0000,Chicago PD,2020-10,homicide,69
ILCPD0000,Chicago PD,2021-10,homicide,55
ILCPD0000,Chicago PD,2022-10,homicide,53
ILCPD0000,Chicago PD,2023-10,homicide,41
ILCPD0000,Chicago PD,2024-10,homicide,48
ILCPD0000,Chicago PD,2010-11,homicide,31
ILCPD0000,Chicago PD,2011-11,homicide,34
ILCPD0000,Chicago PD,2012-11,homicide,37
ILCPD0000,Chicago PD,2013-11,homicide,26
ILCPD0000,Chicago PD,2014-11,homicide,36
ILCPD0000,Chicago PD,2015-11,homicide,38
ILCPD0000,Chicago PD,2016-11,homicide,78
ILCPD0000,Chicago PD,2017-11,homicide,36
ILCPD0000,Chicago PD,2018-11,homicide,45
ILCPD0000,Chicago PD,2019-11,homicide,33
ILCPD0000,Chicago PD,2020-11,homicide,60
ILCPD0000,Chicago PD,2021-11,homicide,49
ILCPD0000,Chicago PD,2022-11,homicide,45
ILCPD0000,Chicago PD,2023-11,homicide,44
ILCPD0000,Chicago PD,2024-11,homicide,33
ILCPD0000,Chicago PD,2010-12,homicide,24
ILCPD0000,Chicago PD,2011-12,homicide,35
ILCPD0000,Chicago PD,2012-12,homicide,23
ILCPD0000,Chicago PD,2013-12,homicide,35
ILCPD0000,Chicago PD,2014-12,homicide,38
ILCPD0000,Chicago PD,2015-12,homicide,33
ILCPD0000,Chicago PD,2016-12,homicide,59
ILCPD0000,Chicago PD,2017-12,homicide,40
ILCPD0000,Chicago PD,2018-12,homicide,43
ILCPD0000,Chicago PD,2019-12,homicide,31
ILCPD0000,Chicago PD,2020-12,homicide,51
ILCPD0000,Chicago PD,2021-12,homicide,49
ILCPD0000,Chicago PD,2022-12,homicide,49
ILCPD0000,Chicago PD,2023-12,homicide,27
ILCPD0000,Chicago PD,2024-12,homicide,33
PAPEP0000,Philadelphia PD,2010-01,aggravated-assault,637
PAPEP0000,Philadelphia PD,2011-01,aggravated-assault,624
PAPEP0000,Philadelphia PD,2012-01,aggravated-assault,670
PAPEP0000,Philadelphia PD,2013-01,aggravated-assault,588
PAPEP0000,Philadelphia PD,2014-01,aggravated-assault,484
PAPEP0000,Philadelphia PD,2015-01,aggravated-assault,487
PAPEP0000,Philadelphia PD,2016-01,aggravated-assault,527
PAPEP0000,Philadelphia PD,2017-01,aggravated-assault,591
PAPEP0000,Philadelphia PD,2018-01,aggravated-assault,611
PAPEP0000,Philadelphia PD,2019-01,aggravated-assault,589
PAPEP0000,Philadelphia PD,2020-01,aggravated-assault,635
PAPEP0000,Philadelphia PD,2021-01,aggravated-assault,725
PAPEP0000,Philadelphia PD,2022-01,aggravated-assault,655
PAPEP0000,Philadelphia PD,2023-01,aggravated-assault,689
PAPEP0000,Philadelphia PD,2024-01,aggravated-assault,673
PAPEP0000,Philadelphia PD,2010-02,aggravated-assault,514
PAPEP0000,Philadelphia PD,2011-02,aggravated-assault,545
PAPEP0000,Philadelphia PD,2012-02,aggravated-assault,622
PAPEP0000,Philadelphia PD,2013-02,aggravated-assault,507
PAPEP0000,Philadelphia PD,2014-02,aggravated-assault,466
PAPEP0000,Philadelphia PD,2015-02,aggravated-assault,482
PAPEP0000,Philadelphia PD,2016-02,aggravated-assault,446
PAPEP0000,Philadelphia PD,2017-02,aggravated-assault,527
PAPEP0000,Philadelphia PD,2018-02,aggravated-assault,536
PAPEP0000,Philadelphia PD,2019-02,aggravated-assault,534
PAPEP0000,Philadelphia PD,2020-02,aggravated-assault,661
PAPEP0000,Philadelphia PD,2021-02,aggravated-assault,552
PAPEP0000,Philadelphia PD,2022-02,aggravated-assault,655
PAPEP0000,Philadelphia PD,2023-02,aggravated-assault,675
PAPEP0000,Philadelphia PD,2024-02,aggravated-assault,620
PAPEP0000,Philadelphia PD,2010-03,aggravated-assault,721
PAPEP0000,Philadelphia PD,2011-03,aggravated-assault,735
PAPEP0000,Philadelphia PD,2012-03,aggravated-assault,704
PAPEP0000,Philadelphia PD,2013-03,aggravated-assault,698
PAPEP0000,Philadelphia PD,2014-03,aggravated-assault,626
PAPEP0000,Philadelphia PD,2015-03,aggravated-assault,556
PAPEP0000,Philadelphia PD,2016-03,aggravated-assault,650
PAPEP0000,Philadelphia PD,2017-03,aggravated-assault,561
PAPEP0000,Philadelphia PD,2018-03,aggravated-assault,524
PAPEP0000,Philadelphia PD,2019-03,aggravated-assault,613
PAPEP0000,Philadelphia PD,2020-03,aggravated-assault,697
PAPEP0000,Philadelphia PD,2021-03,aggravated-assault,752
PAPEP0000,Philadelphia PD,2022-03,aggravated-assault,790
PAPEP0000,Philadelphia PD,2023-03,aggravated-assault,701
PAPEP0000,Philadelphia PD,2024-03,aggravated-assault,697
PAPEP0000,Philadelphia PD,2010-04,aggravated-assault,816
PAPEP0000,Philadelphia PD,2011-04,aggravated-assault,860
PAPEP0000,Philadelphia PD,2012-04,aggravated-assault,726
PAPEP0000,Philadelphia PD,2013-04,aggravated-assault,698
PAPEP0000,Philadelphia PD,2014-04,aggravated-assault,593
PAPEP0000,Philadelphia PD,2015-04,aggravated-assault,681
PAPEP0000,Philadelphia PD,2016-04,aggravated-assault,607
PAPEP0000,Philadelphia PD,2017-04,aggravated-assault,615
PAPEP0000,Philadelphia PD,2018-04,aggravated-assault,676
PAPEP0000,Philadelphia PD,2019-04,aggravated-assault,634
PAPEP0000,Philadelphia PD,2020-04,aggravated-assault,590
PAPEP0000,Philadelphia PD,2021-04,aggravated-assault,772
PAPEP0000,Philadelphia PD,2022-04,aggravated-assault,791
PAPEP0000,Philadelphia PD,2023-04,aggravated-assault,762
PAPEP0000,Philadelphia PD,2024-04,aggravated-assault,762
PAPEP0000,Philadelphia PD,2010-05,aggravated-assault,859
PAPEP0000,Philadelphia PD,2011-05,aggravated-assault,817
PAPEP0000,Philadelphia PD,2012-05,aggravated-assault,804
PAPEP0000,Philadelphia PD,2013-05,aggravated-assault,729
PAPEP0000,Philadelphia PD,2014-05,aggravated-assault,762
PAPEP0000,Philadelphia PD,2015-05,aggravated-assault,803
PAPEP0000,Philadelphia PD,2016-05,aggravated-assault,724
PAPEP0000,Philadelphia PD,2017-05,aggravated-assault,697
PAPEP0000,Philadelphia PD,2018-05,aggravated-assault,719
PAPEP0000,Philadelphia PD,2019-05,aggravated-assault,801
PAPEP0000,Philadelphia PD,2020-05,aggravated-assault,772
PAPEP0000,Philadelphia PD,2021-05,aggravated-assault,855
PAPEP0000,Philadelphia PD,2022-05,aggravated-assault,848
PAPEP0000,Philadelphia PD,2023-05,aggravated-assault,876
PAPEP0000,Philadelphia PD,2024-05,aggravated-assault,849
PAPEP0000,Philadelphia PD,2010-06,aggravated-assault,803
PAPEP0000,Philadelphia PD,2011-06,aggravated-assault,814
PAPEP0000,Philadelphia PD,2012-06,aggravated-assault,827
PAPEP0000,Philadelphia PD,2013-06,aggravated-assault,735
PAPEP0000,Philadelphia PD,2014-06,aggravated-assault,744
PAPEP0000,Philadelphia PD,2015-06,aggravated-assault,732
PAPEP0000,Philadelphia PD,2016-06,aggravated-assault,768
PAPEP0000,Philadelphia PD,2017-06,aggravated-assault,747
PAPEP0000,Philadelphia PD,2018-06,aggravated-assault,725
PAPEP0000,Philadelphia PD,2019-06,aggravated-assault,820
PAPEP0000,Philadelphia PD,2020-06,aggravated-assault,822
PAPEP0000,Philadelphia PD,2021-06,aggravated-assault,863
PAPEP0000,Philadelphia PD,2022-06,aggravated-assault,884
PAPEP0000,Philadelphia PD,2023-06,aggravated-assault,783
PAPEP0000,Philadelphia PD,2024-06,aggravated-assault,789
PAPEP0000,Philadelphia PD,2010-07,aggravated-assault,841
PAPEP0000,Philadelphia PD,2011-07,aggravated-assault,870
PAPEP0000,Philadelphia PD,2012-07,aggravated-assault,868
PAPEP0000,Philadelphia PD,2013-07,aggravated-assault,718
PAPEP0000,Philadelphia PD,2014-07,aggravated-assault,694
PAPEP0000,Philadelphia PD,2015-07,aggravated-assault,745
PAPEP0000,Philadelphia PD,2016-07,aggravated-assault,707
PAPEP0000,Philadelphia PD,2017-07,aggravated-assault,734
PAPEP0000,Philadelphia PD,2018-07,aggravated-assault,683
PAPEP0000,Philadelphia PD,2019-07,aggravated-assault,0
PAPEP0000,Philadelphia PD,2020-07,aggravated-assault,844
PAPEP0000,Philadelphia PD,2021-07,aggravated-assault,904
PAPEP0000,Philadelphia PD,2022-07,aggravated-assault,824
PAPEP0000,Philadelphia PD,2023-07,aggravated-assault,864
PAPEP0000,Philadelphia PD,2024-07,aggravated-assault,826
PAPEP0000,Philadelphia PD,2010-08,aggravated-assault,812
PAPEP0000,Philadelphia PD,2011-08,aggravated-assault,752
PAPEP0000,Philadelphia PD,2012-08,aggravated-assault,824
PAPEP0000,Philadelphia PD,2013-08,aggravated-assault,743
PAPEP0000,Philadelphia PD,2014-08,aggravated-assault,729
PAPEP0000,Philadelphia PD,2015-08,aggravated-assault,766
PAPEP0000,Philadelphia PD,2016-08,aggravated-assault,730
PAPEP0000,Philadelphia PD,2017-08,aggravated-assault,487
PAPEP0000,Philadelphia PD,2018-08,aggravated-assault,712
PAPEP0000,Philadelphia PD,2019-08,aggravated-assault,700
PAPEP0000,Philadelphia PD,2020-08,aggravated-assault,1005
PAPEP0000,Philadelphia PD,2021-08,aggravated-assault,888
PAPEP0000,Philadelphia PD,2022-08,aggravated-assault,808
PAPEP0000,Philadelphia PD,2023-08,aggravated-assault,815
PAPEP0000,Philadelphia PD,2024-08,aggravated-assault,830
PAPEP0000,Philadelphia PD,2010-09,aggravated-assault,837
PAPEP0000,Philadelphia PD,2011-09,aggravated-assault,818
PAPEP0000,Philadelphia PD,2012-09,aggravated-assault,739
PAPEP0000,Philadelphia PD,2013-09,aggravated-assault,712
PAPEP0000,Philadelphia PD,2014-09,aggravated-assault,650
PAPEP0000,Philadelphia PD,2015-09,aggravated-assault,729
PAPEP0000,Philadelphia PD,2016-09,aggravated-assault,661
PAPEP0000,Philadelphia PD,2017-09,aggravated-assault,687
PAPEP0000,Philadelphia PD,2018-09,aggravated-assault,661
PAPEP0000,Philadelphia PD,2019-09,aggravated-assault,703
PAPEP0000,Philadelphia PD,2020-09,aggravated-assault,924
PAPEP0000,Philadelphia PD,2021-09,aggravated-assault,875
PAPEP0000,Philadelphia PD,2022-09,aggravated-assault,766
PAPEP0000,Philadelphia PD,2023-09,aggravated-assault,732
PAPEP0000,Philadelphia PD,2024-09,aggravated-assault,794
PAPEP0000,Philadelphia PD,2010-10,aggravated-assault,735
PAPEP0000,Philadelphia PD,2011-10,aggravated-assault,728
PAPEP0000,Philadelphia PD,2012-10,aggravated-assault,672
PAPEP0000,Philadelphia PD,2013-10,aggravated-assault,664
PAPEP0000,Philadelphia PD,2014-10,aggravated-assault,636
PAPEP0000,Philadelphia PD,2015-10,aggravated-assault,611
PAPEP0000,Philadelphia PD,2016-10,aggravated-assault,653
PAPEP0000,Philadelphia PD,2017-10,aggravated-assault,629
PAPEP0000,Philadelphia PD,2018-10,aggravated-assault,697
PAPEP0000,Philadelphia PD,2019-10,aggravated-assault,764
PAPEP0000,Philadelphia PD,2020-10,aggravated-assault,966
PAPEP0000,Philadelphia PD,2021-10,aggravated-assault,815
PAPEP0000,Philadelphia PD,2022-10,aggravated-assault,746
PAPEP0000,Philadelphia PD,2023-10,aggravated-assault,745
PAPEP0000,Philadelphia PD,2024-10,aggravated-assault,752
PAPEP0000,Philadelphia PD,2010-11,aggravated-assault,710
PAPEP0000,Philadelphia PD,2011-11,aggravated-assault,653
PAPEP0000,Philadelphia PD,2012-11,aggravated-assault,603
PAPEP0000,Philadelphia PD,2013-11,aggravated-assault,619
PAPEP0000,Philadelphia PD,2014-11,aggravated-assault,567
PAPEP0000,Philadelphia PD,2015-11,aggravated-assault,575
PAPEP0000,Philadelphia PD,2016-11,aggravated-assault,636
PAPEP0000,Philadelphia PD,2017-11,aggravated-assault,600
PAPEP0000,Philadelphia PD,2018-11,aggravated-assault,585
PAPEP0000,Philadelphia PD,2019-11,aggravated-assault,624
PAPEP0000,Philadelphia PD,2020-11,aggravated-assault,792
PAPEP0000,Philadelphia PD,2021-11,aggravated-assault,687
PAPEP0000,Philadelphia PD,2022-11,aggravated-assault,737
PAPEP0000,Philadelphia PD,2023-11,aggravated-assault,684
PAPEP0000,Philadelphia PD,2024-11,aggravated-assault,726
PAPEP0000,Philadelphia PD,2010-12,aggravated-assault,636
PAPEP0000,Philadelphia PD,2011-12,aggravated-assault,649
PAPEP0000,Philadelphia PD,2012-12,aggravated-assault,599
PAPEP0000,Philadelphia PD,2013-12,aggravated-assault,575
PAPEP0000,Philadelphia PD,2014-12,aggravated-assault,549
PAPEP0000,Philadelphia PD,2015-12,aggravated-assault,599
PAPEP0000,Philadelphia PD,2016-12,aggravated-assault,545
PAPEP0000,Philadelphia PD,2017-12,aggravated-assault,531
PAPEP0000,Philadelphia PD,2018-12,aggravated-assault,583
PAPEP0000,Philadelphia PD,2019-12,aggravated-assault,716
PAPEP0000,Philadelphia PD,2020-12,aggravated-assault,686
PAPEP0000,Philadelphia PD,2021-12,aggravated-assault,709
PAPEP0000,Philadelphia PD,2022-12,aggravated-assault,690
PAPEP0000,Philadelphia PD,2023-12,aggravated-assault,639
PAPEP0000,Philadelphia PD,2024-12,aggravated-assault,605
PAPEP0000,Philadelphia PD,2010-01,robbery,696
PAPEP0000,Philadelphia PD,2011-01,robbery,605
PAPEP0000,Philadelphia PD,2012-01,robbery,681
PAPEP0000,Philadelphia PD,2013-01,robbery,594
PAPEP0000,Philadelphia PD,2014-01,robbery,625
PAPEP0000,Philadelphia PD,2015-01,robbery,612
PAPEP0000,Philadelphia PD,2016-01,robbery,527
PAPEP0000,Philadelphia PD,2017-01,robbery,582
PAPEP0000,Philadelphia PD,2018-01,robbery,478
PAPEP0000,Philadelphia PD,2019-01,robbery,420
PAPEP0000,Philadelphia PD,2020-01,robbery,508
PAPEP0000,Philadelphia PD,2021-01,robbery,492
PAPEP0000,Philadelphia PD,2022-01,robbery,560
PAPEP0000,Philadelphia PD,2023-01,robbery,517
PAPEP0000,Philadelphia PD,2024-01,robbery,393
PAPEP0000,Philadelphia PD,2010-02,robbery,462
PAPEP0000,Philadelphia PD,2011-02,robbery,517
PAPEP0000,Philadelphia PD,2012-02,robbery,543
PAPEP0000,Philadelphia PD,2013-02,robbery,503
PAPEP0000,Philadelphia PD,2014-02,robbery,448
PAPEP0000,Philadelphia PD,2015-02,robbery,406
PAPEP0000,Philadelphia PD,2016-02,robbery,418
PAPEP0000,Philadelphia PD,2017-02,robbery,474
PAPEP0000,Philadelphia PD,2018-02,robbery,392
PAPEP0000,Philadelphia PD,2019-02,robbery,375
PAPEP0000,Philadelphia PD,2020-02,robbery,445
PAPEP0000,Philadelphia PD,2021-02,robbery,310
PAPEP0000,Philadelphia PD,2022-02,robbery,421
PAPEP0000,Philadelphia PD,2023-02,robbery,384
PAPEP0000,Philadelphia PD,2024-02,robbery,315
PAPEP0000,Philadelphia PD,2010-03,robbery,605
PAPEP0000,Philadelphia PD,2011-03,robbery,576
PAPEP0000,Philadelphia PD,2012-03,robbery,571
PAPEP0000,Philadelphia PD,2013-03,robbery,574
PAPEP0000,Philadelphia PD,2014-03,robbery,474
PAPEP0000,Philadelphia PD,2015-03,robbery,458
PAPEP0000,Philadelphia PD,2016-03,robbery,432
PAPEP0000,Philadelphia PD,2017-03,robbery,409
PAPEP0000,Philadelphia PD,2018-03,robbery,363
PAPEP0000,Philadelphia PD,2019-03,robbery,418
PAPEP0000,Philadelphia PD,2020-03,robbery,384
PAPEP0000,Philadelphia PD,2021-03,robbery,313
PAPEP0000,Philadelphia PD,2022-03,robbery,395
PAPEP0000,Philadelphia PD,2023-03,robbery,394
PAPEP0000,Philadelphia PD,2024-03,robbery,276
PAPEP0000,Philadelphia PD,2010-04,robbery,682
PAPEP0000,Philadelphia PD,2011-04,robbery,637
PAPEP0000,Philadelphia PD,2012-04,robbery,629
PAPEP0000,Philadelphia PD,2013-04,robbery,579
PAPEP0000,Philadelphia PD,2014-04,robbery,548
PAPEP0000,Philadelphia PD,2015-04,robbery,489
PAPEP0000,Philadelphia PD,2016-04,robbery,479
PAPEP0000,Philadelphia PD,2017-04,robbery,450
PAPEP0000,Philadelphia PD,2018-04,robbery,356
PAPEP0000,Philadelphia PD,2019-04,robbery,450
PAPEP0000,Philadelphia PD,2020-04,robbery,380
PAPEP0000,Philadelphia PD,2021-04,robbery,291
PAPEP0000,Philadelphia PD,2022-04,robbery,434
PAPEP0000,Philadelphia PD,2023-04,robbery,377
PAPEP0000,Philadelphia PD,2024-04,robbery,353
PAPEP0000,Philadelphia PD,2010-05,robbery,701
PAPEP0000,Philadelphia PD,2011-05,robbery,729
PAPEP0000,Philadelphia PD,2012-05,robbery,649
PAPEP0000,Philadelphia PD,2013-05,robbery,656
PAPEP0000,Philadelphia PD,2014-05,robbery,606
PAPEP0000,Philadelphia PD,2015-05,robbery,597
PAPEP0000,Philadelphia PD,2016-05,robbery,538
PAPEP0000,Philadelphia PD,2017-05,robbery,480
PAPEP0000,Philadelphia PD,2018-05,robbery,463
PAPEP0000,Philadelphia PD,2019-05,robbery,451
PAPEP0000,Philadelphia PD,2020-05,robbery,335
PAPEP0000,Philadelphia PD,2021-05,robbery,359
PAPEP0000,Philadelphia PD,2022-05,robbery,511
PAPEP0000,Philadelphia PD,2023-05,robbery,500
PAPEP0000,Philadelphia PD,2024-05,robbery,351
PAPEP0000,Philadelphia PD,2010-06,robbery,638
PAPEP0000,Philadelphia PD,2011-06,robbery,709
PAPEP0000,Philadelphia PD,2012-06,robbery,621
PAPEP0000,Philadelphia PD,2013-06,robbery,616
PAPEP0000,Philadelphia PD,2014-06,robbery,593
PAPEP0000,Philadelphia PD,2015-06,robbery,551
PAPEP0000,Philadelphia PD,2016-06,robbery,502
PAPEP0000,Philadelphia PD,2017-06,robbery,483
PAPEP0000,Philadelphia PD,2018-06,robbery,429
PAPEP0000,Philadelphia PD,2019-06,robbery,462
PAPEP0000,Philadelphia PD,2020-06,robbery,329
PAPEP0000,Philadelphia PD,2021-06,robbery,309
PAPEP0000,Philadelphia PD,2022-06,robbery,557
PAPEP0000,Philadelphia PD,2023-06,robbery,462
PAPEP0000,Philadelphia PD,2024-06,robbery,333
PAPEP0000,Philadelphia PD,2010-07,robbery,793
PAPEP0000,Philadelphia PD,2011-07,robbery,700
PAPEP0000,Philadelphia PD,2012-07,robbery,743
PAPEP0000,Philadelphia PD,2013-07,robbery,586
PAPEP0000,Philadelphia PD,2014-07,robbery,625
PAPEP0000,Philadelphia PD,2015-07,robbery,600
PAPEP0000,Philadelphia PD,2016-07,robbery,544
PAPEP0000,Philadelphia PD,2017-07,robbery,488
PAPEP0000,Philadelphia PD,2018-07,robbery,469
PAPEP0000,Philadelphia PD,2019-07,robbery,0
PAPEP0000,Philadelphia PD,2020-07,robbery,256
PAPEP0000,Philadelphia PD,2021-07,robbery,334
PAPEP0000,Philadelphia PD,2022-07,robbery,559
PAPEP0000,Philadelphia PD,2023-07,robbery,496
PAPEP0000,Philadelphia PD,2024-07,robbery,392
PAPEP0000,Philadelphia PD,2010-08,robbery,797
PAPEP0000,Philadelphia PD,2011-08,robbery,737
PAPEP0000,Philadelphia PD,2012-08,robbery,756
PAPEP0000,Philadelphia PD,2013-08,robbery,712
PAPEP0000,Philadelphia PD,2014-08,robbery,559
PAPEP0000,Philadelphia PD,2015-08,robbery,623
PAPEP0000,Philadelphia PD,2016-08,robbery,574
PAPEP0000,Philadelphia PD,2017-08,robbery,537
PAPEP0000,Philadelphia PD,2018-08,robbery,484
PAPEP0000,Philadelphia PD,2019-08,robbery,531
PAPEP0000,Philadelphia PD,2020-08,robbery,354
PAPEP0000,Philadelphia PD,2021-08,robbery,394
PAPEP0000,Philadelphia PD,2022-08,robbery,482
PAPEP0000,Philadelphia PD,2023-08,robbery,431
PAPEP0000,Philadelphia PD,2024-08,robbery,399
PAPEP0000,Philadelphia PD,2010-09,robbery,723
PAPEP0000,Philadelphia PD,2011-09,robbery,769
PAPEP0000,Philadelphia PD,2012-09,robbery,769
PAPEP0000,Philadelphia PD,2013-09,robbery,674
PAPEP0000,Philadelphia PD,2014-09,robbery,577
PAPEP0000,Philadelphia PD,2015-09,robbery,660
PAPEP0000,Philadelphia PD,2016-09,robbery,519
PAPEP0000,Philadelphia PD,2017-09,robbery,503
PAPEP0000,Philadelphia PD,2018-09,robbery,435
PAPEP0000,Philadelphia PD,2019-09,robbery,521
PAPEP0000,Philadelphia PD,2020-09,robbery,364
PAPEP0000,Philadelphia PD,2021-09,robbery,425
PAPEP0000,Philadelphia PD,2022-09,robbery,494
PAPEP0000,Philadelphia PD,2023-09,robbery,441
PAPEP0000,Philadelphia PD,2024-09,robbery,404
PAPEP0000,Philadelphia PD,2010-10,robbery,813
PAPEP0000,Philadelphia PD,2011-10,robbery,728
PAPEP0000,Philadelphia PD,2012-10,robbery,728
PAPEP0000,Philadelphia PD,2013-10,robbery,730
PAPEP0000,Philadelphia PD,2014-10,robbery,642
PAPEP0000,Philadelphia PD,2015-10,robbery,635
PAPEP0000,Philadelphia PD,2016-10,robbery,568
PAPEP0000,Philadelphia PD,2017-10,robbery,556
PAPEP0000,Philadelphia PD,2018-10,robbery,514
PAPEP0000,Philadelphia PD,2019-10,robbery,566
PAPEP0000,Philadelphia PD,2020-10,robbery,490
PAPEP0000,Philadelphia PD,2021-10,robbery,536
PAPEP0000,Philadelphia PD,2022-10,robbery,497
PAPEP0000,Philadelphia PD,2023-10,robbery,460
PAPEP0000,Philadelphia PD,2024-10,robbery,374
PAPEP0000,Philadelphia PD,2010-11,robbery,780
PAPEP0000,Philadelphia PD,2011-11,robbery,767
PAPEP0000,Philadelphia PD,2012-11,robbery,660
PAPEP0000,Philadelphia PD,2013-11,robbery,731
PAPEP0000,Philadelphia PD,2014-11,robbery,586
PAPEP0000,Philadelphia PD,2015-11,robbery,582
PAPEP0000,Philadelphia PD,2016-11,robbery,556
PAPEP0000,Philadelphia PD,2017-11,robbery,554
PAPEP0000,Philadelphia PD,2018-11,robbery,431
PAPEP0000,Philadelphia PD,2019-11,robbery,473
PAPEP0000,Philadelphia PD,2020-11,robbery,426
PAPEP0000,Philadelphia PD,2021-11,robbery,530
PAPEP0000,Philadelphia PD,2022-11,robbery,471
PAPEP0000,Philadelphia PD,2023-11,robbery,393
PAPEP0000,Philadelphia PD,2024-11,robbery,350
PAPEP0000,Philadelphia PD,2010-12,robbery,673
PAPEP0000,Philadelphia PD,2011-12,robbery,772
PAPEP0000,Philadelphia PD,2012-12,robbery,634
PAPEP0000,Philadelphia PD,2013-12,robbery,607
PAPEP0000,Philadelphia PD,2014-12,robbery,687
PAPEP0000,Philadelphia PD,2015-12,robbery,552
PAPEP0000,Philadelphia PD,2016-12,robbery,542
PAPEP0000,Philadelphia PD,2017-12,robbery,510
PAPEP0000,Philadelphia PD,2018-12,robbery,448
PAPEP0000,Philadelphia PD,2019-12,robbery,508
PAPEP0000,Philadelphia PD,2020-12,robbery,443
PAPEP0000,Philadelphia PD,2021-12,robbery,631
PAPEP0000,Philadelphia PD,2022-12,robbery,427
PAPEP0000,Philadelphia PD,2023-12,robbery,360
PAPEP0000,Philadelphia PD,2024-12,robbery,319
PAPEP0000,Philadelphia PD,2010-01,homicide,21
PAPEP0000,Philadelphia PD,2011-01,homicide,33
PAPEP0000,Philadelphia PD,2012-01,homicide,33
PAPEP0000,Philadelphia PD,2013-01,homicide,18
PAPEP0000,Philadelphia PD,2014-01,homicide,26
PAPEP0000,Philadelphia PD,2015-01,homicide,27
PAPEP0000,Philadelphia PD,2016-01,homicide,18
PAPEP0000,Philadelphia PD,2017-01,homicide,30
PAPEP0000,Philadelphia PD,2018-01,homicide,18
PAPEP0000,Philadelphia PD,2019-01,homicide,26
PAPEP0000,Philadelphia PD,2020-01,homicide,38
PAPEP0000,Philadelphia PD,2021-01,homicide,49
PAPEP0000,Philadelphia PD,2022-01,homicide,45
PAPEP0000,Philadelphia PD,2023-01,homicide,34
PAPEP0000,Philadelphia PD,2024-01,homicide,26
PAPEP0000,Philadelphia PD,2010-02,homicide,18
PAPEP0000,Philadelphia PD,2011-02,homicide,28
PAPEP0000,Philadelphia PD,2012-02,homicide,21
PAPEP0000,Philadelphia PD,2013-02,homicide,14
PAPEP0000,Philadelphia PD,2014-02,homicide,19
PAPEP0000,Philadelphia PD,2015-02,homicide,13
PAPEP0000,Philadelphia PD,2016-02,homicide,16
PAPEP0000,Philadelphia PD,2017-02,homicide,18
PAPEP0000,Philadelphia PD,2018-02,homicide,26
PAPEP0000,Philadelphia PD,2019-02,homicide,21
PAPEP0000,Philadelphia PD,2020-02,homicide,22
PAPEP0000,Philadelphia PD,2021-02,homicide,27
PAPEP0000,Philadelphia PD,2022-02,homicide,38
PAPEP0000,Philadelphia PD,2023-02,homicide,31
PAPEP0000,Philadelphia PD,2024-02,homicide,26
PAPEP0000,Philadelphia PD,2010-03,homicide,31
PAPEP0000,Philadelphia PD,2011-03,homicide,22
PAPEP0000,Philadelphia PD,2012-03,homicide,35
PAPEP0000,Philadelphia PD,2013-03,homicide,21
PAPEP0000,Philadelphia PD,2014-03,homicide,17
PAPEP0000,Philadelphia PD,2015-03,homicide,22
PAPEP0000,Philadelphia PD,2016-03,homicide,27
PAPEP0000,Philadelphia PD,2017-03,homicide,24
PAPEP0000,Philadelphia PD,2018-03,homicide,27
PAPEP0000,Philadelphia PD,2019-03,homicide,32
PAPEP0000,Philadelphia PD,2020-03,homicide,36
PAPEP0000,Philadelphia PD,2021-03,homicide,43
PAPEP0000,Philadelphia PD,2022-03,homicide,40
PAPEP0000,Philadelphia PD,2023-03,homicide,38
PAPEP0000,Philadelphia PD,2024-03,homicide,19
PAPEP0000,Philadelphia PD,2010-04,homicide,22
PAPEP0000,Philadelphia PD,2011-04,homicide,21
PAPEP0000,Philadelphia PD,2012-04,homicide,22
PAPEP0000,Philadelphia PD,2013-04,homicide,28
PAPEP0000,Philadelphia PD,2014-04,homicide,9
PAPEP0000,Philadelphia PD,2015-04,homicide,6
PAPEP0000,Philadelphia PD,2016-04,homicide,26
PAPEP0000,Philadelphia PD,2017-04,homicide,31
PAPEP0000,Philadelphia PD,2018-04,homicide,18
PAPEP0000,Philadelphia PD,2019-04,homicide,24
PAPEP0000,Philadelphia PD,2020-04,homicide,26
PAPEP0000,Philadelphia PD,2021-04,homicide,51
PAPEP0000,Philadelphia PD,2022-04,homicide,34
PAPEP0000,Philadelphia PD,2023-04,homicide,29
PAPEP0000,Philadelphia PD,2024-04,homicide,18
PAPEP0000,Philadelphia PD,2010-05,homicide,25
PAPEP0000,Philadelphia PD,2011-05,homicide,26
PAPEP0000,Philadelphia PD,2012-05,homicide,39
PAPEP0000,Philadelphia PD,2013-05,homicide,20
PAPEP0000,Philadelphia PD,2014-05,homicide,24
PAPEP0000,Philadelphia PD,2015-05,homicide,29
PAPEP0000,Philadelphia PD,2016-05,homicide,14
PAPEP0000,Philadelphia PD,2017-05,homicide,23
PAPEP0000,Philadelphia PD,2018-05,homicide,33
PAPEP0000,Philadelphia PD,2019-05,homicide,29
PAPEP0000,Philadelphia PD,2020-05,homicide,33
PAPEP0000,Philadelphia PD,2021-05,homicide,46
PAPEP0000,Philadelphia PD,2022-05,homicide,56
PAPEP0000,Philadelphia PD,2023-05,homicide,42
PAPEP0000,Philadelphia PD,2024-05,homicide,24
PAPEP0000,Philadelphia PD,2010-06,homicide,29
PAPEP0000,Philadelphia PD,2011-06,homicide,28
PAPEP0000,Philadelphia PD,2012-06,homicide,34
PAPEP0000,Philadelphia PD,2013-06,homicide,15
PAPEP0000,Philadelphia PD,2014-06,homicide,20
PAPEP0000,Philadelphia PD,2015-06,homicide,18
PAPEP0000,Philadelphia PD,2016-06,homicide,21
PAPEP0000,Philadelphia PD,2017-06,homicide,30
PAPEP0000,Philadelphia PD,2018-06,homicide,26
PAPEP0000,Philadelphia PD,2019-06,homicide,31
PAPEP0000,Philadelphia PD,2020-06,homicide,44
PAPEP0000,Philadelphia PD,2021-06,homicide,57
PAPEP0000,Philadelphia PD,2022-06,homicide,53
PAPEP0000,Philadelphia PD,2023-06,homicide,32
PAPEP0000,Philadelphia PD,2024-06,homicide,24
PAPEP0000,Philadelphia PD,2010-07,homicide,32
PAPEP0000,Philadelphia PD,2011-07,homicide,31
PAPEP0000,Philadelphia PD,2012-07,homicide,23
PAPEP0000,Philadelphia PD,2013-07,homicide,29
PAPEP0000,Philadelphia PD,2014-07,homicide,21
PAPEP0000,Philadelphia PD,2015-07,homicide,36
PAPEP0000,Philadelphia PD,2016-07,homicide,35
PAPEP0000,Philadelphia PD,2017-07,homicide,28
PAPEP0000,Philadelphia PD,2018-07,homicide,27
PAPEP0000,Philadelphia PD,2019-07,homicide,0
PAPEP0000,Philadelphia PD,2020-07,homicide,48
PAPEP0000,Philadelphia PD,2021-07,homicide,52
PAPEP0000,Philadelphia PD,2022-07,homicide,55
PAPEP0000,Philadelphia PD,2023-07,homicide,38
PAPEP0000,Philadelphia PD,2024-07,homicide,25
PAPEP0000,Philadelphia PD,2010-08,homicide,27
PAPEP0000,Philadelphia PD,2011-08,homicide,17
PAPEP0000,Philadelphia PD,2012-08,homicide,29
PAPEP0000,Philadelphia PD,2013-08,homicide,17
PAPEP0000,Philadelphia PD,2014-08,homicide,30
PAPEP0000,Philadelphia PD,2015-08,homicide,23
PAPEP0000,Philadelphia PD,2016-08,homicide,29
PAPEP0000,Philadelphia PD,2017-08,homicide,19
PAPEP0000,Philadelphia PD,2018-08,homicide,41
PAPEP0000,Philadelphia PD,2019-08,homicide,41
PAPEP0000,Philadelphia PD,2020-08,homicide,51
PAPEP0000,Philadelphia PD,2021-08,homicide,40
PAPEP0000,Philadelphia PD,2022-08,homicide,47
PAPEP0000,Philadelphia PD,2023-08,homicide,48
PAPEP0000,Philadelphia PD,2024-08,homicide,27
PAPEP0000,Philadelphia PD,2010-09,homicide,36
PAPEP0000,Philadelphia PD,2011-09,homicide,33
PAPEP0000,Philadelphia PD,2012-09,homicide,23
PAPEP0000,Philadelphia PD,2013-09,homicide,23
PAPEP0000,Philadelphia PD,2014-09,homicide,22
PAPEP0000,Philadelphia PD,2015-09,homicide,27
PAPEP0000,Philadelphia PD,2016-09,homicide,21
PAPEP0000,Philadelphia PD,2017-09,homicide,28
PAPEP0000,Philadelphia PD,2018-09,homicide,32
PAPEP0000,Philadelphia PD,2019-09,homicide,26
PAPEP0000,Philadelphia PD,2020-09,homicide,45
PAPEP0000,Philadelphia PD,2021-09,homicide,58
PAPEP0000,Philadelphia PD,2022-09,homicide,40
PAPEP0000,Philadelphia PD,2023-09,homicide,40
PAPEP0000,Philadelphia PD,2024-09,homicide,11
PAPEP0000,Philadelphia PD,2010-10,homicide,27
PAPEP0000,Philadelphia PD,2011-10,homicide,38
PAPEP0000,Philadelphia PD,2012-10,homicide,25
PAPEP0000,Philadelphia PD,2013-10,homicide,23
PAPEP0000,Philadelphia PD,2014-10,homicide,28
PAPEP0000,Philadelphia PD,2015-10,homicide,30
PAPEP0000,Philadelphia PD,2016-10,homicide,25
PAPEP0000,Philadelphia PD,2017-10,homicide,32
PAPEP0000,Philadelphia PD,2018-10,homicide,27
PAPEP0000,Philadelphia PD,2019-10,homicide,35
PAPEP0000,Philadelphia PD,2020-10,homicide,66
PAPEP0000,Philadelphia PD,2021-10,homicide,43
PAPEP0000,Philadelphia PD,2022-10,homicide,43
PAPEP0000,Philadelphia PD,2023-10,homicide,30
PAPEP0000,Philadelphia PD,2024-10,homicide,22
PAPEP0000,Philadelphia PD,2010-11,homicide,14
PAPEP0000,Philadelphia PD,2011-11,homicide,23
PAPEP0000,Philadelphia PD,2012-11,homicide,17
PAPEP0000,Philadelphia PD,2013-11,homicide,15
PAPEP0000,Philadelphia PD,2014-11,homicide,17
PAPEP0000,Philadelphia PD,2015-11,homicide,21
PAPEP0000,Philadelphia PD,2016-11,homicide,20
PAPEP0000,Philadelphia PD,2017-11,homicide,28
PAPEP0000,Philadelphia PD,2018-11,homicide,33
PAPEP0000,Philadelphia PD,2019-11,homicide,35
PAPEP0000,Philadelphia PD,2020-11,homicide,39
PAPEP0000,Philadelphia PD,2021-11,homicide,56
PAPEP0000,Philadelphia PD,2022-11,homicide,27
PAPEP0000,Philadelphia PD,2023-11,homicide,23
PAPEP0000,Philadelphia PD,2024-11,homicide,20
PAPEP0000,Philadelphia PD,2010-12,homicide,24
PAPEP0000,Philadelphia PD,2011-12,homicide,24
PAPEP0000,Philadelphia PD,2012-12,homicide,30
PAPEP0000,Philadelphia PD,2013-12,homicide,24
PAPEP0000,Philadelphia PD,2014-12,homicide,15
PAPEP0000,Philadelphia PD,2015-12,homicide,28
PAPEP0000,Philadelphia PD,2016-12,homicide,21
PAPEP0000,Philadelphia PD,2017-12,homicide,25
PAPEP0000,Philadelphia PD,2018-12,homicide,43
PAPEP0000,Philadelphia PD,2019-12,homicide,30
PAPEP0000,Philadelphia PD,2020-12,homicide,46
PAPEP0000,Philadelphia PD,2021-12,homicide,53
PAPEP0000,Philadelphia PD,2022-12,homicide,42
PAPEP0000,Philadelphia PD,2023-12,homicide,27
PAPEP0000,Philadelphia PD,2024-12,homicide,26
DCMPD0000,Washington DC MPD,2010-01,aggravated-assault,243
DCMPD0000,Washington DC MPD,2011-01,aggravated-assault,188
DCMPD0000,Washington DC MPD,2012-01,aggravated-assault,222
DCMPD0000,Washington DC MPD,2013-01,aggravated-assault,277
DCMPD0000,Washington DC MPD,2014-01,aggravated-assault,275
DCMPD0000,Washington DC MPD,2015-01,aggravated-assault,262
DCMPD0000,Washington DC MPD,2016-01,aggravated-assault,279
DCMPD0000,Washington DC MPD,2017-01,aggravated-assault,318
DCMPD0000,Washington DC MPD,2018-01,aggravated-assault,279
DCMPD0000,Washington DC MPD,2019-01,aggravated-assault,289
DCMPD0000,Washington DC MPD,2020-01,aggravated-assault,310
DCMPD0000,Washington DC MPD,2021-01,aggravated-assault,0
DCMPD0000,Washington DC MPD,2022-01,aggravated-assault,193
DCMPD0000,Washington DC MPD,2023-01,aggravated-assault,205
DCMPD0000,Washington DC MPD,2024-01,aggravated-assault,196
DCMPD0000,Washington DC MPD,2010-02,aggravated-assault,212
DCMPD0000,Washington DC MPD,2011-02,aggravated-assault,178
DCMPD0000,Washington DC MPD,2012-02,aggravated-assault,193
DCMPD0000,Washington DC MPD,2013-02,aggravated-assault,252
DCMPD0000,Washington DC MPD,2014-02,aggravated-assault,249
DCMPD0000,Washington DC MPD,2015-02,aggravated-assault,216
DCMPD0000,Washington DC MPD,2016-02,aggravated-assault,257
DCMPD0000,Washington DC MPD,2017-02,aggravated-assault,280
DCMPD0000,Washington DC MPD,2018-02,aggravated-assault,264
DCMPD0000,Washington DC MPD,2019-02,aggravated-assault,237
DCMPD0000,Washington DC MPD,2020-02,aggravated-assault,305
DCMPD0000,Washington DC MPD,2021-02,aggravated-assault,0
DCMPD0000,Washington DC MPD,2022-02,aggravated-assault,167
DCMPD0000,Washington DC MPD,2023-02,aggravated-assault,191
DCMPD0000,Washington DC MPD,2024-02,aggravated-assault,192
DCMPD0000,Washington DC MPD,2010-03,aggravated-assault,278
DCMPD0000,Washington DC MPD,2011-03,aggravated-assault,233
DCMPD0000,Washington DC MPD,2012-03,aggravated-assault,253
DCMPD0000,Washington DC MPD,2013-03,aggravated-assault,273
DCMPD0000,Washington DC MPD,2014-03,aggravated-assault,293
DCMPD0000,Washington DC MPD,2015-03,aggravated-assault,344
DCMPD0000,Washington DC MPD,2016-03,aggravated-assault,344
DCMPD0000,Washington DC MPD,2017-03,aggravated-assault,257
DCMPD0000,Washington DC MPD,2018-03,aggravated-assault,262
DCMPD0000,Washington DC MPD,2019-03,aggravated-assault,243
DCMPD0000,Washington DC MPD,2020-03,aggravated-assault,309
DCMPD0000,Washington DC MPD,2021-03,aggravated-assault,1
DCMPD0000,Washington DC MPD,2022-03,aggravated-assault,189
DCMPD0000,Washington DC MPD,2023-03,aggravated-assault,198
DCMPD0000,Washington DC MPD,2024-03,aggravated-assault,208
DCMPD0000,Washington DC MPD,2010-04,aggravated-assault,276
DCMPD0000,Washington DC MPD,2011-04,aggravated-assault,268
DCMPD0000,Washington DC MPD,2012-04,aggravated-assault,298
DCMPD0000,Washington DC MPD,2013-04,aggravated-assault,299
DCMPD0000,Washington DC MPD,2014-04,aggravated-assault,353
DCMPD0000,Washington DC MPD,2015-04,aggravated-assault,319
DCMPD0000,Washington DC MPD,2016-04,aggravated-assault,345
DCMPD0000,Washington DC MPD,2017-04,aggravated-assault,281
DCMPD0000,Washington DC MPD,2018-04,aggravated-assault,347
DCMPD0000,Washington DC MPD,2019-04,aggravated-assault,341
DCMPD0000,Washington DC MPD,2020-04,aggravated-assault,254
DCMPD0000,Washington DC MPD,2021-04,aggravated-assault,0
DCMPD0000,Washington DC MPD,2022-04,aggravated-assault,194
DCMPD0000,Washington DC MPD,2023-04,aggravated-assault,233
DCMPD0000,Washington DC MPD,2024-04,aggravated-assault,283
DCMPD0000,Washington DC MPD,2010-05,aggravated-assault,308
DCMPD0000,Washington DC MPD,2011-05,aggravated-assault,270
DCMPD0000,Washington DC MPD,2012-05,aggravated-assault,308
DCMPD0000,Washington DC MPD,2013-05,aggravated-assault,308
DCMPD0000,Washington DC MPD,2014-05,aggravated-assault,344
DCMPD0000,Washington DC MPD,2015-05,aggravated-assault,356
DCMPD0000,Washington DC MPD,2016-05,aggravated-assault,392
DCMPD0000,Washington DC MPD,2017-05,aggravated-assault,295
DCMPD0000,Washington DC MPD,2018-05,aggravated-assault,350
DCMPD0000,Washington DC MPD,2019-05,aggravated-assault,381
DCMPD0000,Washington DC MPD,2020-05,aggravated-assault,406
DCMPD0000,Washington DC MPD,2021-05,aggravated-assault,0
DCMPD0000,Washington DC MPD,2022-05,aggravated-assault,236
DCMPD0000,Washington DC MPD,2023-05,aggravated-assault,249
DCMPD0000,Washington DC MPD,2024-05,aggravated-assault,347
DCMPD0000,Washington DC MPD,2010-06,aggravated-assault,321
DCMPD0000,Washington DC MPD,2011-06,aggravated-assault,245
DCMPD0000,Washington DC MPD,2012-06,aggravated-assault,317
DCMPD0000,Washington DC MPD,2013-06,aggravated-assault,405
DCMPD0000,Washington DC MPD,2014-06,aggravated-assault,348
DCMPD0000,Washington DC MPD,2015-06,aggravated-assault,363
DCMPD0000,Washington DC MPD,2016-06,aggravated-assault,418
DCMPD0000,Washington DC MPD,2017-06,aggravated-assault,309
DCMPD0000,Washington DC MPD,2018-06,aggravated-assault,332
DCMPD0000,Washington DC MPD,2019-06,aggravated-assault,348
DCMPD0000,Washington DC MPD,2020-06,aggravated-assault,435
DCMPD0000,Washington DC MPD,2021-06,aggravated-assault,0
DCMPD0000,Washington DC MPD,2022-06,aggravated-assault,205
DCMPD0000,Washington DC MPD,2023-06,aggravated-assault,283
DCMPD0000,Washington DC MPD,2024-06,aggravated-assault,355
DCMPD0000,Washington DC MPD,2010-07,aggravated-assault,281
DCMPD0000,Washington DC MPD,2011-07,aggravated-assault,317
DCMPD0000,Washington DC MPD,2012-07,aggravated-assault,332
DCMPD0000,Washington DC MPD,2013-07,aggravated-assault,307
DCMPD0000,Washington DC MPD,2014-07,aggravated-assault,397
DCMPD0000,Washington DC MPD,2015-07,aggravated-assault,384
DCMPD0000,Washington DC MPD,2016-07,aggravated-assault,367
DCMPD0000,Washington DC MPD,2017-07,aggravated-assault,361
DCMPD0000,Washington DC MPD,2018-07,aggravated-assault,373
DCMPD0000,Washington DC MPD,2019-07,aggravated-assault,388
DCMPD0000,Washington DC MPD,2020-07,aggravated-assault,406
DCMPD0000,Washington DC MPD,2021-07,aggravated-assault,0
DCMPD0000,Washington DC MPD,2022-07,aggravated-assault,187
DCMPD0000,Washington DC MPD,2023-07,aggravated-assault,302
DCMPD0000,Washington DC MPD,2024-07,aggravated-assault,297
DCMPD0000,Washington DC MPD,2010-08,aggravated-assault,316
DCMPD0000,Washington DC MPD,2011-08,aggravated-assault,262
DCMPD0000,Washington DC MPD,2012-08,aggravated-assault,373
DCMPD0000,Washington DC MPD,2013-08,aggravated-assault,394
DCMPD0000,Washington DC MPD,2014-08,aggravated-assault,391
DCMPD0000,Washington DC MPD,2015-08,aggravated-assault,387
DCMPD0000,Washington DC MPD,2016-08,aggravated-assault,318
DCMPD0000,Washington DC MPD,2017-08,aggravated-assault,299
DCMPD0000,Washington DC MPD,2018-08,aggravated-assault,394
DCMPD0000,Washington DC MPD,2019-08,aggravated-assault,359
DCMPD0000,Washington DC MPD,2020-08,aggravated-assault,399
DCMPD0000,Washington DC MPD,2021-08,aggravated-assault,294
DCMPD0000,Washington DC MPD,2022-08,aggravated-assault,226
DCMPD0000,Washington DC MPD,2023-08,aggravated-assault,271
DCMPD0000,Washington DC MPD,2024-08,aggravated-assault,246
DCMPD0000,Washington DC MPD,2010-09,aggravated-assault,291
DCMPD0000,Washington DC MPD,2011-09,aggravated-assault,277
DCMPD0000,Washington DC MPD,2012-09,aggravated-assault,330
DCMPD0000,Washington DC MPD,2013-09,aggravated-assault,344
DCMPD0000,Washington DC MPD,2014-09,aggravated-assault,397
DCMPD0000,Washington DC MPD,2015-09,aggravated-assault,352
DCMPD0000,Washington DC MPD,2016-09,aggravated-assault,321
DCMPD0000,Washington DC MPD,2017-09,aggravated-assault,361
DCMPD0000,Washington DC MPD,2018-09,aggravated-assault,326
DCMPD0000,Washington DC MPD,2019-09,aggravated-assault,362
DCMPD0000,Washington DC MPD,2020-09,aggravated-assault,361
DCMPD0000,Washington DC MPD,2021-09,aggravated-assault,280
DCMPD0000,Washington DC MPD,2022-09,aggravated-assault,234
DCMPD0000,Washington DC MPD,2023-09,aggravated-assault,230
DCMPD0000,Washington DC MPD,2024-09,aggravated-assault,250
DCMPD0000,Washington DC MPD,2010-10,aggravated-assault,262
DCMPD0000,Washington DC MPD,2011-10,aggravated-assault,266
DCMPD0000,Washington DC MPD,2012-10,aggravated-assault,304
DCMPD0000,Washington DC MPD,2013-10,aggravated-assault,303
DCMPD0000,Washington DC MPD,2014-10,aggravated-assault,387
DCMPD0000,Washington DC MPD,2015-10,aggravated-assault,365
DCMPD0000,Washington DC MPD,2016-10,aggravated-assault,317
DCMPD0000,Washington DC MPD,2017-10,aggravated-assault,348
DCMPD0000,Washington DC MPD,2018-10,aggravated-assault,338
DCMPD0000,Washington DC MPD,2019-10,aggravated-assault,388
DCMPD0000,Washington DC MPD,2020-10,aggravated-assault,388
DCMPD0000,Washington DC MPD,2021-10,aggravated-assault,266
DCMPD0000,Washington DC MPD,2022-10,aggravated-assault,197
DCMPD0000,Washington DC MPD,2023-10,aggravated-assault,272
DCMPD0000,Washington DC MPD,2024-10,aggravated-assault,249
DCMPD0000,Washington DC MPD,2010-11,aggravated-assault,240
DCMPD0000,Washington DC MPD,2011-11,aggravated-assault,206
DCMPD0000,Washington DC MPD,2012-11,aggravated-assault,210
DCMPD0000,Washington DC MPD,2013-11,aggravated-assault,282
DCMPD0000,Washington DC MPD,2014-11,aggravated-assault,307
DCMPD0000,Washington DC MPD,2015-11,aggravated-assault,335
DCMPD0000,Washington DC MPD,2016-11,aggravated-assault,288
DCMPD0000,Washington DC MPD,2017-11,aggravated-assault,285
DCMPD0000,Washington DC MPD,2018-11,aggravated-assault,279
DCMPD0000,Washington DC MPD,2019-11,aggravated-assault,338
DCMPD0000,Washington DC MPD,2020-11,aggravated-assault,304
DCMPD0000,Washington DC MPD,2021-11,aggravated-assault,207
DCMPD0000,Washington DC MPD,2022-11,aggravated-assault,186
DCMPD0000,Washington DC MPD,2023-11,aggravated-assault,215
DCMPD0000,Washington DC MPD,2024-11,aggravated-assault,211
DCMPD0000,Washington DC MPD,2010-12,aggravated-assault,210
DCMPD0000,Washington DC MPD,2011-12,aggravated-assault,239
DCMPD0000,Washington DC MPD,2012-12,aggravated-assault,259
DCMPD0000,Washington DC MPD,2013-12,aggravated-assault,280
DCMPD0000,Washington DC MPD,2014-12,aggravated-assault,263
DCMPD0000,Washington DC MPD,2015-12,aggravated-assault,341
DCMPD0000,Washington DC MPD,2016-12,aggravated-assault,251
DCMPD0000,Washington DC MPD,2017-12,aggravated-assault,280
DCMPD0000,Washington DC MPD,2018-12,aggravated-assault,307
DCMPD0000,Washington DC MPD,2019-12,aggravated-assault,355
DCMPD0000,Washington DC MPD,2020-12,aggravated-assault,238
DCMPD0000,Washington DC MPD,2021-12,aggravated-assault,188
DCMPD0000,Washington DC MPD,2022-12,aggravated-assault,142
DCMPD0000,Washington DC MPD,2023-12,aggravated-assault,159
DCMPD0000,Washington DC MPD,2024-12,aggravated-assault,201
DCMPD0000,Washington DC MPD,2010-01,robbery,296
DCMPD0000,Washington DC MPD,2011-01,robbery,250
DCMPD0000,Washington DC MPD,2012-01,robbery,373
DCMPD0000,Washington DC MPD,2013-01,robbery,380
DCMPD0000,Washington DC MPD,2014-01,robbery,272
DCMPD0000,Washington DC MPD,2015-01,robbery,247
DCMPD0000,Washington DC MPD,2016-01,robbery,311
DCMPD0000,Washington DC MPD,2017-01,robbery,237
DCMPD0000,Washington DC MPD,2018-01,robbery,183
DCMPD0000,Washington DC MPD,2019-01,robbery,184
DCMPD0000,Washington DC MPD,2020-01,robbery,182
DCMPD0000,Washington DC MPD,2021-01,robbery,0
DCMPD0000,Washington DC MPD,2022-01,robbery,268
DCMPD0000,Washington DC MPD,2023-01,robbery,227
DCMPD0000,Washington DC MPD,2024-01,robbery,292
DCMPD0000,Washington DC MPD,2010-02,robbery,170
DCMPD0000,Washington DC MPD,2011-02,robbery,224
DCMPD0000,Washington DC MPD,2012-02,robbery,269
DCMPD0000,Washington DC MPD,2013-02,robbery,247
DCMPD0000,Washington DC MPD,2014-02,robbery,171
DCMPD0000,Washington DC MPD,2015-02,robbery,144
DCMPD0000,Washington DC MPD,2016-02,robbery,245
DCMPD0000,Washington DC MPD,2017-02,robbery,184
DCMPD0000,Washington DC MPD,2018-02,robbery,152
DCMPD0000,Washington DC MPD,2019-02,robbery,141
DCMPD0000,Washington DC MPD,2020-02,robbery,134
DCMPD0000,Washington DC MPD,2021-02,robbery,0
DCMPD0000,Washington DC MPD,2022-02,robbery,227
DCMPD0000,Washington DC MPD,2023-02,robbery,210
DCMPD0000,Washington DC MPD,2024-02,robbery,223
DCMPD0000,Washington DC MPD,2010-03,robbery,301
DCMPD0000,Washington DC MPD,2011-03,robbery,297
DCMPD0000,Washington DC MPD,2012-03,robbery,225
DCMPD0000,Washington DC MPD,2013-03,robbery,243
DCMPD0000,Washington DC MPD,2014-03,robbery,194
DCMPD0000,Washington DC MPD,2015-03,robbery,217
DCMPD0000,Washington DC MPD,2016-03,robbery,200
DCMPD0000,Washington DC MPD,2017-03,robbery,149
DCMPD0000,Washington DC MPD,2018-03,robbery,167
DCMPD0000,Washington DC MPD,2019-03,robbery,148
DCMPD0000,Washington DC MPD,2020-03,robbery,124
DCMPD0000,Washington DC MPD,2021-03,robbery,0
DCMPD0000,Washington DC MPD,2022-03,robbery,169
DCMPD0000,Washington DC MPD,2023-03,robbery,257
DCMPD0000,Washington DC MPD,2024-03,robbery,224
DCMPD0000,Washington DC MPD,2010-04,robbery,306
DCMPD0000,Washington DC MPD,2011-04,robbery,265
DCMPD0000,Washington DC MPD,2012-04,robbery,294
DCMPD0000,Washington DC MPD,2013-04,robbery,304
DCMPD0000,Washington DC MPD,2014-04,robbery,221
DCMPD0000,Washington DC MPD,2015-04,robbery,281
DCMPD0000,Washington DC MPD,2016-04,robbery,249
DCMPD0000,Washington DC MPD,2017-04,robbery,180
DCMPD0000,Washington DC MPD,2018-04,robbery,184
DCMPD0000,Washington DC MPD,2019-04,robbery,153
DCMPD0000,Washington DC MPD,2020-04,robbery,146
DCMPD0000,Washington DC MPD,2021-04,robbery,0
DCMPD0000,Washington DC MPD,2022-04,robbery,173
DCMPD0000,Washington DC MPD,2023-04,robbery,291
DCMPD0000,Washington DC MPD,2024-04,robbery,216
DCMPD0000,Washington DC MPD,2010-05,robbery,384
DCMPD0000,Washington DC MPD,2011-05,robbery,311
DCMPD0000,Washington DC MPD,2012-05,robbery,264
DCMPD0000,Washington DC MPD,2013-05,robbery,323
DCMPD0000,Washington DC MPD,2014-05,robbery,254
DCMPD0000,Washington DC MPD,2015-05,robbery,289
DCMPD0000,Washington DC MPD,2016-05,robbery,281
DCMPD0000,Washington DC MPD,2017-05,robbery,168
DCMPD0000,Washington DC MPD,2018-05,robbery,167
DCMPD0000,Washington DC MPD,2019-05,robbery,205
DCMPD0000,Washington DC MPD,2020-05,robbery,125
DCMPD0000,Washington DC MPD,2021-05,robbery,0
DCMPD0000,Washington DC MPD,2022-05,robbery,141
DCMPD0000,Washington DC MPD,2023-05,robbery,272
DCMPD0000,Washington DC MPD,2024-05,robbery,264
DCMPD0000,Washington DC MPD,2010-06,robbery,367
DCMPD0000,Washington DC MPD,2011-06,robbery,294
DCMPD0000,Washington DC MPD,2012-06,robbery,295
DCMPD0000,Washington DC MPD,2013-06,robbery,294
DCMPD0000,Washington DC MPD,2014-06,robbery,289
DCMPD0000,Washington DC MPD,2015-06,robbery,308
DCMPD0000,Washington DC MPD,2016-06,robbery,265
DCMPD0000,Washington DC MPD,2017-06,robbery,198
DCMPD0000,Washington DC MPD,2018-06,robbery,167
DCMPD0000,Washington DC MPD,2019-06,robbery,214
DCMPD0000,Washington DC MPD,2020-06,robbery,197
DCMPD0000,Washington DC MPD,2021-06,robbery,0
DCMPD0000,Washington DC MPD,2022-06,robbery,132
DCMPD0000,Washington DC MPD,2023-06,robbery,393
DCMPD0000,Washington DC MPD,2024-06,robbery,300
DCMPD0000,Washington DC MPD,2010-07,robbery,398
DCMPD0000,Washington DC MPD,2011-07,robbery,349
DCMPD0000,Washington DC MPD,2012-07,robbery,295
DCMPD0000,Washington DC MPD,2013-07,robbery,299
DCMPD0000,Washington DC MPD,2014-07,robbery,263
DCMPD0000,Washington DC MPD,2015-07,robbery,356
DCMPD0000,Washington DC MPD,2016-07,robbery,284
DCMPD0000,Washington DC MPD,2017-07,robbery,201
DCMPD0000,Washington DC MPD,2018-07,robbery,198
DCMPD0000,Washington DC MPD,2019-07,robbery,206
DCMPD0000,Washington DC MPD,2020-07,robbery,215
DCMPD0000,Washington DC MPD,2021-07,robbery,0
DCMPD0000,Washington DC MPD,2022-07,robbery,184
DCMPD0000,Washington DC MPD,2023-07,robbery,479
DCMPD0000,Washington DC MPD,2024-07,robbery,276
DCMPD0000,Washington DC MPD,2010-08,robbery,318
DCMPD0000,Washington DC MPD,2011-08,robbery,312
DCMPD0000,Washington DC MPD,2012-08,robbery,365
DCMPD0000,Washington DC MPD,2013-08,robbery,293
DCMPD0000,Washington DC MPD,2014-08,robbery,323
DCMPD0000,Washington DC MPD,2015-08,robbery,290
DCMPD0000,Washington DC MPD,2016-08,robbery,260
DCMPD0000,Washington DC MPD,2017-08,robbery,193
DCMPD0000,Washington DC MPD,2018-08,robbery,184
DCMPD0000,Washington DC MPD,2019-08,robbery,233
DCMPD0000,Washington DC MPD,2020-08,robbery,189
DCMPD0000,Washington DC MPD,2021-08,robbery,193
DCMPD0000,Washington DC MPD,2022-08,robbery,182
DCMPD0000,Washington DC MPD,2023-08,robbery,346
DCMPD0000,Washington DC MPD,2024-08,robbery,284
DCMPD0000,Washington DC MPD,2010-09,robbery,360
DCMPD0000,Washington DC MPD,2011-09,robbery,331
DCMPD0000,Washington DC MPD,2012-09,robbery,316
DCMPD0000,Washington DC MPD,2013-09,robbery,347
DCMPD0000,Washington DC MPD,2014-09,robbery,294
DCMPD0000,Washington DC MPD,2015-09,robbery,290
DCMPD0000,Washington DC MPD,2016-09,robbery,313
DCMPD0000,Washington DC MPD,2017-09,robbery,202
DCMPD0000,Washington DC MPD,2018-09,robbery,193
DCMPD0000,Washington DC MPD,2019-09,robbery,228
DCMPD0000,Washington DC MPD,2020-09,robbery,203
DCMPD0000,Washington DC MPD,2021-09,robbery,202
DCMPD0000,Washington DC MPD,2022-09,robbery,157
DCMPD0000,Washington DC MPD,2023-09,robbery,308
DCMPD0000,Washington DC MPD,2024-09,robbery,276
DCMPD0000,Washington DC MPD,2010-10,robbery,359
DCMPD0000,Washington DC MPD,2011-10,robbery,384
DCMPD0000,Washington DC MPD,2012-10,robbery,347
DCMPD0000,Washington DC MPD,2013-10,robbery,346
DCMPD0000,Washington DC MPD,2014-10,robbery,390
DCMPD0000,Washington DC MPD,2015-10,robbery,347
DCMPD0000,Washington DC MPD,2016-10,robbery,268
DCMPD0000,Washington DC MPD,2017-10,robbery,246
DCMPD0000,Washington DC MPD,2018-10,robbery,200
DCMPD0000,Washington DC MPD,2019-10,robbery,245
DCMPD0000,Washington DC MPD,2020-10,robbery,273
DCMPD0000,Washington DC MPD,2021-10,robbery,215
DCMPD0000,Washington DC MPD,2022-10,robbery,189
DCMPD0000,Washington DC MPD,2023-10,robbery,372
DCMPD0000,Washington DC MPD,2024-10,robbery,273
DCMPD0000,Washington DC MPD,2010-11,robbery,338
DCMPD0000,Washington DC MPD,2011-11,robbery,366
DCMPD0000,Washington DC MPD,2012-11,robbery,299
DCMPD0000,Washington DC MPD,2013-11,robbery,301
DCMPD0000,Washington DC MPD,2014-11,robbery,288
DCMPD0000,Washington DC MPD,2015-11,robbery,308
DCMPD0000,Washington DC MPD,2016-11,robbery,241
DCMPD0000,Washington DC MPD,2017-11,robbery,210
DCMPD0000,Washington DC MPD,2018-11,robbery,203
DCMPD0000,Washington DC MPD,2019-11,robbery,210
DCMPD0000,Washington DC MPD,2020-11,robbery,239
DCMPD0000,Washington DC MPD,2021-11,robbery,209
DCMPD0000,Washington DC MPD,2022-11,robbery,186
DCMPD0000,Washington DC MPD,2023-11,robbery,367
DCMPD0000,Washington DC MPD,2024-11,robbery,260
DCMPD0000,Washington DC MPD,2010-12,robbery,317
DCMPD0000,Washington DC MPD,2011-12,robbery,373
DCMPD0000,Washington DC MPD,2012-12,robbery,383
DCMPD0000,Washington DC MPD,2013-12,robbery,283
DCMPD0000,Washington DC MPD,2014-12,robbery,272
DCMPD0000,Washington DC MPD,2015-12,robbery,327
DCMPD0000,Washington DC MPD,2016-12,robbery,232
DCMPD0000,Washington DC MPD,2017-12,robbery,183
DCMPD0000,Washington DC MPD,2018-12,robbery,159
DCMPD0000,Washington DC MPD,2019-12,robbery,192
DCMPD0000,Washington DC MPD,2020-12,robbery,181
DCMPD0000,Washington DC MPD,2021-12,robbery,191
DCMPD0000,Washington DC MPD,2022-12,robbery,171
DCMPD0000,Washington DC MPD,2023-12,robbery,270
DCMPD0000,Washington DC MPD,2024-12,robbery,220
DCMPD0000,Washington DC MPD,2010-01,homicide,9
DCMPD0000,Washington DC MPD,2011-01,homicide,9
DCMPD0000,Washington DC MPD,2012-01,homicide,8
DCMPD0000,Washington DC MPD,2013-01,homicide,5
DCMPD0000,Washington DC MPD,2014-01,homicide,14
DCMPD0000,Washington DC MPD,2015-01,homicide,8
DCMPD0000,Washington DC MPD,2016-01,homicide,6
DCMPD0000,Washington DC MPD,2017-01,homicide,8
DCMPD0000,Washington DC MPD,2018-01,homicide,11
DCMPD0000,Washington DC MPD,2019-01,homicide,19
DCMPD0000,Washington DC MPD,2020-01,homicide,15
DCMPD0000,Washington DC MPD,2021-01,homicide,0
DCMPD0000,Washington DC MPD,2022-01,homicide,15
DCMPD0000,Washington DC MPD,2023-01,homicide,15
DCMPD0000,Washington DC MPD,2024-01,homicide,12
DCMPD0000,Washington DC MPD,2010-02,homicide,5
DCMPD0000,Washington DC MPD,2011-02,homicide,6
DCMPD0000,Washington DC MPD,2012-02,homicide,4
DCMPD0000,Washington DC MPD,2013-02,homicide,7
DCMPD0000,Washington DC MPD,2014-02,homicide,9
DCMPD0000,Washington DC MPD,2015-02,homicide,8
DCMPD0000,Washington DC MPD,2016-02,homicide,10
DCMPD0000,Washington DC MPD,2017-02,homicide,6
DCMPD0000,Washington DC MPD,2018-02,homicide,6
DCMPD0000,Washington DC MPD,2019-02,homicide,9
DCMPD0000,Washington DC MPD,2020-02,homicide,11
DCMPD0000,Washington DC MPD,2021-02,homicide,0
DCMPD0000,Washington DC MPD,2022-02,homicide,13
DCMPD0000,Washington DC MPD,2023-02,homicide,21
DCMPD0000,Washington DC MPD,2024-02,homicide,14
DCMPD0000,Washington DC MPD,2010-03,homicide,10
DCMPD0000,Washington DC MPD,2011-03,homicide,7
DCMPD0000,Washington DC MPD,2012-03,homicide,6
DCMPD0000,Washington DC MPD,2013-03,homicide,5
DCMPD0000,Washington DC MPD,2014-03,homicide,8
DCMPD0000,Washington DC MPD,2015-03,homicide,10
DCMPD0000,Washington DC MPD,2016-03,homicide,12
DCMPD0000,Washington DC MPD,2017-03,homicide,14
DCMPD0000,Washington DC MPD,2018-03,homicide,16
DCMPD0000,Washington DC MPD,2019-03,homicide,9
DCMPD0000,Washington DC MPD,2020-03,homicide,10
DCMPD0000,Washington DC MPD,2021-03,homicide,0
DCMPD0000,Washington DC MPD,2022-03,homicide,16
DCMPD0000,Washington DC MPD,2023-03,homicide,20
DCMPD0000,Washington DC MPD,2024-03,homicide,11
DCMPD0000,Washington DC MPD,2010-04,homicide,7
DCMPD0000,Washington DC MPD,2011-04,homicide,11
DCMPD0000,Washington DC MPD,2012-04,homicide,8
DCMPD0000,Washington DC MPD,2013-04,homicide,4
DCMPD0000,Washington DC MPD,2014-04,homicide,6
DCMPD0000,Washington DC MPD,2015-04,homicide,8
DCMPD0000,Washington DC MPD,2016-04,homicide,9
DCMPD0000,Washington DC MPD,2017-04,homicide,8
DCMPD0000,Washington DC MPD,2018-04,homicide,9
DCMPD0000,Washington DC MPD,2019-04,homicide,14
DCMPD0000,Washington DC MPD,2020-04,homicide,11
DCMPD0000,Washington DC MPD,2021-04,homicide,0
DCMPD0000,Washington DC MPD,2022-04,homicide,16
DCMPD0000,Washington DC MPD,2023-04,homicide,14
DCMPD0000,Washington DC MPD,2024-04,homicide,17
DCMPD0000,Washington DC MPD,2010-05,homicide,11
DCMPD0000,Washington DC MPD,2011-05,homicide,13
DCMPD0000,Washington DC MPD,2012-05,homicide,8
DCMPD0000,Washington DC MPD,2013-05,homicide,6
DCMPD0000,Washington DC MPD,2014-05,homicide,9
DCMPD0000,Washington DC MPD,2015-05,homicide,16
DCMPD0000,Washington DC MPD,2016-05,homicide,16
DCMPD0000,Washington DC MPD,2017-05,homicide,7
DCMPD0000,Washington DC MPD,2018-05,homicide,22
DCMPD0000,Washington DC MPD,2019-05,homicide,9
DCMPD0000,Washington DC MPD,2020-05,homicide,16
DCMPD0000,Washington DC MPD,2021-05,homicide,0
DCMPD0000,Washington DC MPD,2022-05,homicide,25
DCMPD0000,Washington DC MPD,2023-05,homicide,25
DCMPD0000,Washington DC MPD,2024-05,homicide,16
DCMPD0000,Washington DC MPD,2010-06,homicide,18
DCMPD0000,Washington DC MPD,2011-06,homicide,9
DCMPD0000,Washington DC MPD,2012-06,homicide,9
DCMPD0000,Washington DC MPD,2013-06,homicide,11
DCMPD0000,Washington DC MPD,2014-06,homicide,12
DCMPD0000,Washington DC MPD,2015-06,homicide,18
DCMPD0000,Washington DC MPD,2016-06,homicide,10
DCMPD0000,Washington DC MPD,2017-06,homicide,11
DCMPD0000,Washington DC MPD,2018-06,homicide,11
DCMPD0000,Washington DC MPD,2019-06,homicide,15
DCMPD0000,Washington DC MPD,2020-06,homicide,16
DCMPD0000,Washington DC MPD,2021-06,homicide,0
DCMPD0000,Washington DC MPD,2022-06,homicide,19
DCMPD0000,Washington DC MPD,2023-06,homicide,24
DCMPD0000,Washington DC MPD,2024-06,homicide,16
DCMPD0000,Washington DC MPD,2010-07,homicide,10
DCMPD0000,Washington DC MPD,2011-07,homicide,7
DCMPD0000,Washington DC MPD,2012-07,homicide,10
DCMPD0000,Washington DC MPD,2013-07,homicide,15
DCMPD0000,Washington DC MPD,2014-07,homicide,11
DCMPD0000,Washington DC MPD,2015-07,homicide,16
DCMPD0000,Washington DC MPD,2016-07,homicide,11
DCMPD0000,Washington DC MPD,2017-07,homicide,13
DCMPD0000,Washington DC MPD,2018-07,homicide,18
DCMPD0000,Washington DC MPD,2019-07,homicide,21
DCMPD0000,Washington DC MPD,2020-07,homicide,29
DCMPD0000,Washington DC MPD,2021-07,homicide,0
DCMPD0000,Washington DC MPD,2022-07,homicide,23
DCMPD0000,Washington DC MPD,2023-07,homicide,29
DCMPD0000,Washington DC MPD,2024-07,homicide,17
DCMPD0000,Washington DC MPD,2010-08,homicide,12
DCMPD0000,Washington DC MPD,2011-08,homicide,14
DCMPD0000,Washington DC MPD,2012-08,homicide,5
DCMPD0000,Washington DC MPD,2013-08,homicide,7
DCMPD0000,Washington DC MPD,2014-08,homicide,4
DCMPD0000,Washington DC MPD,2015-08,homicide,21
DCMPD0000,Washington DC MPD,2016-08,homicide,17
DCMPD0000,Washington DC MPD,2017-08,homicide,8
DCMPD0000,Washington DC MPD,2018-08,homicide,8
DCMPD0000,Washington DC MPD,2019-08,homicide,15
DCMPD0000,Washington DC MPD,2020-08,homicide,16
DCMPD0000,Washington DC MPD,2021-08,homicide,26
DCMPD0000,Washington DC MPD,2022-08,homicide,15
DCMPD0000,Washington DC MPD,2023-08,homicide,33
DCMPD0000,Washington DC MPD,2024-08,homicide,15
DCMPD0000,Washington DC MPD,2010-09,homicide,14
DCMPD0000,Washington DC MPD,2011-09,homicide,5
DCMPD0000,Washington DC MPD,2012-09,homicide,11
DCMPD0000,Washington DC MPD,2013-09,homicide,23
DCMPD0000,Washington DC MPD,2014-09,homicide,7
DCMPD0000,Washington DC MPD,2015-09,homicide,14
DCMPD0000,Washington DC MPD,2016-09,homicide,14
DCMPD0000,Washington DC MPD,2017-09,homicide,10
DCMPD0000,Washington DC MPD,2018-09,homicide,17
DCMPD0000,Washington DC MPD,2019-09,homicide,17
DCMPD0000,Washington DC MPD,2020-09,homicide,17
DCMPD0000,Washington DC MPD,2021-09,homicide,22
DCMPD0000,Washington DC MPD,2022-09,homicide,18
DCMPD0000,Washington DC MPD,2023-09,homicide,23
DCMPD0000,Washington DC MPD,2024-09,homicide,14
DCMPD0000,Washington DC MPD,2010-10,homicide,14
DCMPD0000,Washington DC MPD,2011-10,homicide,13
DCMPD0000,Washington DC MPD,2012-10,homicide,6
DCMPD0000,Washington DC MPD,2013-10,homicide,4
DCMPD0000,Washington DC MPD,2014-10,homicide,9
DCMPD0000,Washington DC MPD,2015-10,homicide,14
DCMPD0000,Washington DC MPD,2016-10,homicide,7
DCMPD0000,Washington DC MPD,2017-10,homicide,11
DCMPD0000,Washington DC MPD,2018-10,homicide,19
DCMPD0000,Washington DC MPD,2019-10,homicide,15
DCMPD0000,Washington DC MPD,2020-10,homicide,22
DCMPD0000,Washington DC MPD,2021-10,homicide,32
DCMPD0000,Washington DC MPD,2022-10,homicide,21
DCMPD0000,Washington DC MPD,2023-10,homicide,19
DCMPD0000,Washington DC MPD,2024-10,homicide,25
DCMPD0000,Washington DC MPD,2010-11,homicide,14
DCMPD0000,Washington DC MPD,2011-11,homicide,8
DCMPD0000,Washington DC MPD,2012-11,homicide,3
DCMPD0000,Washington DC MPD,2013-11,homicide,9
DCMPD0000,Washington DC MPD,2014-11,homicide,5
DCMPD0000,Washington DC MPD,2015-11,homicide,17
DCMPD0000,Washington DC MPD,2016-11,homicide,13
DCMPD0000,Washington DC MPD,2017-11,homicide,9
DCMPD0000,Washington DC MPD,2018-11,homicide,9
DCMPD0000,Washington DC MPD,2019-11,homicide,13
DCMPD0000,Washington DC MPD,2020-11,homicide,19
DCMPD0000,Washington DC MPD,2021-11,homicide,18
DCMPD0000,Washington DC MPD,2022-11,homicide,13
DCMPD0000,Washington DC MPD,2023-11,homicide,20
DCMPD0000,Washington DC MPD,2024-11,homicide,12
DCMPD0000,Washington DC MPD,2010-12,homicide,8
DCMPD0000,Washington DC MPD,2011-12,homicide,6
DCMPD0000,Washington DC MPD,2012-12,homicide,10
DCMPD0000,Washington DC MPD,2013-12,homicide,7
DCMPD0000,Washington DC MPD,2014-12,homicide,11
DCMPD0000,Washington DC MPD,2015-12,homicide,12
DCMPD0000,Washington DC MPD,2016-12,homicide,12
DCMPD0000,Washington DC MPD,2017-12,homicide,11
DCMPD0000,Washington DC MPD,2018-12,homicide,14
DCMPD0000,Washington DC MPD,2019-12,homicide,10
DCMPD0000,Washington DC MPD,2020-12,homicide,16
DCMPD0000,Washington DC MPD,2021-12,homicide,18
DCMPD0000,Washington DC MPD,2022-12,homicide,13
DCMPD0000,Washington DC MPD,2023-12,homicide,24
DCMPD0000,Washington DC MPD,2024-12,homicide,12
MA0130100,Boston PD,2010-01,aggravated-assault,294
MA0130100,Boston PD,2011-01,aggravated-assault,193
MA0130100,Boston PD,2012-01,aggravated-assault,243
MA0130100,Boston PD,2013-01,aggravated-assault,212
MA0130100,Boston PD,2014-01,aggravated-assault,203
MA0130100,Boston PD,2015-01,aggravated-assault,201
MA0130100,Boston PD,2016-01,aggravated-assault,227
MA0130100,Boston PD,2017-01,aggravated-assault,219
MA0130100,Boston PD,2018-01,aggravated-assault,184
MA0130100,Boston PD,2019-01,aggravated-assault,203
MA0130100,Boston PD,2020-01,aggravated-assault,259
MA0130100,Boston PD,2021-01,aggravated-assault,185
MA0130100,Boston PD,2022-01,aggravated-assault,238
MA0130100,Boston PD,2023-01,aggravated-assault,220
MA0130100,Boston PD,2024-01,aggravated-assault,227
MA0130100,Boston PD,2010-02,aggravated-assault,267
MA0130100,Boston PD,2011-02,aggravated-assault,183
MA0130100,Boston PD,2012-02,aggravated-assault,183
MA0130100,Boston PD,2013-02,aggravated-assault,173
MA0130100,Boston PD,2014-02,aggravated-assault,183
MA0130100,Boston PD,2015-02,aggravated-assault,183
MA0130100,Boston PD,2016-02,aggravated-assault,200
MA0130100,Boston PD,2017-02,aggravated-assault,188
MA0130100,Boston PD,2018-02,aggravated-assault,201
MA0130100,Boston PD,2019-02,aggravated-assault,192
MA0130100,Boston PD,2020-02,aggravated-assault,229
MA0130100,Boston PD,2021-02,aggravated-assault,181
MA0130100,Boston PD,2022-02,aggravated-assault,191
MA0130100,Boston PD,2023-02,aggravated-assault,172
MA0130100,Boston PD,2024-02,aggravated-assault,195
MA0130100,Boston PD,2010-03,aggravated-assault,293
MA0130100,Boston PD,2011-03,aggravated-assault,255
MA0130100,Boston PD,2012-03,aggravated-assault,261
MA0130100,Boston PD,2013-03,aggravated-assault,230
MA0130100,Boston PD,2014-03,aggravated-assault,135
MA0130100,Boston PD,2015-03,aggravated-assault,262
MA0130100,Boston PD,2016-03,aggravated-assault,208
MA0130100,Boston PD,2017-03,aggravated-assault,209
MA0130100,Boston PD,2018-03,aggravated-assault,215
MA0130100,Boston PD,2019-03,aggravated-assault,221
MA0130100,Boston PD,2020-03,aggravated-assault,243
MA0130100,Boston PD,2021-03,aggravated-assault,230
MA0130100,Boston PD,2022-03,aggravated-assault,251
MA0130100,Boston PD,2023-03,aggravated-assault,217
MA0130100,Boston PD,2024-03,aggravated-assault,239
MA0130100,Boston PD,2010-04,aggravated-assault,293
MA0130100,Boston PD,2011-04,aggravated-assault,218
MA0130100,Boston PD,2012-04,aggravated-assault,265
MA0130100,Boston PD,2013-04,aggravated-assault,250
MA0130100,Boston PD,2014-04,aggravated-assault,214
MA0130100,Boston PD,2015-04,aggravated-assault,207
MA0130100,Boston PD,2016-04,aggravated-assault,235
MA0130100,Boston PD,2017-04,aggravated-assault,217
MA0130100,Boston PD,2018-04,aggravated-assault,221
MA0130100,Boston PD,2019-04,aggravated-assault,222
MA0130100,Boston PD,2020-04,aggravated-assault,213
MA0130100,Boston PD,2021-04,aggravated-assault,226
MA0130100,Boston PD,2022-04,aggravated-assault,236
MA0130100,Boston PD,2023-04,aggravated-assault,228
MA0130100,Boston PD,2024-04,aggravated-assault,212
MA0130100,Boston PD,2010-05,aggravated-assault,352
MA0130100,Boston PD,2011-05,aggravated-assault,300
MA0130100,Boston PD,2012-05,aggravated-assault,275
MA0130100,Boston PD,2013-05,aggravated-assault,245
MA0130100,Boston PD,2014-05,aggravated-assault,244
MA0130100,Boston PD,2015-05,aggravated-assault,233
MA0130100,Boston PD,2016-05,aggravated-assault,262
MA0130100,Boston PD,2017-05,aggravated-assault,259
MA0130100,Boston PD,2018-05,aggravated-assault,273
MA0130100,Boston PD,2019-05,aggravated-assault,239
MA0130100,Boston PD,2020-05,aggravated-assault,266
MA0130100,Boston PD,2021-05,aggravated-assault,289
MA0130100,Boston PD,2022-05,aggravated-assault,266
MA0130100,Boston PD,2023-05,aggravated-assault,286
MA0130100,Boston PD,2024-05,aggravated-assault,292
MA0130100,Boston PD,2010-06,aggravated-assault,303
MA0130100,Boston PD,2011-06,aggravated-assault,272
MA0130100,Boston PD,2012-06,aggravated-assault,297
MA0130100,Boston PD,2013-06,aggravated-assault,279
MA0130100,Boston PD,2014-06,aggravated-assault,226
MA0130100,Boston PD,2015-06,aggravated-assault,269
MA0130100,Boston PD,2016-06,aggravated-assault,285
MA0130100,Boston PD,2017-06,aggravated-assault,244
MA0130100,Boston PD,2018-06,aggravated-assault,275
MA0130100,Boston PD,2019-06,aggravated-assault,285
MA0130100,Boston PD,2020-06,aggravated-assault,323
MA0130100,Boston PD,2021-06,aggravated-assault,285
MA0130100,Boston PD,2022-06,aggravated-assault,314
MA0130100,Boston PD,2023-06,aggravated-assault,239
MA0130100,Boston PD,2024-06,aggravated-assault,321
MA0130100,Boston PD,2010-07,aggravated-assault,412
MA0130100,Boston PD,2011-07,aggravated-assault,298
MA0130100,Boston PD,2012-07,aggravated-assault,334
MA0130100,Boston PD,2013-07,aggravated-assault,262
MA0130100,Boston PD,2014-07,aggravated-assault,315
MA0130100,Boston PD,2015-07,aggravated-assault,300
MA0130100,Boston PD,2016-07,aggravated-assault,310
MA0130100,Boston PD,2017-07,aggravated-assault,276
MA0130100,Boston PD,2018-07,aggravated-assault,289
MA0130100,Boston PD,2019-07,aggravated-assault,286
MA0130100,Boston PD,2020-07,aggravated-assault,341
MA0130100,Boston PD,2021-07,aggravated-assault,298
MA0130100,Boston PD,2022-07,aggravated-assault,290
MA0130100,Boston PD,2023-07,aggravated-assault,306
MA0130100,Boston PD,2024-07,aggravated-assault,338
MA0130100,Boston PD,2010-08,aggravated-assault,316
MA0130100,Boston PD,2011-08,aggravated-assault,310
MA0130100,Boston PD,2012-08,aggravated-assault,304
MA0130100,Boston PD,2013-08,aggravated-assault,321
MA0130100,Boston PD,2014-08,aggravated-assault,260
MA0130100,Boston PD,2015-08,aggravated-assault,273
MA0130100,Boston PD,2016-08,aggravated-assault,264
MA0130100,Boston PD,2017-08,aggravated-assault,266
MA0130100,Boston PD,2018-08,aggravated-assault,248
MA0130100,Boston PD,2019-08,aggravated-assault,255
MA0130100,Boston PD,2020-08,aggravated-assault,308
MA0130100,Boston PD,2021-08,aggravated-assault,254
MA0130100,Boston PD,2022-08,aggravated-assault,293
MA0130100,Boston PD,2023-08,aggravated-assault,306
MA0130100,Boston PD,2024-08,aggravated-assault,279
MA0130100,Boston PD,2010-09,aggravated-assault,323
MA0130100,Boston PD,2011-09,aggravated-assault,265
MA0130100,Boston PD,2012-09,aggravated-assault,278
MA0130100,Boston PD,2013-09,aggravated-assault,225
MA0130100,Boston PD,2014-09,aggravated-assault,242
MA0130100,Boston PD,2015-09,aggravated-assault,265
MA0130100,Boston PD,2016-09,aggravated-assault,250
MA0130100,Boston PD,2017-09,aggravated-assault,266
MA0130100,Boston PD,2018-09,aggravated-assault,236
MA0130100,Boston PD,2019-09,aggravated-assault,274
MA0130100,Boston PD,2020-09,aggravated-assault,292
MA0130100,Boston PD,2021-09,aggravated-assault,294
MA0130100,Boston PD,2022-09,aggravated-assault,234
MA0130100,Boston PD,2023-09,aggravated-assault,228
MA0130100,Boston PD,2024-09,aggravated-assault,257
MA0130100,Boston PD,2010-10,aggravated-assault,280
MA0130100,Boston PD,2011-10,aggravated-assault,254
MA0130100,Boston PD,2012-10,aggravated-assault,212
MA0130100,Boston PD,2013-10,aggravated-assault,224
MA0130100,Boston PD,2014-10,aggravated-assault,266
MA0130100,Boston PD,2015-10,aggravated-assault,214
MA0130100,Boston PD,2016-10,aggravated-assault,224
MA0130100,Boston PD,2017-10,aggravated-assault,232
MA0130100,Boston PD,2018-10,aggravated-assault,264
MA0130100,Boston PD,2019-10,aggravated-assault,299
MA0130100,Boston PD,2020-10,aggravated-assault,309
MA0130100,Boston PD,2021-10,aggravated-assault,276
MA0130100,Boston PD,2022-10,aggravated-assault,292
MA0130100,Boston PD,2023-10,aggravated-assault,232
MA0130100,Boston PD,2024-10,aggravated-assault,267
MA0130100,Boston PD,2010-11,aggravated-assault,218
MA0130100,Boston PD,2011-11,aggravated-assault,250
MA0130100,Boston PD,2012-11,aggravated-assault,196
MA0130100,Boston PD,2013-11,aggravated-assault,221
MA0130100,Boston PD,2014-11,aggravated-assault,231
MA0130100,Boston PD,2015-11,aggravated-assault,244
MA0130100,Boston PD,2016-11,aggravated-assault,227
MA0130100,Boston PD,2017-11,aggravated-assault,226
MA0130100,Boston PD,2018-11,aggravated-assault,206
MA0130100,Boston PD,2019-11,aggravated-assault,225
MA0130100,Boston PD,2020-11,aggravated-assault,253
MA0130100,Boston PD,2021-11,aggravated-assault,203
MA0130100,Boston PD,2022-11,aggravated-assault,213
MA0130100,Boston PD,2023-11,aggravated-assault,244
MA0130100,Boston PD,2024-11,aggravated-assault,254
MA0130100,Boston PD,2010-12,aggravated-assault,213
MA0130100,Boston PD,2011-12,aggravated-assault,216
MA0130100,Boston PD,2012-12,aggravated-assault,202
MA0130100,Boston PD,2013-12,aggravated-assault,209
MA0130100,Boston PD,2014-12,aggravated-assault,217
MA0130100,Boston PD,2015-12,aggravated-assault,222
MA0130100,Boston PD,2016-12,aggravated-assault,218
MA0130100,Boston PD,2017-12,aggravated-assault,217
MA0130100,Boston PD,2018-12,aggravated-assault,206
MA0130100,Boston PD,2019-12,aggravated-assault,252
MA0130100,Boston PD,2020-12,aggravated-assault,223
MA0130100,Boston PD,2021-12,aggravated-assault,202
MA0130100,Boston PD,2022-12,aggravated-assault,213
MA0130100,Boston PD,2023-12,aggravated-assault,256
MA0130100,Boston PD,2024-12,aggravated-assault,239
MA0130100,Boston PD,2010-01,robbery,172
MA0130100,Boston PD,2011-01,robbery,147
MA0130100,Boston PD,2012-01,robbery,181
MA0130100,Boston PD,2013-01,robbery,175
MA0130100,Boston PD,2014-01,robbery,165
MA0130100,Boston PD,2015-01,robbery,105
MA0130100,Boston PD,2016-01,robbery,112
MA0130100,Boston PD,2017-01,robbery,152
MA0130100,Boston PD,2018-01,robbery,112
MA0130100,Boston PD,2019-01,robbery,74
MA0130100,Boston PD,2020-01,robbery,94
MA0130100,Boston PD,2021-01,robbery,56
MA0130100,Boston PD,2022-01,robbery,62
MA0130100,Boston PD,2023-01,robbery,72
MA0130100,Boston PD,2024-01,robbery,61
MA0130100,Boston PD,2010-02,robbery,151
MA0130100,Boston PD,2011-02,robbery,115
MA0130100,Boston PD,2012-02,robbery,128
MA0130100,Boston PD,2013-02,robbery,111
MA0130100,Boston PD,2014-02,robbery,125
MA0130100,Boston PD,2015-02,robbery,85
MA0130100,Boston PD,2016-02,robbery,69
MA0130100,Boston PD,2017-02,robbery,102
MA0130100,Boston PD,2018-02,robbery,105
MA0130100,Boston PD,2019-02,robbery,59
MA0130100,Boston PD,2020-02,robbery,71
MA0130100,Boston PD,2021-02,robbery,49
MA0130100,Boston PD,2022-02,robbery,36
MA0130100,Boston PD,2023-02,robbery,57
MA0130100,Boston PD,2024-02,robbery,60
MA0130100,Boston PD,2010-03,robbery,142
MA0130100,Boston PD,2011-03,robbery,135
MA0130100,Boston PD,2012-03,robbery,145
MA0130100,Boston PD,2013-03,robbery,149
MA0130100,Boston PD,2014-03,robbery,108
MA0130100,Boston PD,2015-03,robbery,107
MA0130100,Boston PD,2016-03,robbery,137
MA0130100,Boston PD,2017-03,robbery,92
MA0130100,Boston PD,2018-03,robbery,85
MA0130100,Boston PD,2019-03,robbery,61
MA0130100,Boston PD,2020-03,robbery,84
MA0130100,Boston PD,2021-03,robbery,45
MA0130100,Boston PD,2022-03,robbery,48
MA0130100,Boston PD,2023-03,robbery,55
MA0130100,Boston PD,2024-03,robbery,65
MA0130100,Boston PD,2010-04,robbery,141
MA0130100,Boston PD,2011-04,robbery,163
MA0130100,Boston PD,2012-04,robbery,142
MA0130100,Boston PD,2013-04,robbery,146
MA0130100,Boston PD,2014-04,robbery,107
MA0130100,Boston PD,2015-04,robbery,110
MA0130100,Boston PD,2016-04,robbery,124
MA0130100,Boston PD,2017-04,robbery,97
MA0130100,Boston PD,2018-04,robbery,85
MA0130100,Boston PD,2019-04,robbery,62
MA0130100,Boston PD,2020-04,robbery,90
MA0130100,Boston PD,2021-04,robbery,54
MA0130100,Boston PD,2022-04,robbery,59
MA0130100,Boston PD,2023-04,robbery,63
MA0130100,Boston PD,2024-04,robbery,67
MA0130100,Boston PD,2010-05,robbery,163
MA0130100,Boston PD,2011-05,robbery,172
MA0130100,Boston PD,2012-05,robbery,128
MA0130100,Boston PD,2013-05,robbery,169
MA0130100,Boston PD,2014-05,robbery,149
MA0130100,Boston PD,2015-05,robbery,139
MA0130100,Boston PD,2016-05,robbery,136
MA0130100,Boston PD,2017-05,robbery,113
MA0130100,Boston PD,2018-05,robbery,101
MA0130100,Boston PD,2019-05,robbery,90
MA0130100,Boston PD,2020-05,robbery,49
MA0130100,Boston PD,2021-05,robbery,59
MA0130100,Boston PD,2022-05,robbery,74
MA0130100,Boston PD,2023-05,robbery,66
MA0130100,Boston PD,2024-05,robbery,74
MA0130100,Boston PD,2010-06,robbery,167
MA0130100,Boston PD,2011-06,robbery,170
MA0130100,Boston PD,2012-06,robbery,141
MA0130100,Boston PD,2013-06,robbery,154
MA0130100,Boston PD,2014-06,robbery,126
MA0130100,Boston PD,2015-06,robbery,116
MA0130100,Boston PD,2016-06,robbery,110
MA0130100,Boston PD,2017-06,robbery,112
MA0130100,Boston PD,2018-06,robbery,113
MA0130100,Boston PD,2019-06,robbery,94
MA0130100,Boston PD,2020-06,robbery,85
MA0130100,Boston PD,2021-06,robbery,101
MA0130100,Boston PD,2022-06,robbery,69
MA0130100,Boston PD,2023-06,robbery,84
MA0130100,Boston PD,2024-06,robbery,77
MA0130100,Boston PD,2010-07,robbery,177
MA0130100,Boston PD,2011-07,robbery,167
MA0130100,Boston PD,2012-07,robbery,189
MA0130100,Boston PD,2013-07,robbery,165
MA0130100,Boston PD,2014-07,robbery,121
MA0130100,Boston PD,2015-07,robbery,138
MA0130100,Boston PD,2016-07,robbery,142
MA0130100,Boston PD,2017-07,robbery,117
MA0130100,Boston PD,2018-07,robbery,91
MA0130100,Boston PD,2019-07,robbery,121
MA0130100,Boston PD,2020-07,robbery,92
MA0130100,Boston PD,2021-07,robbery,70
MA0130100,Boston PD,2022-07,robbery,72
MA0130100,Boston PD,2023-07,robbery,107
MA0130100,Boston PD,2024-07,robbery,79
MA0130100,Boston PD,2010-08,robbery,157
MA0130100,Boston PD,2011-08,robbery,154
MA0130100,Boston PD,2012-08,robbery,173
MA0130100,Boston PD,2013-08,robbery,154
MA0130100,Boston PD,2014-08,robbery,155
MA0130100,Boston PD,2015-08,robbery,136
MA0130100,Boston PD,2016-08,robbery,124
MA0130100,Boston PD,2017-08,robbery,122
MA0130100,Boston PD,2018-08,robbery,91
MA0130100,Boston PD,2019-08,robbery,105
MA0130100,Boston PD,2020-08,robbery,74
MA0130100,Boston PD,2021-08,robbery,78
MA0130100,Boston PD,2022-08,robbery,86
MA0130100,Boston PD,2023-08,robbery,88
MA0130100,Boston PD,2024-08,robbery,80
MA0130100,Boston PD,2010-09,robbery,168
MA0130100,Boston PD,2011-09,robbery,143
MA0130100,Boston PD,2012-09,robbery,191
MA0130100,Boston PD,2013-09,robbery,172
MA0130100,Boston PD,2014-09,robbery,167
MA0130100,Boston PD,2015-09,robbery,155
MA0130100,Boston PD,2016-09,robbery,124
MA0130100,Boston PD,2017-09,robbery,130
MA0130100,Boston PD,2018-09,robbery,119
MA0130100,Boston PD,2019-09,robbery,112
MA0130100,Boston PD,2020-09,robbery,82
MA0130100,Boston PD,2021-09,robbery,66
MA0130100,Boston PD,2022-09,robbery,72
MA0130100,Boston PD,2023-09,robbery,61
MA0130100,Boston PD,2024-09,robbery,75
MA0130100,Boston PD,2010-10,robbery,195
MA0130100,Boston PD,2011-10,robbery,167
MA0130100,Boston PD,2012-10,robbery,157
MA0130100,Boston PD,2013-10,robbery,176
MA0130100,Boston PD,2014-10,robbery,180
MA0130100,Boston PD,2015-10,robbery,167
MA0130100,Boston PD,2016-10,robbery,152
MA0130100,Boston PD,2017-10,robbery,125
MA0130100,Boston PD,2018-10,robbery,92
MA0130100,Boston PD,2019-10,robbery,112
MA0130100,Boston PD,2020-10,robbery,82
MA0130100,Boston PD,2021-10,robbery,70
MA0130100,Boston PD,2022-10,robbery,71
MA0130100,Boston PD,2023-10,robbery,82
MA0130100,Boston PD,2024-10,robbery,51
MA0130100,Boston PD,2010-11,robbery,150
MA0130100,Boston PD,2011-11,robbery,178
MA0130100,Boston PD,2012-11,robbery,171
MA0130100,Boston PD,2013-11,robbery,138
MA0130100,Boston PD,2014-11,robbery,136
MA0130100,Boston PD,2015-11,robbery,150
MA0130100,Boston PD,2016-11,robbery,134
MA0130100,Boston PD,2017-11,robbery,111
MA0130100,Boston PD,2018-11,robbery,81
MA0130100,Boston PD,2019-11,robbery,71
MA0130100,Boston PD,2020-11,robbery,63
MA0130100,Boston PD,2021-11,robbery,65
MA0130100,Boston PD,2022-11,robbery,57
MA0130100,Boston PD,2023-11,robbery,64
MA0130100,Boston PD,2024-11,robbery,79
MA0130100,Boston PD,2010-12,robbery,143
MA0130100,Boston PD,2011-12,robbery,193
MA0130100,Boston PD,2012-12,robbery,164
MA0130100,Boston PD,2013-12,robbery,159
MA0130100,Boston PD,2014-12,robbery,141
MA0130100,Boston PD,2015-12,robbery,143
MA0130100,Boston PD,2016-12,robbery,166
MA0130100,Boston PD,2017-12,robbery,131
MA0130100,Boston PD,2018-12,robbery,97
MA0130100,Boston PD,2019-12,robbery,80
MA0130100,Boston PD,2020-12,robbery,59
MA0130100,Boston PD,2021-12,robbery,64
MA0130100,Boston PD,2022-12,robbery,74
MA0130100,Boston PD,2023-12,robbery,82
MA0130100,Boston PD,2024-12,robbery,67
MA0130100,Boston PD,2010-01,homicide,4
MA0130100,Boston PD,2011-01,homicide,1
MA0130100,Boston PD,2012-01,homicide,1
MA0130100,Boston PD,2013-01,homicide,4
MA0130100,Boston PD,2014-01,homicide,9
MA0130100,Boston PD,2015-01,homicide,4
MA0130100,Boston PD,2016-01,homicide,8
MA0130100,Boston PD,2017-01,homicide,5
MA0130100,Boston PD,2018-01,homicide,5
MA0130100,Boston PD,2019-01,homicide,4
MA0130100,Boston PD,2020-01,homicide,4
MA0130100,Boston PD,2021-01,homicide,4
MA0130100,Boston PD,2022-01,homicide,2
MA0130100,Boston PD,2023-01,homicide,2
MA0130100,Boston PD,2024-01,homicide,1
MA0130100,Boston PD,2010-02,homicide,4
MA0130100,Boston PD,2011-02,homicide,2
MA0130100,Boston PD,2012-02,homicide,6
MA0130100,Boston PD,2013-02,homicide,1
MA0130100,Boston PD,2014-02,homicide,3
MA0130100,Boston PD,2015-02,homicide,2
MA0130100,Boston PD,2016-02,homicide,2
MA0130100,Boston PD,2017-02,homicide,2
MA0130100,Boston PD,2018-02,homicide,4
MA0130100,Boston PD,2019-02,homicide,4
MA0130100,Boston PD,2020-02,homicide,7
MA0130100,Boston PD,2021-02,homicide,4
MA0130100,Boston PD,2022-02,homicide,1
MA0130100,Boston PD,2023-02,homicide,6
MA0130100,Boston PD,2024-02,homicide,1
MA0130100,Boston PD,2010-03,homicide,6
MA0130100,Boston PD,2011-03,homicide,4
MA0130100,Boston PD,2012-03,homicide,2
MA0130100,Boston PD,2013-03,homicide,2
MA0130100,Boston PD,2014-03,homicide,4
MA0130100,Boston PD,2015-03,homicide,2
MA0130100,Boston PD,2016-03,homicide,3
MA0130100,Boston PD,2017-03,homicide,1
MA0130100,Boston PD,2018-03,homicide,3
MA0130100,Boston PD,2019-03,homicide,1
MA0130100,Boston PD,2020-03,homicide,2
MA0130100,Boston PD,2021-03,homicide,1
MA0130100,Boston PD,2022-03,homicide,2
MA0130100,Boston PD,2023-03,homicide,3
MA0130100,Boston PD,2024-03,homicide,0
MA0130100,Boston PD,2010-04,homicide,4
MA0130100,Boston PD,2011-04,homicide,1
MA0130100,Boston PD,2012-04,homicide,6
MA0130100,Boston PD,2013-04,homicide,4
MA0130100,Boston PD,2014-04,homicide,4
MA0130100,Boston PD,2015-04,homicide,2
MA0130100,Boston PD,2016-04,homicide,1
MA0130100,Boston PD,2017-04,homicide,4
MA0130100,Boston PD,2018-04,homicide,4
MA0130100,Boston PD,2019-04,homicide,3
MA0130100,Boston PD,2020-04,homicide,1
MA0130100,Boston PD,2021-04,homicide,2
MA0130100,Boston PD,2022-04,homicide,6
MA0130100,Boston PD,2023-04,homicide,3
MA0130100,Boston PD,2024-04,homicide,1
MA0130100,Boston PD,2010-05,homicide,9
MA0130100,Boston PD,2011-05,homicide,6
MA0130100,Boston PD,2012-05,homicide,6
MA0130100,Boston PD,2013-05,homicide,5
MA0130100,Boston PD,2014-05,homicide,4
MA0130100,Boston PD,2015-05,homicide,2
MA0130100,Boston PD,2016-05,homicide,2
MA0130100,Boston PD,2017-05,homicide,6
MA0130100,Boston PD,2018-05,homicide,5
MA0130100,Boston PD,2019-05,homicide,4
MA0130100,Boston PD,2020-05,homicide,5
MA0130100,Boston PD,2021-05,homicide,6
MA0130100,Boston PD,2022-05,homicide,3
MA0130100,Boston PD,2023-05,homicide,2
MA0130100,Boston PD,2024-05,homicide,2
MA0130100,Boston PD,2010-06,homicide,2
MA0130100,Boston PD,2011-06,homicide,7
MA0130100,Boston PD,2012-06,homicide,2
MA0130100,Boston PD,2013-06,homicide,8
MA0130100,Boston PD,2014-06,homicide,6
MA0130100,Boston PD,2015-06,homicide,1
MA0130100,Boston PD,2016-06,homicide,6
MA0130100,Boston PD,2017-06,homicide,4
MA0130100,Boston PD,2018-06,homicide,5
MA0130100,Boston PD,2019-06,homicide,6
MA0130100,Boston PD,2020-06,homicide,5
MA0130100,Boston PD,2021-06,homicide,2
MA0130100,Boston PD,2022-06,homicide,2
MA0130100,Boston PD,2023-06,homicide,0
MA0130100,Boston PD,2024-06,homicide,1
MA0130100,Boston PD,2010-07,homicide,7
MA0130100,Boston PD,2011-07,homicide,10
MA0130100,Boston PD,2012-07,homicide,6
MA0130100,Boston PD,2013-07,homicide,3
MA0130100,Boston PD,2014-07,homicide,3
MA0130100,Boston PD,2015-07,homicide,6
MA0130100,Boston PD,2016-07,homicide,1
MA0130100,Boston PD,2017-07,homicide,7
MA0130100,Boston PD,2018-07,homicide,6
MA0130100,Boston PD,2019-07,homicide,3
MA0130100,Boston PD,2020-07,homicide,16
MA0130100,Boston PD,2021-07,homicide,2
MA0130100,Boston PD,2022-07,homicide,5
MA0130100,Boston PD,2023-07,homicide,8
MA0130100,Boston PD,2024-07,homicide,4
MA0130100,Boston PD,2010-08,homicide,8
MA0130100,Boston PD,2011-08,homicide,11
MA0130100,Boston PD,2012-08,homicide,7
MA0130100,Boston PD,2013-08,homicide,2
MA0130100,Boston PD,2014-08,homicide,4
MA0130100,Boston PD,2015-08,homicide,4
MA0130100,Boston PD,2016-08,homicide,5
MA0130100,Boston PD,2017-08,homicide,7
MA0130100,Boston PD,2018-08,homicide,4
MA0130100,Boston PD,2019-08,homicide,4
MA0130100,Boston PD,2020-08,homicide,5
MA0130100,Boston PD,2021-08,homicide,7
MA0130100,Boston PD,2022-08,homicide,6
MA0130100,Boston PD,2023-08,homicide,1
MA0130100,Boston PD,2024-08,homicide,4
MA0130100,Boston PD,2010-09,homicide,10
MA0130100,Boston PD,2011-09,homicide,5
MA0130100,Boston PD,2012-09,homicide,3
MA0130100,Boston PD,2013-09,homicide,4
MA0130100,Boston PD,2014-09,homicide,5
MA0130100,Boston PD,2015-09,homicide,4
MA0130100,Boston PD,2016-09,homicide,4
MA0130100,Boston PD,2017-09,homicide,6
MA0130100,Boston PD,2018-09,homicide,4
MA0130100,Boston PD,2019-09,homicide,4
MA0130100,Boston PD,2020-09,homicide,4
MA0130100,Boston PD,2021-09,homicide,2
MA0130100,Boston PD,2022-09,homicide,4
MA0130100,Boston PD,2023-09,homicide,2
MA0130100,Boston PD,2024-09,homicide,3
MA0130100,Boston PD,2010-10,homicide,7
MA0130100,Boston PD,2011-10,homicide,6
MA0130100,Boston PD,2012-10,homicide,8
MA0130100,Boston PD,2013-10,homicide,2
MA0130100,Boston PD,2014-10,homicide,4
MA0130100,Boston PD,2015-10,homicide,2
MA0130100,Boston PD,2016-10,homicide,8
MA0130100,Boston PD,2017-10,homicide,4
MA0130100,Boston PD,2018-10,homicide,8
MA0130100,Boston PD,2019-10,homicide,5
MA0130100,Boston PD,2020-10,homicide,3
MA0130100,Boston PD,2021-10,homicide,4
MA0130100,Boston PD,2022-10,homicide,7
MA0130100,Boston PD,2023-10,homicide,3
MA0130100,Boston PD,2024-10,homicide,3
MA0130100,Boston PD,2010-11,homicide,10
MA0130100,Boston PD,2011-11,homicide,5
MA0130100,Boston PD,2012-11,homicide,3
MA0130100,Boston PD,2013-11,homicide,2
MA0130100,Boston PD,2014-11,homicide,4
MA0130100,Boston PD,2015-11,homicide,3
MA0130100,Boston PD,2016-11,homicide,5
MA0130100,Boston PD,2017-11,homicide,4
MA0130100,Boston PD,2018-11,homicide,5
MA0130100,Boston PD,2019-11,homicide,2
MA0130100,Boston PD,2020-11,homicide,2
MA0130100,Boston PD,2021-11,homicide,2
MA0130100,Boston PD,2022-11,homicide,4
MA0130100,Boston PD,2023-11,homicide,1
MA0130100,Boston PD,2024-11,homicide,3
MA0130100,Boston PD,2010-12,homicide,2
MA0130100,Boston PD,2011-12,homicide,5
MA0130100,Boston PD,2012-12,homicide,7
MA0130100,Boston PD,2013-12,homicide,2
MA0130100,Boston PD,2014-12,homicide,3
MA0130100,Boston PD,2015-12,homicide,6
MA0130100,Boston PD,2016-12,homicide,4
MA0130100,Boston PD,2017-12,homicide,7
MA0130100,Boston PD,2018-12,homicide,3
MA0130100,Boston PD,2019-12,homicide,2
MA0130100,Boston PD,2020-12,homicide,4
MA0130100,Boston PD,2021-12,homicide,1
MA0130100,Boston PD,2022-12,homicide,4
MA0130100,Boston PD,2023-12,homicide,4
MA0130100,Boston PD,2024-12,homicide,2
WASPD0000,Seattle PD,2010-01,aggravated-assault,156
WASPD0000,Seattle PD,2011-01,aggravated-assault,159
WASPD0000,Seattle PD,2012-01,aggravated-assault,171
WASPD0000,Seattle PD,2013-01,aggravated-assault,153
WASPD0000,Seattle PD,2014-01,aggravated-assault,190
WASPD0000,Seattle PD,2015-01,aggravated-assault,174
WASPD0000,Seattle PD,2016-01,aggravated-assault,196
WASPD0000,Seattle PD,2017-01,aggravated-assault,190
WASPD0000,Seattle PD,2018-01,aggravated-assault,208
WASPD0000,Seattle PD,2019-01,aggravated-assault,228
WASPD0000,Seattle PD,2020-01,aggravated-assault,222
WASPD0000,Seattle PD,2021-01,aggravated-assault,234
WASPD0000,Seattle PD,2022-01,aggravated-assault,333
WASPD0000,Seattle PD,2023-01,aggravated-assault,255
WASPD0000,Seattle PD,2024-01,aggravated-assault,302
WASPD0000,Seattle PD,2010-02,aggravated-assault,111
WASPD0000,Seattle PD,2011-02,aggravated-assault,124
WASPD0000,Seattle PD,2012-02,aggravated-assault,145
WASPD0000,Seattle PD,2013-02,aggravated-assault,149
WASPD0000,Seattle PD,2014-02,aggravated-assault,150
WASPD0000,Seattle PD,2015-02,aggravated-assault,202
WASPD0000,Seattle PD,2016-02,aggravated-assault,186
WASPD0000,Seattle PD,2017-02,aggravated-assault,172
WASPD0000,Seattle PD,2018-02,aggravated-assault,208
WASPD0000,Seattle PD,2019-02,aggravated-assault,177
WASPD0000,Seattle PD,2020-02,aggravated-assault,212
WASPD0000,Seattle PD,2021-02,aggravated-assault,217
WASPD0000,Seattle PD,2022-02,aggravated-assault,275
WASPD0000,Seattle PD,2023-02,aggravated-assault,246
WASPD0000,Seattle PD,2024-02,aggravated-assault,269
WASPD0000,Seattle PD,2010-03,aggravated-assault,135
WASPD0000,Seattle PD,2011-03,aggravated-assault,158
WASPD0000,Seattle PD,2012-03,aggravated-assault,160
WASPD0000,Seattle PD,2013-03,aggravated-assault,141
WASPD0000,Seattle PD,2014-03,aggravated-assault,162
WASPD0000,Seattle PD,2015-03,aggravated-assault,163
WASPD0000,Seattle PD,2016-03,aggravated-assault,193
WASPD0000,Seattle PD,2017-03,aggravated-assault,218
WASPD0000,Seattle PD,2018-03,aggravated-assault,226
WASPD0000,Seattle PD,2019-03,aggravated-assault,254
WASPD0000,Seattle PD,2020-03,aggravated-assault,214
WASPD0000,Seattle PD,2021-03,aggravated-assault,285
WASPD0000,Seattle PD,2022-03,aggravated-assault,367
WASPD0000,Seattle PD,2023-03,aggravated-assault,286
WASPD0000,Seattle PD,2024-03,aggravated-assault,311
WASPD0000,Seattle PD,2010-04,aggravated-assault,141
WASPD0000,Seattle PD,2011-04,aggravated-assault,171
WASPD0000,Seattle PD,2012-04,aggravated-assault,186
WASPD0000,Seattle PD,2013-04,aggravated-assault,149
WASPD0000,Seattle PD,2014-04,aggravated-assault,186
WASPD0000,Seattle PD,2015-04,aggravated-assault,169
WASPD0000,Seattle PD,2016-04,aggravated-assault,163
WASPD0000,Seattle PD,2017-04,aggravated-assault,195
WASPD0000,Seattle PD,2018-04,aggravated-assault,208
WASPD0000,Seattle PD,2019-04,aggravated-assault,254
WASPD0000,Seattle PD,2020-04,aggravated-assault,211
WASPD0000,Seattle PD,2021-04,aggravated-assault,304
WASPD0000,Seattle PD,2022-04,aggravated-assault,305
WASPD0000,Seattle PD,2023-04,aggravated-assault,300
WASPD0000,Seattle PD,2024-04,aggravated-assault,358
WASPD0000,Seattle PD,2010-05,aggravated-assault,191
WASPD0000,Seattle PD,2011-05,aggravated-assault,170
WASPD0000,Seattle PD,2012-05,aggravated-assault,213
WASPD0000,Seattle PD,2013-05,aggravated-assault,188
WASPD0000,Seattle PD,2014-05,aggravated-assault,222
WASPD0000,Seattle PD,2015-05,aggravated-assault,207
WASPD0000,Seattle PD,2016-05,aggravated-assault,219
WASPD0000,Seattle PD,2017-05,aggravated-assault,256
WASPD0000,Seattle PD,2018-05,aggravated-assault,313
WASPD0000,Seattle PD,2019-05,aggravated-assault,298
WASPD0000,Seattle PD,2020-05,aggravated-assault,251
WASPD0000,Seattle PD,2021-05,aggravated-assault,291
WASPD0000,Seattle PD,2022-05,aggravated-assault,383
WASPD0000,Seattle PD,2023-05,aggravated-assault,386
WASPD0000,Seattle PD,2024-05,aggravated-assault,359
WASPD0000,Seattle PD,2010-06,aggravated-assault,165
WASPD0000,Seattle PD,2011-06,aggravated-assault,166
WASPD0000,Seattle PD,2012-06,aggravated-assault,206
WASPD0000,Seattle PD,2013-06,aggravated-assault,155
WASPD0000,Seattle PD,2014-06,aggravated-assault,194
WASPD0000,Seattle PD,2015-06,aggravated-assault,227
WASPD0000,Seattle PD,2016-06,aggravated-assault,213
WASPD0000,Seattle PD,2017-06,aggravated-assault,263
WASPD0000,Seattle PD,2018-06,aggravated-assault,264
WASPD0000,Seattle PD,2019-06,aggravated-assault,223
WASPD0000,Seattle PD,2020-06,aggravated-assault,258
WASPD0000,Seattle PD,2021-06,aggravated-assault,379
WASPD0000,Seattle PD,2022-06,aggravated-assault,356
WASPD0000,Seattle PD,2023-06,aggravated-assault,324
WASPD0000,Seattle PD,2024-06,aggravated-assault,358
WASPD0000,Seattle PD,2010-07,aggravated-assault,196
WASPD0000,Seattle PD,2011-07,aggravated-assault,201
WASPD0000,Seattle PD,2012-07,aggravated-assault,214
WASPD0000,Seattle PD,2013-07,aggravated-assault,216
WASPD0000,Seattle PD,2014-07,aggravated-assault,201
WASPD0000,Seattle PD,2015-07,aggravated-assault,221
WASPD0000,Seattle PD,2016-07,aggravated-assault,237
WASPD0000,Seattle PD,2017-07,aggravated-assault,270
WASPD0000,Seattle PD,2018-07,aggravated-assault,285
WASPD0000,Seattle PD,2019-07,aggravated-assault,300
WASPD0000,Seattle PD,2020-07,aggravated-assault,313
WASPD0000,Seattle PD,2021-07,aggravated-assault,412
WASPD0000,Seattle PD,2022-07,aggravated-assault,414
WASPD0000,Seattle PD,2023-07,aggravated-assault,390
WASPD0000,Seattle PD,2024-07,aggravated-assault,369
WASPD0000,Seattle PD,2010-08,aggravated-assault,212
WASPD0000,Seattle PD,2011-08,aggravated-assault,225
WASPD0000,Seattle PD,2012-08,aggravated-assault,191
WASPD0000,Seattle PD,2013-08,aggravated-assault,183
WASPD0000,Seattle PD,2014-08,aggravated-assault,206
WASPD0000,Seattle PD,2015-08,aggravated-assault,281
WASPD0000,Seattle PD,2016-08,aggravated-assault,238
WASPD0000,Seattle PD,2017-08,aggravated-assault,255
WASPD0000,Seattle PD,2018-08,aggravated-assault,305
WASPD0000,Seattle PD,2019-08,aggravated-assault,275
WASPD0000,Seattle PD,2020-08,aggravated-assault,324
WASPD0000,Seattle PD,2021-08,aggravated-assault,401
WASPD0000,Seattle PD,2022-08,aggravated-assault,375
WASPD0000,Seattle PD,2023-08,aggravated-assault,408
WASPD0000,Seattle PD,2024-08,aggravated-assault,353
WASPD0000,Seattle PD,2010-09,aggravated-assault,191
WASPD0000,Seattle PD,2011-09,aggravated-assault,203
WASPD0000,Seattle PD,2012-09,aggravated-assault,220
WASPD0000,Seattle PD,2013-09,aggravated-assault,171
WASPD0000,Seattle PD,2014-09,aggravated-assault,227
WASPD0000,Seattle PD,2015-09,aggravated-assault,174
WASPD0000,Seattle PD,2016-09,aggravated-assault,229
WASPD0000,Seattle PD,2017-09,aggravated-assault,222
WASPD0000,Seattle PD,2018-09,aggravated-assault,312
WASPD0000,Seattle PD,2019-09,aggravated-assault,251
WASPD0000,Seattle PD,2020-09,aggravated-assault,284
WASPD0000,Seattle PD,2021-09,aggravated-assault,360
WASPD0000,Seattle PD,2022-09,aggravated-assault,370
WASPD0000,Seattle PD,2023-09,aggravated-assault,363
WASPD0000,Seattle PD,2024-09,aggravated-assault,306
WASPD0000,Seattle PD,2010-10,aggravated-assault,173
WASPD0000,Seattle PD,2011-10,aggravated-assault,209
WASPD0000,Seattle PD,2012-10,aggravated-assault,191
WASPD0000,Seattle PD,2013-10,aggravated-assault,168
WASPD0000,Seattle PD,2014-10,aggravated-assault,204
WASPD0000,Seattle PD,2015-10,aggravated-assault,188
WASPD0000,Seattle PD,2016-10,aggravated-assault,177
WASPD0000,Seattle PD,2017-10,aggravated-assault,233
WASPD0000,Seattle PD,2018-10,aggravated-assault,266
WASPD0000,Seattle PD,2019-10,aggravated-assault,269
WASPD0000,Seattle PD,2020-10,aggravated-assault,311
WASPD0000,Seattle PD,2021-10,aggravated-assault,395
WASPD0000,Seattle PD,2022-10,aggravated-assault,338
WASPD0000,Seattle PD,2023-10,aggravated-assault,347
WASPD0000,Seattle PD,2024-10,aggravated-assault,327
WASPD0000,Seattle PD,2010-11,aggravated-assault,137
WASPD0000,Seattle PD,2011-11,aggravated-assault,174
WASPD0000,Seattle PD,2012-11,aggravated-assault,136
WASPD0000,Seattle PD,2013-11,aggravated-assault,150
WASPD0000,Seattle PD,2014-11,aggravated-assault,151
WASPD0000,Seattle PD,2015-11,aggravated-assault,196
WASPD0000,Seattle PD,2016-11,aggravated-assault,217
WASPD0000,Seattle PD,2017-11,aggravated-assault,215
WASPD0000,Seattle PD,2018-11,aggravated-assault,238
WASPD0000,Seattle PD,2019-11,aggravated-assault,234
WASPD0000,Seattle PD,2020-11,aggravated-assault,225
WASPD0000,Seattle PD,2021-11,aggravated-assault,281
WASPD0000,Seattle PD,2022-11,aggravated-assault,278
WASPD0000,Seattle PD,2023-11,aggravated-assault,312
WASPD0000,Seattle PD,2024-11,aggravated-assault,287
WASPD0000,Seattle PD,2010-12,aggravated-assault,163
WASPD0000,Seattle PD,2011-12,aggravated-assault,166
WASPD0000,Seattle PD,2012-12,aggravated-assault,165
WASPD0000,Seattle PD,2013-12,aggravated-assault,163
WASPD0000,Seattle PD,2014-12,aggravated-assault,165
WASPD0000,Seattle PD,2015-12,aggravated-assault,192
WASPD0000,Seattle PD,2016-12,aggravated-assault,205
WASPD0000,Seattle PD,2017-12,aggravated-assault,206
WASPD0000,Seattle PD,2018-12,aggravated-assault,231
WASPD0000,Seattle PD,2019-12,aggravated-assault,258
WASPD0000,Seattle PD,2020-12,aggravated-assault,222
WASPD0000,Seattle PD,2021-12,aggravated-assault,307
WASPD0000,Seattle PD,2022-12,aggravated-assault,273
WASPD0000,Seattle PD,2023-12,aggravated-assault,281
WASPD0000,Seattle PD,2024-12,aggravated-assault,270
WASPD0000,Seattle PD,2010-01,robbery,149
WASPD0000,Seattle PD,2011-01,robbery,111
WASPD0000,Seattle PD,2012-01,robbery,117
WASPD0000,Seattle PD,2013-01,robbery,121
WASPD0000,Seattle PD,2014-01,robbery,129
WASPD0000,Seattle PD,2015-01,robbery,133
WASPD0000,Seattle PD,2016-01,robbery,141
WASPD0000,Seattle PD,2017-01,robbery,113
WASPD0000,Seattle PD,2018-01,robbery,131
WASPD0000,Seattle PD,2019-01,robbery,136
WASPD0000,Seattle PD,2020-01,robbery,136
WASPD0000,Seattle PD,2021-01,robbery,135
WASPD0000,Seattle PD,2022-01,robbery,188
WASPD0000,Seattle PD,2023-01,robbery,125
WASPD0000,Seattle PD,2024-01,robbery,144
WASPD0000,Seattle PD,2010-02,robbery,102
WASPD0000,Seattle PD,2011-02,robbery,95
WASPD0000,Seattle PD,2012-02,robbery,85
WASPD0000,Seattle PD,2013-02,robbery,134
WASPD0000,Seattle PD,2014-02,robbery,78
WASPD0000,Seattle PD,2015-02,robbery,128
WASPD0000,Seattle PD,2016-02,robbery,104
WASPD0000,Seattle PD,2017-02,robbery,109
WASPD0000,Seattle PD,2018-02,robbery,120
WASPD0000,Seattle PD,2019-02,robbery,113
WASPD0000,Seattle PD,2020-02,robbery,85
WASPD0000,Seattle PD,2021-02,robbery,120
WASPD0000,Seattle PD,2022-02,robbery,144
WASPD0000,Seattle PD,2023-02,robbery,101
WASPD0000,Seattle PD,2024-02,robbery,121
WASPD0000,Seattle PD,2010-03,robbery,116
WASPD0000,Seattle PD,2011-03,robbery,128
WASPD0000,Seattle PD,2012-03,robbery,116
WASPD0000,Seattle PD,2013-03,robbery,101
WASPD0000,Seattle PD,2014-03,robbery,140
WASPD0000,Seattle PD,2015-03,robbery,131
WASPD0000,Seattle PD,2016-03,robbery,118
WASPD0000,Seattle PD,2017-03,robbery,137
WASPD0000,Seattle PD,2018-03,robbery,128
WASPD0000,Seattle PD,2019-03,robbery,125
WASPD0000,Seattle PD,2020-03,robbery,103
WASPD0000,Seattle PD,2021-03,robbery,120
WASPD0000,Seattle PD,2022-03,robbery,157
WASPD0000,Seattle PD,2023-03,robbery,100
WASPD0000,Seattle PD,2024-03,robbery,138
WASPD0000,Seattle PD,2010-04,robbery,117
WASPD0000,Seattle PD,2011-04,robbery,105
WASPD0000,Seattle PD,2012-04,robbery,114
WASPD0000,Seattle PD,2013-04,robbery,101
WASPD0000,Seattle PD,2014-04,robbery,124
WASPD0000,Seattle PD,2015-04,robbery,120
WASPD0000,Seattle PD,2016-04,robbery,131
WASPD0000,Seattle PD,2017-04,robbery,141
WASPD0000,Seattle PD,2018-04,robbery,105
WASPD0000,Seattle PD,2019-04,robbery,128
WASPD0000,Seattle PD,2020-04,robbery,111
WASPD0000,Seattle PD,2021-04,robbery,123
WASPD0000,Seattle PD,2022-04,robbery,121
WASPD0000,Seattle PD,2023-04,robbery,95
WASPD0000,Seattle PD,2024-04,robbery,126
WASPD0000,Seattle PD,2010-05,robbery,126
WASPD0000,Seattle PD,2011-05,robbery,107
WASPD0000,Seattle PD,2012-05,robbery,117
WASPD0000,Seattle PD,2013-05,robbery,133
WASPD0000,Seattle PD,2014-05,robbery,134
WASPD0000,Seattle PD,2015-05,robbery,127
WASPD0000,Seattle PD,2016-05,robbery,130
WASPD0000,Seattle PD,2017-05,robbery,132
WASPD0000,Seattle PD,2018-05,robbery,142
WASPD0000,Seattle PD,2019-05,robbery,116
WASPD0000,Seattle PD,2020-05,robbery,116
WASPD0000,Seattle PD,2021-05,robbery,144
WASPD0000,Seattle PD,2022-05,robbery,138
WASPD0000,Seattle PD,2023-05,robbery,136
WASPD0000,Seattle PD,2024-05,robbery,118
WASPD0000,Seattle PD,2010-06,robbery,116
WASPD0000,Seattle PD,2011-06,robbery,120
WASPD0000,Seattle PD,2012-06,robbery,125
WASPD0000,Seattle PD,2013-06,robbery,126
WASPD0000,Seattle PD,2014-06,robbery,151
WASPD0000,Seattle PD,2015-06,robbery,143
WASPD0000,Seattle PD,2016-06,robbery,142
WASPD0000,Seattle PD,2017-06,robbery,113
WASPD0000,Seattle PD,2018-06,robbery,137
WASPD0000,Seattle PD,2019-06,robbery,124
WASPD0000,Seattle PD,2020-06,robbery,116
WASPD0000,Seattle PD,2021-06,robbery,138
WASPD0000,Seattle PD,2022-06,robbery,146
WASPD0000,Seattle PD,2023-06,robbery,145
WASPD0000,Seattle PD,2024-06,robbery,139
WASPD0000,Seattle PD,2010-07,robbery,127
WASPD0000,Seattle PD,2011-07,robbery,120
WASPD0000,Seattle PD,2012-07,robbery,110
WASPD0000,Seattle PD,2013-07,robbery,148
WASPD0000,Seattle PD,2014-07,robbery,121
WASPD0000,Seattle PD,2015-07,robbery,140
WASPD0000,Seattle PD,2016-07,robbery,130
WASPD0000,Seattle PD,2017-07,robbery,117
WASPD0000,Seattle PD,2018-07,robbery,145
WASPD0000,Seattle PD,2019-07,robbery,150
WASPD0000,Seattle PD,2020-07,robbery,125
WASPD0000,Seattle PD,2021-07,robbery,143
WASPD0000,Seattle PD,2022-07,robbery,169
WASPD0000,Seattle PD,2023-07,robbery,152
WASPD0000,Seattle PD,2024-07,robbery,150
WASPD0000,Seattle PD,2010-08,robbery,128
WASPD0000,Seattle PD,2011-08,robbery,119
WASPD0000,Seattle PD,2012-08,robbery,145
WASPD0000,Seattle PD,2013-08,robbery,157
WASPD0000,Seattle PD,2014-08,robbery,150
WASPD0000,Seattle PD,2015-08,robbery,132
WASPD0000,Seattle PD,2016-08,robbery,140
WASPD0000,Seattle PD,2017-08,robbery,132
WASPD0000,Seattle PD,2018-08,robbery,153
WASPD0000,Seattle PD,2019-08,robbery,141
WASPD0000,Seattle PD,2020-08,robbery,153
WASPD0000,Seattle PD,2021-08,robbery,167
WASPD0000,Seattle PD,2022-08,robbery,178
WASPD0000,Seattle PD,2023-08,robbery,168
WASPD0000,Seattle PD,2024-08,robbery,144
WASPD0000,Seattle PD,2010-09,robbery,105
WASPD0000,Seattle PD,2011-09,robbery,110
WASPD0000,Seattle PD,2012-09,robbery,139
WASPD0000,Seattle PD,2013-09,robbery,121
WASPD0000,Seattle PD,2014-09,robbery,152
WASPD0000,Seattle PD,2015-09,robbery,136
WASPD0000,Seattle PD,2016-09,robbery,128
WASPD0000,Seattle PD,2017-09,robbery,123
WASPD0000,Seattle PD,2018-09,robbery,150
WASPD0000,Seattle PD,2019-09,robbery,114
WASPD0000,Seattle PD,2020-09,robbery,132
WASPD0000,Seattle PD,2021-09,robbery,153
WASPD0000,Seattle PD,2022-09,robbery,138
WASPD0000,Seattle PD,2023-09,robbery,161
WASPD0000,Seattle PD,2024-09,robbery,171
WASPD0000,Seattle PD,2010-10,robbery,102
WASPD0000,Seattle PD,2011-10,robbery,141
WASPD0000,Seattle PD,2012-10,robbery,139
WASPD0000,Seattle PD,2013-10,robbery,162
WASPD0000,Seattle PD,2014-10,robbery,107
WASPD0000,Seattle PD,2015-10,robbery,125
WASPD0000,Seattle PD,2016-10,robbery,137
WASPD0000,Seattle PD,2017-10,robbery,136
WASPD0000,Seattle PD,2018-10,robbery,166
WASPD0000,Seattle PD,2019-10,robbery,133
WASPD0000,Seattle PD,2020-10,robbery,146
WASPD0000,Seattle PD,2021-10,robbery,182
WASPD0000,Seattle PD,2022-10,robbery,152
WASPD0000,Seattle PD,2023-10,robbery,179
WASPD0000,Seattle PD,2024-10,robbery,153
WASPD0000,Seattle PD,2010-11,robbery,113
WASPD0000,Seattle PD,2011-11,robbery,118
WASPD0000,Seattle PD,2012-11,robbery,115
WASPD0000,Seattle PD,2013-11,robbery,171
WASPD0000,Seattle PD,2014-11,robbery,142
WASPD0000,Seattle PD,2015-11,robbery,110
WASPD0000,Seattle PD,2016-11,robbery,122
WASPD0000,Seattle PD,2017-11,robbery,133
WASPD0000,Seattle PD,2018-11,robbery,143
WASPD0000,Seattle PD,2019-11,robbery,136
WASPD0000,Seattle PD,2020-11,robbery,122
WASPD0000,Seattle PD,2021-11,robbery,187
WASPD0000,Seattle PD,2022-11,robbery,117
WASPD0000,Seattle PD,2023-11,robbery,166
WASPD0000,Seattle PD,2024-11,robbery,148
WASPD0000,Seattle PD,2010-12,robbery,128
WASPD0000,Seattle PD,2011-12,robbery,144
WASPD0000,Seattle PD,2012-12,robbery,114
WASPD0000,Seattle PD,2013-12,robbery,127
WASPD0000,Seattle PD,2014-12,robbery,139
WASPD0000,Seattle PD,2015-12,robbery,107
WASPD0000,Seattle PD,2016-12,robbery,126
WASPD0000,Seattle PD,2017-12,robbery,111
WASPD0000,Seattle PD,2018-12,robbery,126
WASPD0000,Seattle PD,2019-12,robbery,131
WASPD0000,Seattle PD,2020-12,robbery,129
WASPD0000,Seattle PD,2021-12,robbery,135
WASPD0000,Seattle PD,2022-12,robbery,103
WASPD0000,Seattle PD,2023-12,robbery,147
WASPD0000,Seattle PD,2024-12,robbery,132
WASPD0000,Seattle PD,2010-01,homicide,2
WASPD0000,Seattle PD,2011-01,homicide,1
WASPD0000,Seattle PD,2012-01,homicide,4
WASPD0000,Seattle PD,2013-01,homicide,0
WASPD0000,Seattle PD,2014-01,homicide,1
WASPD0000,Seattle PD,2015-01,homicide,0
WASPD0000,Seattle PD,2016-01,homicide,3
WASPD0000,Seattle PD,2017-01,homicide,2
WASPD0000,Seattle PD,2018-01,homicide,2
WASPD0000,Seattle PD,2019-01,homicide,3
WASPD0000,Seattle PD,2020-01,homicide,6
WASPD0000,Seattle PD,2021-01,homicide,4
WASPD0000,Seattle PD,2022-01,homicide,4
WASPD0000,Seattle PD,2023-01,homicide,6
WASPD0000,Seattle PD,2024-01,homicide,3
WASPD0000,Seattle PD,2010-02,homicide,1
WASPD0000,Seattle PD,2011-02,homicide,1
WASPD0000,Seattle PD,2012-02,homicide,3
WASPD0000,Seattle PD,2013-02,homicide,1
WASPD0000,Seattle PD,2014-02,homicide,2
WASPD0000,Seattle PD,2015-02,homicide,2
WASPD0000,Seattle PD,2016-02,homicide,3
WASPD0000,Seattle PD,2017-02,homicide,0
WASPD0000,Seattle PD,2018-02,homicide,2
WASPD0000,Seattle PD,2019-02,homicide,1
WASPD0000,Seattle PD,2020-02,homicide,1
WASPD0000,Seattle PD,2021-02,homicide,2
WASPD0000,Seattle PD,2022-02,homicide,3
WASPD0000,Seattle PD,2023-02,homicide,2
WASPD0000,Seattle PD,2024-02,homicide,5
WASPD0000,Seattle PD,2010-03,homicide,1
WASPD0000,Seattle PD,2011-03,homicide,1
WASPD0000,Seattle PD,2012-03,homicide,2
WASPD0000,Seattle PD,2013-03,homicide,3
WASPD0000,Seattle PD,2014-03,homicide,0
WASPD0000,Seattle PD,2015-03,homicide,4
WASPD0000,Seattle PD,2016-03,homicide,2
WASPD0000,Seattle PD,2017-03,homicide,0
WASPD0000,Seattle PD,2018-03,homicide,1
WASPD0000,Seattle PD,2019-03,homicide,3
WASPD0000,Seattle PD,2020-03,homicide,2
WASPD0000,Seattle PD,2021-03,homicide,2
WASPD0000,Seattle PD,2022-03,homicide,6
WASPD0000,Seattle PD,2023-03,homicide,6
WASPD0000,Seattle PD,2024-03,homicide,4
WASPD0000,Seattle PD,2010-04,homicide,0
WASPD0000,Seattle PD,2011-04,homicide,0
WASPD0000,Seattle PD,2012-04,homicide,2
WASPD0000,Seattle PD,2013-04,homicide,1
WASPD0000,Seattle PD,2014-04,homicide,4
WASPD0000,Seattle PD,2015-04,homicide,1
WASPD0000,Seattle PD,2016-04,homicide,1
WASPD0000,Seattle PD,2017-04,homicide,2
WASPD0000,Seattle PD,2018-04,homicide,3
WASPD0000,Seattle PD,2019-04,homicide,0
WASPD0000,Seattle PD,2020-04,homicide,3
WASPD0000,Seattle PD,2021-04,homicide,2
WASPD0000,Seattle PD,2022-04,homicide,4
WASPD0000,Seattle PD,2023-04,homicide,5
WASPD0000,Seattle PD,2024-04,homicide,1
WASPD0000,Seattle PD,2010-05,homicide,2
WASPD0000,Seattle PD,2011-05,homicide,0
WASPD0000,Seattle PD,2012-05,homicide,8
WASPD0000,Seattle PD,2013-05,homicide,2
WASPD0000,Seattle PD,2014-05,homicide,1
WASPD0000,Seattle PD,2015-05,homicide,0
WASPD0000,Seattle PD,2016-05,homicide,1
WASPD0000,Seattle PD,2017-05,homicide,2
WASPD0000,Seattle PD,2018-05,homicide,0
WASPD0000,Seattle PD,2019-05,homicide,4
WASPD0000,Seattle PD,2020-05,homicide,5
WASPD0000,Seattle PD,2021-05,homicide,3
WASPD0000,Seattle PD,2022-05,homicide,2
WASPD0000,Seattle PD,2023-05,homicide,7
WASPD0000,Seattle PD,2024-05,homicide,7
WASPD0000,Seattle PD,2010-06,homicide,1
WASPD0000,Seattle PD,2011-06,homicide,1
WASPD0000,Seattle PD,2012-06,homicide,1
WASPD0000,Seattle PD,2013-06,homicide,0
WASPD0000,Seattle PD,2014-06,homicide,5
WASPD0000,Seattle PD,2015-06,homicide,2
WASPD0000,Seattle PD,2016-06,homicide,1
WASPD0000,Seattle PD,2017-06,homicide,3
WASPD0000,Seattle PD,2018-06,homicide,4
WASPD0000,Seattle PD,2019-06,homicide,1
WASPD0000,Seattle PD,2020-06,homicide,4
WASPD0000,Seattle PD,2021-06,homicide,9
WASPD0000,Seattle PD,2022-06,homicide,9
WASPD0000,Seattle PD,2023-06,homicide,6
WASPD0000,Seattle PD,2024-06,homicide,7
WASPD0000,Seattle PD,2010-07,homicide,0
WASPD0000,Seattle PD,2011-07,homicide,5
WASPD0000,Seattle PD,2012-07,homicide,2
WASPD0000,Seattle PD,2013-07,homicide,3
WASPD0000,Seattle PD,2014-07,homicide,3
WASPD0000,Seattle PD,2015-07,homicide,4
WASPD0000,Seattle PD,2016-07,homicide,1
WASPD0000,Seattle PD,2017-07,homicide,2
WASPD0000,Seattle PD,2018-07,homicide,1
WASPD0000,Seattle PD,2019-07,homicide,7
WASPD0000,Seattle PD,2020-07,homicide,7
WASPD0000,Seattle PD,2021-07,homicide,5
WASPD0000,Seattle PD,2022-07,homicide,4
WASPD0000,Seattle PD,2023-07,homicide,7
WASPD0000,Seattle PD,2024-07,homicide,5
WASPD0000,Seattle PD,2010-08,homicide,2
WASPD0000,Seattle PD,2011-08,homicide,2
WASPD0000,Seattle PD,2012-08,homicide,1
WASPD0000,Seattle PD,2013-08,homicide,0
WASPD0000,Seattle PD,2014-08,homicide,1
WASPD0000,Seattle PD,2015-08,homicide,4
WASPD0000,Seattle PD,2016-08,homicide,1
WASPD0000,Seattle PD,2017-08,homicide,2
WASPD0000,Seattle PD,2018-08,homicide,1
WASPD0000,Seattle PD,2019-08,homicide,5
WASPD0000,Seattle PD,2020-08,homicide,6
WASPD0000,Seattle PD,2021-08,homicide,6
WASPD0000,Seattle PD,2022-08,homicide,10
WASPD0000,Seattle PD,2023-08,homicide,8
WASPD0000,Seattle PD,2024-08,homicide,8
WASPD0000,Seattle PD,2010-09,homicide,6
WASPD0000,Seattle PD,2011-09,homicide,2
WASPD0000,Seattle PD,2012-09,homicide,0
WASPD0000,Seattle PD,2013-09,homicide,3
WASPD0000,Seattle PD,2014-09,homicide,3
WASPD0000,Seattle PD,2015-09,homicide,2
WASPD0000,Seattle PD,2016-09,homicide,0
WASPD0000,Seattle PD,2017-09,homicide,2
WASPD0000,Seattle PD,2018-09,homicide,4
WASPD0000,Seattle PD,2019-09,homicide,2
WASPD0000,Seattle PD,2020-09,homicide,6
WASPD0000,Seattle PD,2021-09,homicide,2
WASPD0000,Seattle PD,2022-09,homicide,4
WASPD0000,Seattle PD,2023-09,homicide,13
WASPD0000,Seattle PD,2024-09,homicide,2
WASPD0000,Seattle PD,2010-10,homicide,2
WASPD0000,Seattle PD,2011-10,homicide,2
WASPD0000,Seattle PD,2012-10,homicide,2
WASPD0000,Seattle PD,2013-10,homicide,2
WASPD0000,Seattle PD,2014-10,homicide,3
WASPD0000,Seattle PD,2015-10,homicide,3
WASPD0000,Seattle PD,2016-10,homicide,1
WASPD0000,Seattle PD,2017-10,homicide,3
WASPD0000,Seattle PD,2018-10,homicide,3
WASPD0000,Seattle PD,2019-10,homicide,1
WASPD0000,Seattle PD,2020-10,homicide,6
WASPD0000,Seattle PD,2021-10,homicide,3
WASPD0000,Seattle PD,2022-10,homicide,4
WASPD0000,Seattle PD,2023-10,homicide,3
WASPD0000,Seattle PD,2024-10,homicide,4
WASPD0000,Seattle PD,2010-11,homicide,2
WASPD0000,Seattle PD,2011-11,homicide,1
WASPD0000,Seattle PD,2012-11,homicide,0
WASPD0000,Seattle PD,2013-11,homicide,1
WASPD0000,Seattle PD,2014-11,homicide,0
WASPD0000,Seattle PD,2015-11,homicide,0
WASPD0000,Seattle PD,2016-11,homicide,2
WASPD0000,Seattle PD,2017-11,homicide,3
WASPD0000,Seattle PD,2018-11,homicide,3
WASPD0000,Seattle PD,2019-11,homicide,2
WASPD0000,Seattle PD,2020-11,homicide,3
WASPD0000,Seattle PD,2021-11,homicide,3
WASPD0000,Seattle PD,2022-11,homicide,2
WASPD0000,Seattle PD,2023-11,homicide,3
WASPD0000,Seattle PD,2024-11,homicide,3
WASPD0000,Seattle PD,2010-12,homicide,0
WASPD0000,Seattle PD,2011-12,homicide,4
WASPD0000,Seattle PD,2012-12,homicide,0
WASPD0000,Seattle PD,2013-12,homicide,2
WASPD0000,Seattle PD,2014-12,homicide,3
WASPD0000,Seattle PD,2015-12,homicide,2
WASPD0000,Seattle PD,2016-12,homicide,1
WASPD0000,Seattle PD,2017-12,homicide,3
WASPD0000,Seattle PD,2018-12,homicide,1
WASPD0000,Seattle PD,2019-12,homicide,1
WASPD0000,Seattle PD,2020-12,homicide,1
WASPD0000,Seattle PD,2021-12,homicide,2
WASPD0000,Seattle PD,2022-12,homicide,3
WASPD0000,Seattle PD,2023-12,homicide,2
WASPD0000,Seattle PD,2024-12,homicide,2
OR0260200,Portland PD,2010-01,aggravated-assault,160
OR0260200,Portland PD,2011-01,aggravated-assault,138
OR0260200,Portland PD,2012-01,aggravated-assault,143
OR0260200,Portland PD,2013-01,aggravated-assault,148
OR0260200,Portland PD,2014-01,aggravated-assault,167
OR0260200,Portland PD,2015-01,aggravated-assault,129
OR0260200,Portland PD,2016-01,aggravated-assault,164
OR0260200,Portland PD,2017-01,aggravated-assault,122
OR0260200,Portland PD,2018-01,aggravated-assault,144
OR0260200,Portland PD,2019-01,aggravated-assault,146
OR0260200,Portland PD,2020-01,aggravated-assault,207
OR0260200,Portland PD,2021-01,aggravated-assault,250
OR0260200,Portland PD,2022-01,aggravated-assault,252
OR0260200,Portland PD,2023-01,aggravated-assault,223
OR0260200,Portland PD,2024-01,aggravated-assault,204
OR0260200,Portland PD,2010-02,aggravated-assault,119
OR0260200,Portland PD,2011-02,aggravated-assault,123
OR0260200,Portland PD,2012-02,aggravated-assault,153
OR0260200,Portland PD,2013-02,aggravated-assault,135
OR0260200,Portland PD,2014-02,aggravated-assault,113
OR0260200,Portland PD,2015-02,aggravated-assault,115
OR0260200,Portland PD,2016-02,aggravated-assault,118
OR0260200,Portland PD,2017-02,aggravated-assault,120
OR0260200,Portland PD,2018-02,aggravated-assault,148
OR0260200,Portland PD,2019-02,aggravated-assault,135
OR0260200,Portland PD,2020-02,aggravated-assault,181
OR0260200,Portland PD,2021-02,aggravated-assault,208
OR0260200,Portland PD,2022-02,aggravated-assault,233
OR0260200,Portland PD,2023-02,aggravated-assault,217
OR0260200,Portland PD,2024-02,aggravated-assault,212
OR0260200,Portland PD,2010-03,aggravated-assault,142
OR0260200,Portland PD,2011-03,aggravated-assault,157
OR0260200,Portland PD,2012-03,aggravated-assault,150
OR0260200,Portland PD,2013-03,aggravated-assault,152
OR0260200,Portland PD,2014-03,aggravated-assault,140
OR0260200,Portland PD,2015-03,aggravated-assault,155
OR0260200,Portland PD,2016-03,aggravated-assault,160
OR0260200,Portland PD,2017-03,aggravated-assault,135
OR0260200,Portland PD,2018-03,aggravated-assault,139
OR0260200,Portland PD,2019-03,aggravated-assault,203
OR0260200,Portland PD,2020-03,aggravated-assault,168
OR0260200,Portland PD,2021-03,aggravated-assault,240
OR0260200,Portland PD,2022-03,aggravated-assault,316
OR0260200,Portland PD,2023-03,aggravated-assault,265
OR0260200,Portland PD,2024-03,aggravated-assault,266
OR0260200,Portland PD,2010-04,aggravated-assault,138
OR0260200,Portland PD,2011-04,aggravated-assault,123
OR0260200,Portland PD,2012-04,aggravated-assault,157
OR0260200,Portland PD,2013-04,aggravated-assault,147
OR0260200,Portland PD,2014-04,aggravated-assault,137
OR0260200,Portland PD,2015-04,aggravated-assault,0
OR0260200,Portland PD,2016-04,aggravated-assault,135
OR0260200,Portland PD,2017-04,aggravated-assault,145
OR0260200,Portland PD,2018-04,aggravated-assault,145
OR0260200,Portland PD,2019-04,aggravated-assault,171
OR0260200,Portland PD,2020-04,aggravated-assault,128
OR0260200,Portland PD,2021-04,aggravated-assault,281
OR0260200,Portland PD,2022-04,aggravated-assault,248
OR0260200,Portland PD,2023-04,aggravated-assault,246
OR0260200,Portland PD,2024-04,aggravated-assault,224
OR0260200,Portland PD,2010-05,aggravated-assault,153
OR0260200,Portland PD,2011-05,aggravated-assault,136
OR0260200,Portland PD,2012-05,aggravated-assault,155
OR0260200,Portland PD,2013-05,aggravated-assault,164
OR0260200,Portland PD,2014-05,aggravated-assault,170
OR0260200,Portland PD,2015-05,aggravated-assault,0
OR0260200,Portland PD,2016-05,aggravated-assault,162
OR0260200,Portland PD,2017-05,aggravated-assault,162
OR0260200,Portland PD,2018-05,aggravated-assault,183
OR0260200,Portland PD,2019-05,aggravated-assault,206
OR0260200,Portland PD,2020-05,aggravated-assault,183
OR0260200,Portland PD,2021-05,aggravated-assault,337
OR0260200,Portland PD,2022-05,aggravated-assault,285
OR0260200,Portland PD,2023-05,aggravated-assault,288
OR0260200,Portland PD,2024-05,aggravated-assault,262
OR0260200,Portland PD,2010-06,aggravated-assault,141
OR0260200,Portland PD,2011-06,aggravated-assault,171
OR0260200,Portland PD,2012-06,aggravated-assault,185
OR0260200,Portland PD,2013-06,aggravated-assault,140
OR0260200,Portland PD,2014-06,aggravated-assault,151
OR0260200,Portland PD,2015-06,aggravated-assault,0
OR0260200,Portland PD,2016-06,aggravated-assault,171
OR0260200,Portland PD,2017-06,aggravated-assault,195
OR0260200,Portland PD,2018-06,aggravated-assault,175
OR0260200,Portland PD,2019-06,aggravated-assault,224
OR0260200,Portland PD,2020-06,aggravated-assault,193
OR0260200,Portland PD,2021-06,aggravated-assault,341
OR0260200,Portland PD,2022-06,aggravated-assault,264
OR0260200,Portland PD,2023-06,aggravated-assault,281
OR0260200,Portland PD,2024-06,aggravated-assault,269
OR0260200,Portland PD,2010-07,aggravated-assault,182
OR0260200,Portland PD,2011-07,aggravated-assault,166
OR0260200,Portland PD,2012-07,aggravated-assault,151
OR0260200,Portland PD,2013-07,aggravated-assault,154
OR0260200,Portland PD,2014-07,aggravated-assault,172
OR0260200,Portland PD,2015-07,aggravated-assault,0
OR0260200,Portland PD,2016-07,aggravated-assault,158
OR0260200,Portland PD,2017-07,aggravated-assault,168
OR0260200,Portland PD,2018-07,aggravated-assault,187
OR0260200,Portland PD,2019-07,aggravated-assault,190
OR0260200,Portland PD,2020-07,aggravated-assault,221
OR0260200,Portland PD,2021-07,aggravated-assault,384
OR0260200,Portland PD,2022-07,aggravated-assault,308
OR0260200,Portland PD,2023-07,aggravated-assault,275
OR0260200,Portland PD,2024-07,aggravated-assault,317
OR0260200,Portland PD,2010-08,aggravated-assault,195
OR0260200,Portland PD,2011-08,aggravated-assault,179
OR0260200,Portland PD,2012-08,aggravated-assault,202
OR0260200,Portland PD,2013-08,aggravated-assault,194
OR0260200,Portland PD,2014-08,aggravated-assault,144
OR0260200,Portland PD,2015-08,aggravated-assault,0
OR0260200,Portland PD,2016-08,aggravated-assault,149
OR0260200,Portland PD,2017-08,aggravated-assault,153
OR0260200,Portland PD,2018-08,aggravated-assault,178
OR0260200,Portland PD,2019-08,aggravated-assault,213
OR0260200,Portland PD,2020-08,aggravated-assault,228
OR0260200,Portland PD,2021-08,aggravated-assault,342
OR0260200,Portland PD,2022-08,aggravated-assault,287
OR0260200,Portland PD,2023-08,aggravated-assault,271
OR0260200,Portland PD,2024-08,aggravated-assault,283
OR0260200,Portland PD,2010-09,aggravated-assault,154
OR0260200,Portland PD,2011-09,aggravated-assault,180
OR0260200,Portland PD,2012-09,aggravated-assault,163
OR0260200,Portland PD,2013-09,aggravated-assault,142
OR0260200,Portland PD,2014-09,aggravated-assault,146
OR0260200,Portland PD,2015-09,aggravated-assault,0
OR0260200,Portland PD,2016-09,aggravated-assault,181
OR0260200,Portland PD,2017-09,aggravated-assault,166
OR0260200,Portland PD,2018-09,aggravated-assault,175
OR0260200,Portland PD,2019-09,aggravated-assault,208
OR0260200,Portland PD,2020-09,aggravated-assault,323
OR0260200,Portland PD,2021-09,aggravated-assault,275
OR0260200,Portland PD,2022-09,aggravated-assault,240
OR0260200,Portland PD,2023-09,aggravated-assault,250
OR0260200,Portland PD,2024-09,aggravated-assault,298
OR0260200,Portland PD,2010-10,aggravated-assault,168
OR0260200,Portland PD,2011-10,aggravated-assault,155
OR0260200,Portland PD,2012-10,aggravated-assault,173
OR0260200,Portland PD,2013-10,aggravated-assault,136
OR0260200,Portland PD,2014-10,aggravated-assault,143
OR0260200,Portland PD,2015-10,aggravated-assault,0
OR0260200,Portland PD,2016-10,aggravated-assault,131
OR0260200,Portland PD,2017-10,aggravated-assault,173
OR0260200,Portland PD,2018-10,aggravated-assault,165
OR0260200,Portland PD,2019-10,aggravated-assault,183
OR0260200,Portland PD,2020-10,aggravated-assault,296
OR0260200,Portland PD,2021-10,aggravated-assault,290
OR0260200,Portland PD,2022-10,aggravated-assault,242
OR0260200,Portland PD,2023-10,aggravated-assault,232
OR0260200,Portland PD,2024-10,aggravated-assault,252
OR0260200,Portland PD,2010-11,aggravated-assault,122
OR0260200,Portland PD,2011-11,aggravated-assault,152
OR0260200,Portland PD,2012-11,aggravated-assault,131
OR0260200,Portland PD,2013-11,aggravated-assault,148
OR0260200,Portland PD,2014-11,aggravated-assault,137
OR0260200,Portland PD,2015-11,aggravated-assault,0
OR0260200,Portland PD,2016-11,aggravated-assault,141
OR0260200,Portland PD,2017-11,aggravated-assault,160
OR0260200,Portland PD,2018-11,aggravated-assault,137
OR0260200,Portland PD,2019-11,aggravated-assault,208
OR0260200,Portland PD,2020-11,aggravated-assault,229
OR0260200,Portland PD,2021-11,aggravated-assault,243
OR0260200,Portland PD,2022-11,aggravated-assault,213
OR0260200,Portland PD,2023-11,aggravated-assault,195
OR0260200,Portland PD,2024-11,aggravated-assault,211
OR0260200,Portland PD,2010-12,aggravated-assault,120
OR0260200,Portland PD,2011-12,aggravated-assault,162
OR0260200,Portland PD,2012-12,aggravated-assault,129
OR0260200,Portland PD,2013-12,aggravated-assault,116
OR0260200,Portland PD,2014-12,aggravated-assault,156
OR0260200,Portland PD,2015-12,aggravated-assault,0
OR0260200,Portland PD,2016-12,aggravated-assault,138
OR0260200,Portland PD,2017-12,aggravated-assault,149
OR0260200,Portland PD,2018-12,aggravated-assault,153
OR0260200,Portland PD,2019-12,aggravated-assault,168
OR0260200,Portland PD,2020-12,aggravated-assault,232
OR0260200,Portland PD,2021-12,aggravated-assault,260
OR0260200,Portland PD,2022-12,aggravated-assault,223
OR0260200,Portland PD,2023-12,aggravated-assault,200
OR0260200,Portland PD,2024-12,aggravated-assault,248
OR0260200,Portland PD,2010-01,robbery,102
OR0260200,Portland PD,2011-01,robbery,105
OR0260200,Portland PD,2012-01,robbery,99
OR0260200,Portland PD,2013-01,robbery,80
OR0260200,Portland PD,2014-01,robbery,60
OR0260200,Portland PD,2015-01,robbery,69
OR0260200,Portland PD,2016-01,robbery,74
OR0260200,Portland PD,2017-01,robbery,80
OR0260200,Portland PD,2018-01,robbery,114
OR0260200,Portland PD,2019-01,robbery,84
OR0260200,Portland PD,2020-01,robbery,74
OR0260200,Portland PD,2021-01,robbery,75
OR0260200,Portland PD,2022-01,robbery,133
OR0260200,Portland PD,2023-01,robbery,140
OR0260200,Portland PD,2024-01,robbery,89
OR0260200,Portland PD,2010-02,robbery,95
OR0260200,Portland PD,2011-02,robbery,61
OR0260200,Portland PD,2012-02,robbery,78
OR0260200,Portland PD,2013-02,robbery,68
OR0260200,Portland PD,2014-02,robbery,58
OR0260200,Portland PD,2015-02,robbery,75
OR0260200,Portland PD,2016-02,robbery,91
OR0260200,Portland PD,2017-02,robbery,100
OR0260200,Portland PD,2018-02,robbery,89
OR0260200,Portland PD,2019-02,robbery,73
OR0260200,Portland PD,2020-02,robbery,91
OR0260200,Portland PD,2021-02,robbery,71
OR0260200,Portland PD,2022-02,robbery,111
OR0260200,Portland PD,2023-02,robbery,116
OR0260200,Portland PD,2024-02,robbery,88
OR0260200,Portland PD,2010-03,robbery,89
OR0260200,Portland PD,2011-03,robbery,73
OR0260200,Portland PD,2012-03,robbery,65
OR0260200,Portland PD,2013-03,robbery,61
OR0260200,Portland PD,2014-03,robbery,63
OR0260200,Portland PD,2015-03,robbery,73
OR0260200,Portland PD,2016-03,robbery,69
OR0260200,Portland PD,2017-03,robbery,84
OR0260200,Portland PD,2018-03,robbery,86
OR0260200,Portland PD,2019-03,robbery,67
OR0260200,Portland PD,2020-03,robbery,77
OR0260200,Portland PD,2021-03,robbery,80
OR0260200,Portland PD,2022-03,robbery,116
OR0260200,Portland PD,2023-03,robbery,120
OR0260200,Portland PD,2024-03,robbery,89
OR0260200,Portland PD,2010-04,robbery,70
OR0260200,Portland PD,2011-04,robbery,55
OR0260200,Portland PD,2012-04,robbery,66
OR0260200,Portland PD,2013-04,robbery,68
OR0260200,Portland PD,2014-04,robbery,68
OR0260200,Portland PD,2015-04,robbery,0
OR0260200,Portland PD,2016-04,robbery,79
OR0260200,Portland PD,2017-04,robbery,82
OR0260200,Portland PD,2018-04,robbery,70
OR0260200,Portland PD,2019-04,robbery,70
OR0260200,Portland PD,2020-04,robbery,57
OR0260200,Portland PD,2021-04,robbery,69
OR0260200,Portland PD,2022-04,robbery,115
OR0260200,Portland PD,2023-04,robbery,114
OR0260200,Portland PD,2024-04,robbery,88
OR0260200,Portland PD,2010-05,robbery,87
OR0260200,Portland PD,2011-05,robbery,62
OR0260200,Portland PD,2012-05,robbery,78
OR0260200,Portland PD,2013-05,robbery,73
OR0260200,Portland PD,2014-05,robbery,74
OR0260200,Portland PD,2015-05,robbery,0
OR0260200,Portland PD,2016-05,robbery,83
OR0260200,Portland PD,2017-05,robbery,74
OR0260200,Portland PD,2018-05,robbery,92
OR0260200,Portland PD,2019-05,robbery,90
OR0260200,Portland PD,2020-05,robbery,48
OR0260200,Portland PD,2021-05,robbery,103
OR0260200,Portland PD,2022-05,robbery,130
OR0260200,Portland PD,2023-05,robbery,111
OR0260200,Portland PD,2024-05,robbery,76
OR0260200,Portland PD,2010-06,robbery,93
OR0260200,Portland PD,2011-06,robbery,75
OR0260200,Portland PD,2012-06,robbery,79
OR0260200,Portland PD,2013-06,robbery,70
OR0260200,Portland PD,2014-06,robbery,65
OR0260200,Portland PD,2015-06,robbery,0
OR0260200,Portland PD,2016-06,robbery,88
OR0260200,Portland PD,2017-06,robbery,86
OR0260200,Portland PD,2018-06,robbery,76
OR0260200,Portland PD,2019-06,robbery,86
OR0260200,Portland PD,2020-06,robbery,40
OR0260200,Portland PD,2021-06,robbery,86
OR0260200,Portland PD,2022-06,robbery,99
OR0260200,Portland PD,2023-06,robbery,71
OR0260200,Portland PD,2024-06,robbery,90
OR0260200,Portland PD,2010-07,robbery,65
OR0260200,Portland PD,2011-07,robbery,73
OR0260200,Portland PD,2012-07,robbery,101
OR0260200,Portland PD,2013-07,robbery,81
OR0260200,Portland PD,2014-07,robbery,90
OR0260200,Portland PD,2015-07,robbery,0
OR0260200,Portland PD,2016-07,robbery,78
OR0260200,Portland PD,2017-07,robbery,97
OR0260200,Portland PD,2018-07,robbery,80
OR0260200,Portland PD,2019-07,robbery,93
OR0260200,Portland PD,2020-07,robbery,81
OR0260200,Portland PD,2021-07,robbery,112
OR0260200,Portland PD,2022-07,robbery,109
OR0260200,Portland PD,2023-07,robbery,90
OR0260200,Portland PD,2024-07,robbery,102
OR0260200,Portland PD,2010-08,robbery,67
OR0260200,Portland PD,2011-08,robbery,93
OR0260200,Portland PD,2012-08,robbery,78
OR0260200,Portland PD,2013-08,robbery,105
OR0260200,Portland PD,2014-08,robbery,72
OR0260200,Portland PD,2015-08,robbery,0
OR0260200,Portland PD,2016-08,robbery,105
OR0260200,Portland PD,2017-08,robbery,73
OR0260200,Portland PD,2018-08,robbery,91
OR0260200,Portland PD,2019-08,robbery,76
OR0260200,Portland PD,2020-08,robbery,84
OR0260200,Portland PD,2021-08,robbery,95
OR0260200,Portland PD,2022-08,robbery,101
OR0260200,Portland PD,2023-08,robbery,96
OR0260200,Portland PD,2024-08,robbery,103
OR0260200,Portland PD,2010-09,robbery,90
OR0260200,Portland PD,2011-09,robbery,70
OR0260200,Portland PD,2012-09,robbery,85
OR0260200,Portland PD,2013-09,robbery,65
OR0260200,Portland PD,2014-09,robbery,61
OR0260200,Portland PD,2015-09,robbery,0
OR0260200,Portland PD,2016-09,robbery,86
OR0260200,Portland PD,2017-09,robbery,88
OR0260200,Portland PD,2018-09,robbery,85
OR0260200,Portland PD,2019-09,robbery,91
OR0260200,Portland PD,2020-09,robbery,100
OR0260200,Portland PD,2021-09,robbery,116
OR0260200,Portland PD,2022-09,robbery,120
OR0260200,Portland PD,2023-09,robbery,77
OR0260200,Portland PD,2024-09,robbery,98
OR0260200,Portland PD,2010-10,robbery,72
OR0260200,Portland PD,2011-10,robbery,74
OR0260200,Portland PD,2012-10,robbery,70
OR0260200,Portland PD,2013-10,robbery,93
OR0260200,Portland PD,2014-10,robbery,62
OR0260200,Portland PD,2015-10,robbery,0
OR0260200,Portland PD,2016-10,robbery,96
OR0260200,Portland PD,2017-10,robbery,101
OR0260200,Portland PD,2018-10,robbery,95
OR0260200,Portland PD,2019-10,robbery,76
OR0260200,Portland PD,2020-10,robbery,84
OR0260200,Portland PD,2021-10,robbery,120
OR0260200,Portland PD,2022-10,robbery,81
OR0260200,Portland PD,2023-10,robbery,101
OR0260200,Portland PD,2024-10,robbery,107
OR0260200,Portland PD,2010-11,robbery,93
OR0260200,Portland PD,2011-11,robbery,84
OR0260200,Portland PD,2012-11,robbery,75
OR0260200,Portland PD,2013-11,robbery,81
OR0260200,Portland PD,2014-11,robbery,46
OR0260200,Portland PD,2015-11,robbery,0
OR0260200,Portland PD,2016-11,robbery,79
OR0260200,Portland PD,2017-11,robbery,92
OR0260200,Portland PD,2018-11,robbery,104
OR0260200,Portland PD,2019-11,robbery,93
OR0260200,Portland PD,2020-11,robbery,72
OR0260200,Portland PD,2021-11,robbery,112
OR0260200,Portland PD,2022-11,robbery,95
OR0260200,Portland PD,2023-11,robbery,93
OR0260200,Portland PD,2024-11,robbery,105
OR0260200,Portland PD,2010-12,robbery,82
OR0260200,Portland PD,2011-12,robbery,92
OR0260200,Portland PD,2012-12,robbery,76
OR0260200,Portland PD,2013-12,robbery,72
OR0260200,Portland PD,2014-12,robbery,128
OR0260200,Portland PD,2015-12,robbery,0
OR0260200,Portland PD,2016-12,robbery,77
OR0260200,Portland PD,2017-12,robbery,92
OR0260200,Portland PD,2018-12,robbery,85
OR0260200,Portland PD,2019-12,robbery,82
OR0260200,Portland PD,2020-12,robbery,82
OR0260200,Portland PD,2021-12,robbery,126
OR0260200,Portland PD,2022-12,robbery,120
OR0260200,Portland PD,2023-12,robbery,89
OR0260200,Portland PD,2024-12,robbery,77
OR0260200,Portland PD,2010-01,homicide,2
OR0260200,Portland PD,2011-01,homicide,4
OR0260200,Portland PD,2012-01,homicide,1
OR0260200,Portland PD,2013-01,homicide,0
OR0260200,Portland PD,2014-01,homicide,0
OR0260200,Portland PD,2015-01,homicide,1
OR0260200,Portland PD,2016-01,homicide,0
OR0260200,Portland PD,2017-01,homicide,0
OR0260200,Portland PD,2018-01,homicide,4
OR0260200,Portland PD,2019-01,homicide,3
OR0260200,Portland PD,2020-01,homicide,1
OR0260200,Portland PD,2021-01,homicide,7
OR0260200,Portland PD,2022-01,homicide,9
OR0260200,Portland PD,2023-01,homicide,6
OR0260200,Portland PD,2024-01,homicide,8
OR0260200,Portland PD,2010-02,homicide,3
OR0260200,Portland PD,2011-02,homicide,1
OR0260200,Portland PD,2012-02,homicide,2
OR0260200,Portland PD,2013-02,homicide,0
OR0260200,Portland PD,2014-02,homicide,1
OR0260200,Portland PD,2015-02,homicide,1
OR0260200,Portland PD,2016-02,homicide,2
OR0260200,Portland PD,2017-02,homicide,1
OR0260200,Portland PD,2018-02,homicide,1
OR0260200,Portland PD,2019-02,homicide,3
OR0260200,Portland PD,2020-02,homicide,0
OR0260200,Portland PD,2021-02,homicide,9
OR0260200,Portland PD,2022-02,homicide,10
OR0260200,Portland PD,2023-02,homicide,4
OR0260200,Portland PD,2024-02,homicide,8
OR0260200,Portland PD,2010-03,homicide,0
OR0260200,Portland PD,2011-03,homicide,0
OR0260200,Portland PD,2012-03,homicide,0
OR0260200,Portland PD,2013-03,homicide,2
OR0260200,Portland PD,2014-03,homicide,4
OR0260200,Portland PD,2015-03,homicide,2
OR0260200,Portland PD,2016-03,homicide,0
OR0260200,Portland PD,2017-03,homicide,1
OR0260200,Portland PD,2018-03,homicide,0
OR0260200,Portland PD,2019-03,homicide,0
OR0260200,Portland PD,2020-03,homicide,1
OR0260200,Portland PD,2021-03,homicide,8
OR0260200,Portland PD,2022-03,homicide,4
OR0260200,Portland PD,2023-03,homicide,8
OR0260200,Portland PD,2024-03,homicide,6
OR0260200,Portland PD,2010-04,homicide,1
OR0260200,Portland PD,2011-04,homicide,2
OR0260200,Portland PD,2012-04,homicide,3
OR0260200,Portland PD,2013-04,homicide,1
OR0260200,Portland PD,2014-04,homicide,1
OR0260200,Portland PD,2015-04,homicide,0
OR0260200,Portland PD,2016-04,homicide,0
OR0260200,Portland PD,2017-04,homicide,3
OR0260200,Portland PD,2018-04,homicide,0
OR0260200,Portland PD,2019-04,homicide,6
OR0260200,Portland PD,2020-04,homicide,0
OR0260200,Portland PD,2021-04,homicide,4
OR0260200,Portland PD,2022-04,homicide,10
OR0260200,Portland PD,2023-04,homicide,9
OR0260200,Portland PD,2024-04,homicide,4
OR0260200,Portland PD,2010-05,homicide,1
OR0260200,Portland PD,2011-05,homicide,1
OR0260200,Portland PD,2012-05,homicide,3
OR0260200,Portland PD,2013-05,homicide,2
OR0260200,Portland PD,2014-05,homicide,2
OR0260200,Portland PD,2015-05,homicide,0
OR0260200,Portland PD,2016-05,homicide,1
OR0260200,Portland PD,2017-05,homicide,4
OR0260200,Portland PD,2018-05,homicide,2
OR0260200,Portland PD,2019-05,homicide,4
OR0260200,Portland PD,2020-05,homicide,2
OR0260200,Portland PD,2021-05,homicide,10
OR0260200,Portland PD,2022-05,homicide,4
OR0260200,Portland PD,2023-05,homicide,9
OR0260200,Portland PD,2024-05,homicide,4
OR0260200,Portland PD,2010-06,homicide,3
OR0260200,Portland PD,2011-06,homicide,3
OR0260200,Portland PD,2012-06,homicide,1
OR0260200,Portland PD,2013-06,homicide,1
OR0260200,Portland PD,2014-06,homicide,3
OR0260200,Portland PD,2015-06,homicide,0
OR0260200,Portland PD,2016-06,homicide,3
OR0260200,Portland PD,2017-06,homicide,1
OR0260200,Portland PD,2018-06,homicide,3
OR0260200,Portland PD,2019-06,homicide,1
OR0260200,Portland PD,2020-06,homicide,5
OR0260200,Portland PD,2021-06,homicide,9
OR0260200,Portland PD,2022-06,homicide,4
OR0260200,Portland PD,2023-06,homicide,5
OR0260200,Portland PD,2024-06,homicide,5
OR0260200,Portland PD,2010-07,homicide,3
OR0260200,Portland PD,2011-07,homicide,0
OR0260200,Portland PD,2012-07,homicide,4
OR0260200,Portland PD,2013-07,homicide,1
OR0260200,Portland PD,2014-07,homicide,4
OR0260200,Portland PD,2015-07,homicide,0
OR0260200,Portland PD,2016-07,homicide,1
OR0260200,Portland PD,2017-07,homicide,3
OR0260200,Portland PD,2018-07,homicide,2
OR0260200,Portland PD,2019-07,homicide,1
OR0260200,Portland PD,2020-07,homicide,15
OR0260200,Portland PD,2021-07,homicide,8
OR0260200,Portland PD,2022-07,homicide,10
OR0260200,Portland PD,2023-07,homicide,9
OR0260200,Portland PD,2024-07,homicide,10
OR0260200,Portland PD,2010-08,homicide,1
OR0260200,Portland PD,2011-08,homicide,4
OR0260200,Portland PD,2012-08,homicide,4
OR0260200,Portland PD,2013-08,homicide,0
OR0260200,Portland PD,2014-08,homicide,3
OR0260200,Portland PD,2015-08,homicide,0
OR0260200,Portland PD,2016-08,homicide,3
OR0260200,Portland PD,2017-08,homicide,2
OR0260200,Portland PD,2018-08,homicide,1
OR0260200,Portland PD,2019-08,homicide,4
OR0260200,Portland PD,2020-08,homicide,7
OR0260200,Portland PD,2021-08,homicide,8
OR0260200,Portland PD,2022-08,homicide,10
OR0260200,Portland PD,2023-08,homicide,4
OR0260200,Portland PD,2024-08,homicide,5
OR0260200,Portland PD,2010-09,homicide,1
OR0260200,Portland PD,2011-09,homicide,0
OR0260200,Portland PD,2012-09,homicide,1
OR0260200,Portland PD,2013-09,homicide,0
OR0260200,Portland PD,2014-09,homicide,1
OR0260200,Portland PD,2015-09,homicide,0
OR0260200,Portland PD,2016-09,homicide,2
OR0260200,Portland PD,2017-09,homicide,2
OR0260200,Portland PD,2018-09,homicide,3
OR0260200,Portland PD,2019-09,homicide,2
OR0260200,Portland PD,2020-09,homicide,6
OR0260200,Portland PD,2021-09,homicide,3
OR0260200,Portland PD,2022-09,homicide,10
OR0260200,Portland PD,2023-09,homicide,1
OR0260200,Portland PD,2024-09,homicide,6
OR0260200,Portland PD,2010-10,homicide,6
OR0260200,Portland PD,2011-10,homicide,1
OR0260200,Portland PD,2012-10,homicide,1
OR0260200,Portland PD,2013-10,homicide,2
OR0260200,Portland PD,2014-10,homicide,2
OR0260200,Portland PD,2015-10,homicide,0
OR0260200,Portland PD,2016-10,homicide,2
OR0260200,Portland PD,2017-10,homicide,1
OR0260200,Portland PD,2018-10,homicide,5
OR0260200,Portland PD,2019-10,homicide,3
OR0260200,Portland PD,2020-10,homicide,7
OR0260200,Portland PD,2021-10,homicide,6
OR0260200,Portland PD,2022-10,homicide,10
OR0260200,Portland PD,2023-10,homicide,6
OR0260200,Portland PD,2024-10,homicide,6
OR0260200,Portland PD,2010-11,homicide,0
OR0260200,Portland PD,2011-11,homicide,2
OR0260200,Portland PD,2012-11,homicide,0
OR0260200,Portland PD,2013-11,homicide,3
OR0260200,Portland PD,2014-11,homicide,4
OR0260200,Portland PD,2015-11,homicide,0
OR0260200,Portland PD,2016-11,homicide,2
OR0260200,Portland PD,2017-11,homicide,5
OR0260200,Portland PD,2018-11,homicide,5
OR0260200,Portland PD,2019-11,homicide,1
OR0260200,Portland PD,2020-11,homicide,3
OR0260200,Portland PD,2021-11,homicide,4
OR0260200,Portland PD,2022-11,homicide,8
OR0260200,Portland PD,2023-11,homicide,7
OR0260200,Portland PD,2024-11,homicide,4
OR0260200,Portland PD,2010-12,homicide,1
OR0260200,Portland PD,2011-12,homicide,2
OR0260200,Portland PD,2012-12,homicide,0
OR0260200,Portland PD,2013-12,homicide,2
OR0260200,Portland PD,2014-12,homicide,1
OR0260200,Portland PD,2015-12,homicide,0
OR0260200,Portland PD,2016-12,homicide,0
OR0260200,Portland PD,2017-12,homicide,2
OR0260200,Portland PD,2018-12,homicide,1
OR0260200,Portland PD,2019-12,homicide,2
OR0260200,Portland PD,2020-12,homicide,6
OR0260200,Portland PD,2021-12,homicide,10
OR0260200,Portland PD,2022-12,homicide,6
OR0260200,Portland PD,2023-12,homicide,7
OR0260200,Portland PD,2024-12,homicide,2
CODPD0000,Denver PD,2010-01,aggravated-assault,148
CODPD0000,Denver PD,2011-01,aggravated-assault,177
CODPD0000,Denver PD,2012-01,aggravated-assault,164
CODPD0000,Denver PD,2013-01,aggravated-assault,201
CODPD0000,Denver PD,2014-01,aggravated-assault,186
CODPD0000,Denver PD,2015-01,aggravated-assault,212
CODPD0000,Denver PD,2016-01,aggravated-assault,198
CODPD0000,Denver PD,2017-01,aggravated-assault,211
CODPD0000,Denver PD,2018-01,aggravated-assault,215
CODPD0000,Denver PD,2019-01,aggravated-assault,269
CODPD0000,Denver PD,2020-01,aggravated-assault,248
CODPD0000,Denver PD,2021-01,aggravated-assault,386
CODPD0000,Denver PD,2022-01,aggravated-assault,411
CODPD0000,Denver PD,2023-01,aggravated-assault,399
CODPD0000,Denver PD,2024-01,aggravated-assault,447
CODPD0000,Denver PD,2010-02,aggravated-assault,133
CODPD0000,Denver PD,2011-02,aggravated-assault,105
CODPD0000,Denver PD,2012-02,aggravated-assault,130
CODPD0000,Denver PD,2013-02,aggravated-assault,138
CODPD0000,Denver PD,2014-02,aggravated-assault,171
CODPD0000,Denver PD,2015-02,aggravated-assault,148
CODPD0000,Denver PD,2016-02,aggravated-assault,215
CODPD0000,Denver PD,2017-02,aggravated-assault,194
CODPD0000,Denver PD,2018-02,aggravated-assault,207
CODPD0000,Denver PD,2019-02,aggravated-assault,194
CODPD0000,Denver PD,2020-02,aggravated-assault,243
CODPD0000,Denver PD,2021-02,aggravated-assault,316
CODPD0000,Denver PD,2022-02,aggravated-assault,307
CODPD0000,Denver PD,2023-02,aggravated-assault,343
CODPD0000,Denver PD,2024-02,aggravated-assault,355
CODPD0000,Denver PD,2010-03,aggravated-assault,128
CODPD0000,Denver PD,2011-03,aggravated-assault,172
CODPD0000,Denver PD,2012-03,aggravated-assault,193
CODPD0000,Denver PD,2013-03,aggravated-assault,208
CODPD0000,Denver PD,2014-03,aggravated-assault,182
CODPD0000,Denver PD,2015-03,aggravated-assault,211
CODPD0000,Denver PD,2016-03,aggravated-assault,238
CODPD0000,Denver PD,2017-03,aggravated-assault,249
CODPD0000,Denver PD,2018-03,aggravated-assault,261
CODPD0000,Denver PD,2019-03,aggravated-assault,205
CODPD0000,Denver PD,2020-03,aggravated-assault,260
CODPD0000,Denver PD,2021-03,aggravated-assault,306
CODPD0000,Denver PD,2022-03,aggravated-assault,410
CODPD0000,Denver PD,2023-03,aggravated-assault,407
CODPD0000,Denver PD,2024-03,aggravated-assault,403
CODPD0000,Denver PD,2010-04,aggravated-assault,135
CODPD0000,Denver PD,2011-04,aggravated-assault,172
CODPD0000,Denver PD,2012-04,aggravated-assault,203
CODPD0000,Denver PD,2013-04,aggravated-assault,171
CODPD0000,Denver PD,2014-04,aggravated-assault,163
CODPD0000,Denver PD,2015-04,aggravated-assault,222
CODPD0000,Denver PD,2016-04,aggravated-assault,189
CODPD0000,Denver PD,2017-04,aggravated-assault,234
CODPD0000,Denver PD,2018-04,aggravated-assault,277
CODPD0000,Denver PD,2019-04,aggravated-assault,261
CODPD0000,Denver PD,2020-04,aggravated-assault,317
CODPD0000,Denver PD,2021-04,aggravated-assault,328
CODPD0000,Denver PD,2022-04,aggravated-assault,433
CODPD0000,Denver PD,2023-04,aggravated-assault,439
CODPD0000,Denver PD,2024-04,aggravated-assault,371
CODPD0000,Denver PD,2010-05,aggravated-assault,223
CODPD0000,Denver PD,2011-05,aggravated-assault,210
CODPD0000,Denver PD,2012-05,aggravated-assault,202
CODPD0000,Denver PD,2013-05,aggravated-assault,212
CODPD0000,Denver PD,2014-05,aggravated-assault,250
CODPD0000,Denver PD,2015-05,aggravated-assault,210
CODPD0000,Denver PD,2016-05,aggravated-assault,188
CODPD0000,Denver PD,2017-05,aggravated-assault,252
CODPD0000,Denver PD,2018-05,aggravated-assault,290
CODPD0000,Denver PD,2019-05,aggravated-assault,248
CODPD0000,Denver PD,2020-05,aggravated-assault,462
CODPD0000,Denver PD,2021-05,aggravated-assault,446
CODPD0000,Denver PD,2022-05,aggravated-assault,457
CODPD0000,Denver PD,2023-05,aggravated-assault,513
CODPD0000,Denver PD,2024-05,aggravated-assault,449
CODPD0000,Denver PD,2010-06,aggravated-assault,172
CODPD0000,Denver PD,2011-06,aggravated-assault,195
CODPD0000,Denver PD,2012-06,aggravated-assault,187
CODPD0000,Denver PD,2013-06,aggravated-assault,201
CODPD0000,Denver PD,2014-06,aggravated-assault,221
CODPD0000,Denver PD,2015-06,aggravated-assault,227
CODPD0000,Denver PD,2016-06,aggravated-assault,264
CODPD0000,Denver PD,2017-06,aggravated-assault,253
CODPD0000,Denver PD,2018-06,aggravated-assault,301
CODPD0000,Denver PD,2019-06,aggravated-assault,360
CODPD0000,Denver PD,2020-06,aggravated-assault,361
CODPD0000,Denver PD,2021-06,aggravated-assault,435
CODPD0000,Denver PD,2022-06,aggravated-assault,465
CODPD0000,Denver PD,2023-06,aggravated-assault,472
CODPD0000,Denver PD,2024-06,aggravated-assault,487
CODPD0000,Denver PD,2010-07,aggravated-assault,199
CODPD0000,Denver PD,2011-07,aggravated-assault,214
CODPD0000,Denver PD,2012-07,aggravated-assault,272
CODPD0000,Denver PD,2013-07,aggravated-assault,229
CODPD0000,Denver PD,2014-07,aggravated-assault,212
CODPD0000,Denver PD,2015-07,aggravated-assault,238
CODPD0000,Denver PD,2016-07,aggravated-assault,283
CODPD0000,Denver PD,2017-07,aggravated-assault,292
CODPD0000,Denver PD,2018-07,aggravated-assault,323
CODPD0000,Denver PD,2019-07,aggravated-assault,351
CODPD0000,Denver PD,2020-07,aggravated-assault,452
CODPD0000,Denver PD,2021-07,aggravated-assault,474
CODPD0000,Denver PD,2022-07,aggravated-assault,538
CODPD0000,Denver PD,2023-07,aggravated-assault,575
CODPD0000,Denver PD,2024-07,aggravated-assault,479
CODPD0000,Denver PD,2010-08,aggravated-assault,203
CODPD0000,Denver PD,2011-08,aggravated-assault,213
CODPD0000,Denver PD,2012-08,aggravated-assault,227
CODPD0000,Denver PD,2013-08,aggravated-assault,246
CODPD0000,Denver PD,2014-08,aggravated-assault,236
CODPD0000,Denver PD,2015-08,aggravated-assault,244
CODPD0000,Denver PD,2016-08,aggravated-assault,215
CODPD0000,Denver PD,2017-08,aggravated-assault,216
CODPD0000,Denver PD,2018-08,aggravated-assault,295
CODPD0000,Denver PD,2019-08,aggravated-assault,374
CODPD0000,Denver PD,2020-08,aggravated-assault,469
CODPD0000,Denver PD,2021-08,aggravated-assault,429
CODPD0000,Denver PD,2022-08,aggravated-assault,469
CODPD0000,Denver PD,2023-08,aggravated-assault,494
CODPD0000,Denver PD,2024-08,aggravated-assault,521
CODPD0000,Denver PD,2010-09,aggravated-assault,184
CODPD0000,Denver PD,2011-09,aggravated-assault,192
CODPD0000,Denver PD,2012-09,aggravated-assault,177
CODPD0000,Denver PD,2013-09,aggravated-assault,204
CODPD0000,Denver PD,2014-09,aggravated-assault,198
CODPD0000,Denver PD,2015-09,aggravated-assault,216
CODPD0000,Denver PD,2016-09,aggravated-assault,269
CODPD0000,Denver PD,2017-09,aggravated-assault,242
CODPD0000,Denver PD,2018-09,aggravated-assault,335
CODPD0000,Denver PD,2019-09,aggravated-assault,338
CODPD0000,Denver PD,2020-09,aggravated-assault,422
CODPD0000,Denver PD,2021-09,aggravated-assault,418
CODPD0000,Denver PD,2022-09,aggravated-assault,489
CODPD0000,Denver PD,2023-09,aggravated-assault,447
CODPD0000,Denver PD,2024-09,aggravated-assault,419
CODPD0000,Denver PD,2010-10,aggravated-assault,178
CODPD0000,Denver PD,2011-10,aggravated-assault,170
CODPD0000,Denver PD,2012-10,aggravated-assault,168
CODPD0000,Denver PD,2013-10,aggravated-assault,192
CODPD0000,Denver PD,2014-10,aggravated-assault,221
CODPD0000,Denver PD,2015-10,aggravated-assault,214
CODPD0000,Denver PD,2016-10,aggravated-assault,291
CODPD0000,Denver PD,2017-10,aggravated-assault,250
CODPD0000,Denver PD,2018-10,aggravated-assault,283
CODPD0000,Denver PD,2019-10,aggravated-assault,283
CODPD0000,Denver PD,2020-10,aggravated-assault,427
CODPD0000,Denver PD,2021-10,aggravated-assault,413
CODPD0000,Denver PD,2022-10,aggravated-assault,482
CODPD0000,Denver PD,2023-10,aggravated-assault,439
CODPD0000,Denver PD,2024-10,aggravated-assault,450
CODPD0000,Denver PD,2010-11,aggravated-assault,179
CODPD0000,Denver PD,2011-11,aggravated-assault,156
CODPD0000,Denver PD,2012-11,aggravated-assault,176
CODPD0000,Denver PD,2013-11,aggravated-assault,217
CODPD0000,Denver PD,2014-11,aggravated-assault,168
CODPD0000,Denver PD,2015-11,aggravated-assault,214
CODPD0000,Denver PD,2016-11,aggravated-assault,213
CODPD0000,Denver PD,2017-11,aggravated-assault,204
CODPD0000,Denver PD,2018-11,aggravated-assault,243
CODPD0000,Denver PD,2019-11,aggravated-assault,307
CODPD0000,Denver PD,2020-11,aggravated-assault,321
CODPD0000,Denver PD,2021-11,aggravated-assault,359
CODPD0000,Denver PD,2022-11,aggravated-assault,524
CODPD0000,Denver PD,2023-11,aggravated-assault,366
CODPD0000,Denver PD,2024-11,aggravated-assault,371
CODPD0000,Denver PD,2010-12,aggravated-assault,163
CODPD0000,Denver PD,2011-12,aggravated-assault,166
CODPD0000,Denver PD,2012-12,aggravated-assault,196
CODPD0000,Denver PD,2013-12,aggravated-assault,181
CODPD0000,Denver PD,2014-12,aggravated-assault,204
CODPD0000,Denver PD,2015-12,aggravated-assault,192
CODPD0000,Denver PD,2016-12,aggravated-assault,238
CODPD0000,Denver PD,2017-12,aggravated-assault,195
CODPD0000,Denver PD,2018-12,aggravated-assault,243
CODPD0000,Denver PD,2019-12,aggravated-assault,292
CODPD0000,Denver PD,2020-12,aggravated-assault,381
CODPD0000,Denver PD,2021-12,aggravated-assault,413
CODPD0000,Denver PD,2022-12,aggravated-assault,415
CODPD0000,Denver PD,2023-12,aggravated-assault,393
CODPD0000,Denver PD,2024-12,aggravated-assault,412
CODPD0000,Denver PD,2010-01,robbery,83
CODPD0000,Denver PD,2011-01,robbery,104
CODPD0000,Denver PD,2012-01,robbery,118
CODPD0000,Denver PD,2013-01,robbery,118
CODPD0000,Denver PD,2014-01,robbery,121
CODPD0000,Denver PD,2015-01,robbery,100
CODPD0000,Denver PD,2016-01,robbery,105
CODPD0000,Denver PD,2017-01,robbery,113
CODPD0000,Denver PD,2018-01,robbery,107
CODPD0000,Denver PD,2019-01,robbery,93
CODPD0000,Denver PD,2020-01,robbery,118
CODPD0000,Denver PD,2021-01,robbery,91
CODPD0000,Denver PD,2022-01,robbery,144
CODPD0000,Denver PD,2023-01,robbery,114
CODPD0000,Denver PD,2024-01,robbery,118
CODPD0000,Denver PD,2010-02,robbery,62
CODPD0000,Denver PD,2011-02,robbery,54
CODPD0000,Denver PD,2012-02,robbery,73
CODPD0000,Denver PD,2013-02,robbery,77
CODPD0000,Denver PD,2014-02,robbery,61
CODPD0000,Denver PD,2015-02,robbery,50
CODPD0000,Denver PD,2016-02,robbery,75
CODPD0000,Denver PD,2017-02,robbery,71
CODPD0000,Denver PD,2018-02,robbery,96
CODPD0000,Denver PD,2019-02,robbery,77
CODPD0000,Denver PD,2020-02,robbery,57
CODPD0000,Denver PD,2021-02,robbery,81
CODPD0000,Denver PD,2022-02,robbery,98
CODPD0000,Denver PD,2023-02,robbery,78
CODPD0000,Denver PD,2024-02,robbery,97
CODPD0000,Denver PD,2010-03,robbery,72
CODPD0000,Denver PD,2011-03,robbery,90
CODPD0000,Denver PD,2012-03,robbery,116
CODPD0000,Denver PD,2013-03,robbery,84
CODPD0000,Denver PD,2014-03,robbery,70
CODPD0000,Denver PD,2015-03,robbery,90
CODPD0000,Denver PD,2016-03,robbery,107
CODPD0000,Denver PD,2017-03,robbery,89
CODPD0000,Denver PD,2018-03,robbery,86
CODPD0000,Denver PD,2019-03,robbery,77
CODPD0000,Denver PD,2020-03,robbery,66
CODPD0000,Denver PD,2021-03,robbery,84
CODPD0000,Denver PD,2022-03,robbery,81
CODPD0000,Denver PD,2023-03,robbery,86
CODPD0000,Denver PD,2024-03,robbery,96
CODPD0000,Denver PD,2010-04,robbery,68
CODPD0000,Denver PD,2011-04,robbery,75
CODPD0000,Denver PD,2012-04,robbery,107
CODPD0000,Denver PD,2013-04,robbery,72
CODPD0000,Denver PD,2014-04,robbery,80
CODPD0000,Denver PD,2015-04,robbery,97
CODPD0000,Denver PD,2016-04,robbery,90
CODPD0000,Denver PD,2017-04,robbery,85
CODPD0000,Denver PD,2018-04,robbery,85
CODPD0000,Denver PD,2019-04,robbery,96
CODPD0000,Denver PD,2020-04,robbery,78
CODPD0000,Denver PD,2021-04,robbery,91
CODPD0000,Denver PD,2022-04,robbery,100
CODPD0000,Denver PD,2023-04,robbery,103
CODPD0000,Denver PD,2024-04,robbery,93
CODPD0000,Denver PD,2010-05,robbery,85
CODPD0000,Denver PD,2011-05,robbery,76
CODPD0000,Denver PD,2012-05,robbery,43
CODPD0000,Denver PD,2013-05,robbery,85
CODPD0000,Denver PD,2014-05,robbery,84
CODPD0000,Denver PD,2015-05,robbery,110
CODPD0000,Denver PD,2016-05,robbery,102
CODPD0000,Denver PD,2017-05,robbery,102
CODPD0000,Denver PD,2018-05,robbery,88
CODPD0000,Denver PD,2019-05,robbery,110
CODPD0000,Denver PD,2020-05,robbery,81
CODPD0000,Denver PD,2021-05,robbery,113
CODPD0000,Denver PD,2022-05,robbery,104
CODPD0000,Denver PD,2023-05,robbery,114
CODPD0000,Denver PD,2024-05,robbery,107
CODPD0000,Denver PD,2010-06,robbery,68
CODPD0000,Denver PD,2011-06,robbery,97
CODPD0000,Denver PD,2012-06,robbery,71
CODPD0000,Denver PD,2013-06,robbery,95
CODPD0000,Denver PD,2014-06,robbery,83
CODPD0000,Denver PD,2015-06,robbery,112
CODPD0000,Denver PD,2016-06,robbery,96
CODPD0000,Denver PD,2017-06,robbery,97
CODPD0000,Denver PD,2018-06,robbery,113
CODPD0000,Denver PD,2019-06,robbery,101
CODPD0000,Denver PD,2020-06,robbery,81
CODPD0000,Denver PD,2021-06,robbery,130
CODPD0000,Denver PD,2022-06,robbery,111
CODPD0000,Denver PD,2023-06,robbery,104
CODPD0000,Denver PD,2024-06,robbery,127
CODPD0000,Denver PD,2010-07,robbery,90
CODPD0000,Denver PD,2011-07,robbery,111
CODPD0000,Denver PD,2012-07,robbery,116
CODPD0000,Denver PD,2013-07,robbery,120
CODPD0000,Denver PD,2014-07,robbery,104
CODPD0000,Denver PD,2015-07,robbery,123
CODPD0000,Denver PD,2016-07,robbery,113
CODPD0000,Denver PD,2017-07,robbery,126
CODPD0000,Denver PD,2018-07,robbery,113
CODPD0000,Denver PD,2019-07,robbery,101
CODPD0000,Denver PD,2020-07,robbery,138
CODPD0000,Denver PD,2021-07,robbery,127
CODPD0000,Denver PD,2022-07,robbery,128
CODPD0000,Denver PD,2023-07,robbery,139
CODPD0000,Denver PD,2024-07,robbery,111
CODPD0000,Denver PD,2010-08,robbery,73
CODPD0000,Denver PD,2011-08,robbery,129
CODPD0000,Denver PD,2012-08,robbery,115
CODPD0000,Denver PD,2013-08,robbery,107
CODPD0000,Denver PD,2014-08,robbery,91
CODPD0000,Denver PD,2015-08,robbery,128
CODPD0000,Denver PD,2016-08,robbery,111
CODPD0000,Denver PD,2017-08,robbery,111
CODPD0000,Denver PD,2018-08,robbery,112
CODPD0000,Denver PD,2019-08,robbery,128
CODPD0000,Denver PD,2020-08,robbery,143
CODPD0000,Denver PD,2021-08,robbery,124
CODPD0000,Denver PD,2022-08,robbery,127
CODPD0000,Denver PD,2023-08,robbery,92
CODPD0000,Denver PD,2024-08,robbery,120
CODPD0000,Denver PD,2010-09,robbery,76
CODPD0000,Denver PD,2011-09,robbery,110
CODPD0000,Denver PD,2012-09,robbery,105
CODPD0000,Denver PD,2013-09,robbery,88
CODPD0000,Denver PD,2014-09,robbery,108
CODPD0000,Denver PD,2015-09,robbery,95
CODPD0000,Denver PD,2016-09,robbery,111
CODPD0000,Denver PD,2017-09,robbery,113
CODPD0000,Denver PD,2018-09,robbery,112
CODPD0000,Denver PD,2019-09,robbery,106
CODPD0000,Denver PD,2020-09,robbery,116
CODPD0000,Denver PD,2021-09,robbery,118
CODPD0000,Denver PD,2022-09,robbery,102
CODPD0000,Denver PD,2023-09,robbery,101
CODPD0000,Denver PD,2024-09,robbery,118
CODPD0000,Denver PD,2010-10,robbery,76
CODPD0000,Denver PD,2011-10,robbery,106
CODPD0000,Denver PD,2012-10,robbery,89
CODPD0000,Denver PD,2013-10,robbery,100
CODPD0000,Denver PD,2014-10,robbery,103
CODPD0000,Denver PD,2015-10,robbery,122
CODPD0000,Denver PD,2016-10,robbery,91
CODPD0000,Denver PD,2017-10,robbery,99
CODPD0000,Denver PD,2018-10,robbery,109
CODPD0000,Denver PD,2019-10,robbery,111
CODPD0000,Denver PD,2020-10,robbery,121
CODPD0000,Denver PD,2021-10,robbery,134
CODPD0000,Denver PD,2022-10,robbery,130
CODPD0000,Denver PD,2023-10,robbery,113
CODPD0000,Denver PD,2024-10,robbery,110
CODPD0000,Denver PD,2010-11,robbery,70
CODPD0000,Denver PD,2011-11,robbery,85
CODPD0000,Denver PD,2012-11,robbery,111
CODPD0000,Denver PD,2013-11,robbery,102
CODPD0000,Denver PD,2014-11,robbery,88
CODPD0000,Denver PD,2015-11,robbery,98
CODPD0000,Denver PD,2016-11,robbery,71
CODPD0000,Denver PD,2017-11,robbery,120
CODPD0000,Denver PD,2018-11,robbery,104
CODPD0000,Denver PD,2019-11,robbery,107
CODPD0000,Denver PD,2020-11,robbery,109
CODPD0000,Denver PD,2021-11,robbery,119
CODPD0000,Denver PD,2022-11,robbery,85
CODPD0000,Denver PD,2023-11,robbery,107
CODPD0000,Denver PD,2024-11,robbery,87
CODPD0000,Denver PD,2010-12,robbery,120
CODPD0000,Denver PD,2011-12,robbery,106
CODPD0000,Denver PD,2012-12,robbery,104
CODPD0000,Denver PD,2013-12,robbery,85
CODPD0000,Denver PD,2014-12,robbery,95
CODPD0000,Denver PD,2015-12,robbery,105
CODPD0000,Denver PD,2016-12,robbery,87
CODPD0000,Denver PD,2017-12,robbery,106
CODPD0000,Denver PD,2018-12,robbery,88
CODPD0000,Denver PD,2019-12,robbery,98
CODPD0000,Denver PD,2020-12,robbery,112
CODPD0000,Denver PD,2021-12,robbery,113
CODPD0000,Denver PD,2022-12,robbery,92
CODPD0000,Denver PD,2023-12,robbery,102
CODPD0000,Denver PD,2024-12,robbery,89
CODPD0000,Denver PD,2010-01,homicide,5
CODPD0000,Denver PD,2011-01,homicide,3
CODPD0000,Denver PD,2012-01,homicide,1
CODPD0000,Denver PD,2013-01,homicide,4
CODPD0000,Denver PD,2014-01,homicide,2
CODPD0000,Denver PD,2015-01,homicide,4
CODPD0000,Denver PD,2016-01,homicide,3
CODPD0000,Denver PD,2017-01,homicide,5
CODPD0000,Denver PD,2018-01,homicide,9
CODPD0000,Denver PD,2019-01,homicide,2
CODPD0000,Denver PD,2020-01,homicide,5
CODPD0000,Denver PD,2021-01,homicide,9
CODPD0000,Denver PD,2022-01,homicide,11
CODPD0000,Denver PD,2023-01,homicide,7
CODPD0000,Denver PD,2024-01,homicide,5
CODPD0000,Denver PD,2010-02,homicide,1
CODPD0000,Denver PD,2011-02,homicide,3
CODPD0000,Denver PD,2012-02,homicide,3
CODPD0000,Denver PD,2013-02,homicide,5
CODPD0000,Denver PD,2014-02,homicide,1
CODPD0000,Denver PD,2015-02,homicide,3
CODPD0000,Denver PD,2016-02,homicide,2
CODPD0000,Denver PD,2017-02,homicide,3
CODPD0000,Denver PD,2018-02,homicide,7
CODPD0000,Denver PD,2019-02,homicide,5
CODPD0000,Denver PD,2020-02,homicide,6
CODPD0000,Denver PD,2021-02,homicide,5
CODPD0000,Denver PD,2022-02,homicide,3
CODPD0000,Denver PD,2023-02,homicide,6
CODPD0000,Denver PD,2024-02,homicide,7
CODPD0000,Denver PD,2010-03,homicide,2
CODPD0000,Denver PD,2011-03,homicide,3
CODPD0000,Denver PD,2012-03,homicide,4
CODPD0000,Denver PD,2013-03,homicide,3
CODPD0000,Denver PD,2014-03,homicide,5
CODPD0000,Denver PD,2015-03,homicide,5
CODPD0000,Denver PD,2016-03,homicide,3
CODPD0000,Denver PD,2017-03,homicide,3
CODPD0000,Denver PD,2018-03,homicide,6
CODPD0000,Denver PD,2019-03,homicide,3
CODPD0000,Denver PD,2020-03,homicide,2
CODPD0000,Denver PD,2021-03,homicide,7
CODPD0000,Denver PD,2022-03,homicide,7
CODPD0000,Denver PD,2023-03,homicide,6
CODPD0000,Denver PD,2024-03,homicide,12
CODPD0000,Denver PD,2010-04,homicide,1
CODPD0000,Denver PD,2011-04,homicide,3
CODPD0000,Denver PD,2012-04,homicide,4
CODPD0000,Denver PD,2013-04,homicide,5
CODPD0000,Denver PD,2014-04,homicide,1
CODPD0000,Denver PD,2015-04,homicide,5
CODPD0000,Denver PD,2016-04,homicide,5
CODPD0000,Denver PD,2017-04,homicide,6
CODPD0000,Denver PD,2018-04,homicide,3
CODPD0000,Denver PD,2019-04,homicide,5
CODPD0000,Denver PD,2020-04,homicide,8
CODPD0000,Denver PD,2021-04,homicide,6
CODPD0000,Denver PD,2022-04,homicide,14
CODPD0000,Denver PD,2023-04,homicide,10
CODPD0000,Denver PD,2024-04,homicide,4
CODPD0000,Denver PD,2010-05,homicide,1
CODPD0000,Denver PD,2011-05,homicide,6
CODPD0000,Denver PD,2012-05,homicide,4
CODPD0000,Denver PD,2013-05,homicide,2
CODPD0000,Denver PD,2014-05,homicide,2
CODPD0000,Denver PD,2015-05,homicide,2
CODPD0000,Denver PD,2016-05,homicide,1
CODPD0000,Denver PD,2017-05,homicide,5
CODPD0000,Denver PD,2018-05,homicide,4
CODPD0000,Denver PD,2019-05,homicide,8
CODPD0000,Denver PD,2020-05,homicide,11
CODPD0000,Denver PD,2021-05,homicide,10
CODPD0000,Denver PD,2022-05,homicide,6
CODPD0000,Denver PD,2023-05,homicide,4
CODPD0000,Denver PD,2024-05,homicide,4
CODPD0000,Denver PD,2010-06,homicide,2
CODPD0000,Denver PD,2011-06,homicide,2
CODPD0000,Denver PD,2012-06,homicide,4
CODPD0000,Denver PD,2013-06,homicide,2
CODPD0000,Denver PD,2014-06,homicide,2
CODPD0000,Denver PD,2015-06,homicide,1
CODPD0000,Denver PD,2016-06,homicide,5
CODPD0000,Denver PD,2017-06,homicide,6
CODPD0000,Denver PD,2018-06,homicide,4
CODPD0000,Denver PD,2019-06,homicide,5
CODPD0000,Denver PD,2020-06,homicide,8
CODPD0000,Denver PD,2021-06,homicide,8
CODPD0000,Denver PD,2022-06,homicide,9
CODPD0000,Denver PD,2023-06,homicide,5
CODPD0000,Denver PD,2024-06,homicide,5
CODPD0000,Denver PD,2010-07,homicide,2
CODPD0000,Denver PD,2011-07,homicide,1
CODPD0000,Denver PD,2012-07,homicide,2
CODPD0000,Denver PD,2013-07,homicide,4
CODPD0000,Denver PD,2014-07,homicide,3
CODPD0000,Denver PD,2015-07,homicide,7
CODPD0000,Denver PD,2016-07,homicide,9
CODPD0000,Denver PD,2017-07,homicide,10
CODPD0000,Denver PD,2018-07,homicide,5
CODPD0000,Denver PD,2019-07,homicide,7
CODPD0000,Denver PD,2020-07,homicide,14
CODPD0000,Denver PD,2021-07,homicide,9
CODPD0000,Denver PD,2022-07,homicide,9
CODPD0000,Denver PD,2023-07,homicide,8
CODPD0000,Denver PD,2024-07,homicide,7
CODPD0000,Denver PD,2010-08,homicide,0
CODPD0000,Denver PD,2011-08,homicide,7
CODPD0000,Denver PD,2012-08,homicide,3
CODPD0000,Denver PD,2013-08,homicide,5
CODPD0000,Denver PD,2014-08,homicide,5
CODPD0000,Denver PD,2015-08,homicide,4
CODPD0000,Denver PD,2016-08,homicide,3
CODPD0000,Denver PD,2017-08,homicide,7
CODPD0000,Denver PD,2018-08,homicide,5
CODPD0000,Denver PD,2019-08,homicide,9
CODPD0000,Denver PD,2020-08,homicide,12
CODPD0000,Denver PD,2021-08,homicide,12
CODPD0000,Denver PD,2022-08,homicide,4
CODPD0000,Denver PD,2023-08,homicide,12
CODPD0000,Denver PD,2024-08,homicide,12
CODPD0000,Denver PD,2010-09,homicide,3
CODPD0000,Denver PD,2011-09,homicide,4
CODPD0000,Denver PD,2012-09,homicide,1
CODPD0000,Denver PD,2013-09,homicide,2
CODPD0000,Denver PD,2014-09,homicide,1
CODPD0000,Denver PD,2015-09,homicide,7
CODPD0000,Denver PD,2016-09,homicide,3
CODPD0000,Denver PD,2017-09,homicide,3
CODPD0000,Denver PD,2018-09,homicide,5
CODPD0000,Denver PD,2019-09,homicide,12
CODPD0000,Denver PD,2020-09,homicide,16
CODPD0000,Denver PD,2021-09,homicide,8
CODPD0000,Denver PD,2022-09,homicide,1
CODPD0000,Denver PD,2023-09,homicide,8
CODPD0000,Denver PD,2024-09,homicide,5
CODPD0000,Denver PD,2010-10,homicide,5
CODPD0000,Denver PD,2011-10,homicide,1
CODPD0000,Denver PD,2012-10,homicide,9
CODPD0000,Denver PD,2013-10,homicide,4
CODPD0000,Denver PD,2014-10,homicide,4
CODPD0000,Denver PD,2015-10,homicide,3
CODPD0000,Denver PD,2016-10,homicide,12
CODPD0000,Denver PD,2017-10,homicide,4
CODPD0000,Denver PD,2018-10,homicide,6
CODPD0000,Denver PD,2019-10,homicide,3
CODPD0000,Denver PD,2020-10,homicide,3
CODPD0000,Denver PD,2021-10,homicide,8
CODPD0000,Denver PD,2022-10,homicide,11
CODPD0000,Denver PD,2023-10,homicide,7
CODPD0000,Denver PD,2024-10,homicide,5
CODPD0000,Denver PD,2010-11,homicide,4
CODPD0000,Denver PD,2011-11,homicide,2
CODPD0000,Denver PD,2012-11,homicide,3
CODPD0000,Denver PD,2013-11,homicide,2
CODPD0000,Denver PD,2014-11,homicide,3
CODPD0000,Denver PD,2015-11,homicide,8
CODPD0000,Denver PD,2016-11,homicide,9
CODPD0000,Denver PD,2017-11,homicide,4
CODPD0000,Denver PD,2018-11,homicide,3
CODPD0000,Denver PD,2019-11,homicide,4
CODPD0000,Denver PD,2020-11,homicide,5
CODPD0000,Denver PD,2021-11,homicide,13
CODPD0000,Denver PD,2022-11,homicide,6
CODPD0000,Denver PD,2023-11,homicide,10
CODPD0000,Denver PD,2024-11,homicide,4
CODPD0000,Denver PD,2010-12,homicide,2
CODPD0000,Denver PD,2011-12,homicide,2
CODPD0000,Denver PD,2012-12,homicide,1
CODPD0000,Denver PD,2013-12,homicide,3
CODPD0000,Denver PD,2014-12,homicide,2
CODPD0000,Denver PD,2015-12,homicide,4
CODPD0000,Denver PD,2016-12,homicide,1
CODPD0000,Denver PD,2017-12,homicide,2
CODPD0000,Denver PD,2018-12,homicide,7
CODPD0000,Denver PD,2019-12,homicide,3
CODPD0000,Denver PD,2020-12,homicide,5
CODPD0000,Denver PD,2021-12,homicide,5
CODPD0000,Denver PD,2022-12,homicide,9
CODPD0000,Denver PD,2023-12,homicide,4
CODPD0000,Denver PD,2024-12,homicide,1
OHCOP0000,Columbus PD,2010-01,aggravated-assault,79
OHCOP0000,Columbus PD,2011-01,aggravated-assault,81
OHCOP0000,Columbus PD,2012-01,aggravated-assault,88
OHCOP0000,Columbus PD,2013-01,aggravated-assault,45
OHCOP0000,Columbus PD,2014-01,aggravated-assault,118
OHCOP0000,Columbus PD,2015-01,aggravated-assault,117
OHCOP0000,Columbus PD,2016-01,aggravated-assault,141
OHCOP0000,Columbus PD,2017-01,aggravated-assault,123
OHCOP0000,Columbus PD,2018-01,aggravated-assault,133
OHCOP0000,Columbus PD,2019-01,aggravated-assault,129
OHCOP0000,Columbus PD,2020-01,aggravated-assault,140
OHCOP0000,Columbus PD,2021-01,aggravated-assault,184
OHCOP0000,Columbus PD,2022-01,aggravated-assault,141
OHCOP0000,Columbus PD,2023-01,aggravated-assault,143
OHCOP0000,Columbus PD,2024-01,aggravated-assault,125
OHCOP0000,Columbus PD,2010-02,aggravated-assault,84
OHCOP0000,Columbus PD,2011-02,aggravated-assault,55
OHCOP0000,Columbus PD,2012-02,aggravated-assault,69
OHCOP0000,Columbus PD,2013-02,aggravated-assault,54
OHCOP0000,Columbus PD,2014-02,aggravated-assault,94
OHCOP0000,Columbus PD,2015-02,aggravated-assault,77
OHCOP0000,Columbus PD,2016-02,aggravated-assault,100
OHCOP0000,Columbus PD,2017-02,aggravated-assault,109
OHCOP0000,Columbus PD,2018-02,aggravated-assault,116
OHCOP0000,Columbus PD,2019-02,aggravated-assault,135
OHCOP0000,Columbus PD,2020-02,aggravated-assault,145
OHCOP0000,Columbus PD,2021-02,aggravated-assault,177
OHCOP0000,Columbus PD,2022-02,aggravated-assault,140
OHCOP0000,Columbus PD,2023-02,aggravated-assault,183
OHCOP0000,Columbus PD,2024-02,aggravated-assault,147
OHCOP0000,Columbus PD,2010-03,aggravated-assault,116
OHCOP0000,Columbus PD,2011-03,aggravated-assault,80
OHCOP0000,Columbus PD,2012-03,aggravated-assault,118
OHCOP0000,Columbus PD,2013-03,aggravated-assault,76
OHCOP0000,Columbus PD,2014-03,aggravated-assault,142
OHCOP0000,Columbus PD,2015-03,aggravated-assault,151
OHCOP0000,Columbus PD,2016-03,aggravated-assault,97
OHCOP0000,Columbus PD,2017-03,aggravated-assault,103
OHCOP0000,Columbus PD,2018-03,aggravated-assault,133
OHCOP0000,Columbus PD,2019-03,aggravated-assault,155
OHCOP0000,Columbus PD,2020-03,aggravated-assault,169
OHCOP0000,Columbus PD,2021-03,aggravated-assault,224
OHCOP0000,Columbus PD,2022-03,aggravated-assault,174
OHCOP0000,Columbus PD,2023-03,aggravated-assault,210
OHCOP0000,Columbus PD,2024-03,aggravated-assault,151
OHCOP0000,Columbus PD,2010-04,aggravated-assault,154
OHCOP0000,Columbus PD,2011-04,aggravated-assault,129
OHCOP0000,Columbus PD,2012-04,aggravated-assault,91
OHCOP0000,Columbus PD,2013-04,aggravated-assault,88
OHCOP0000,Columbus PD,2014-04,aggravated-assault,157
OHCOP0000,Columbus PD,2015-04,aggravated-assault,122
OHCOP0000,Columbus PD,2016-04,aggravated-assault,100
OHCOP0000,Columbus PD,2017-04,aggravated-assault,178
OHCOP0000,Columbus PD,2018-04,aggravated-assault,140
OHCOP0000,Columbus PD,2019-04,aggravated-assault,134
OHCOP0000,Columbus PD,2020-04,aggravated-assault,175
OHCOP0000,Columbus PD,2021-04,aggravated-assault,224
OHCOP0000,Columbus PD,2022-04,aggravated-assault,195
OHCOP0000,Columbus PD,2023-04,aggravated-assault,205
OHCOP0000,Columbus PD,2024-04,aggravated-assault,189
OHCOP0000,Columbus PD,2010-05,aggravated-assault,151
OHCOP0000,Columbus PD,2011-05,aggravated-assault,133
OHCOP0000,Columbus PD,2012-05,aggravated-assault,126
OHCOP0000,Columbus PD,2013-05,aggravated-assault,90
OHCOP0000,Columbus PD,2014-05,aggravated-assault,167
OHCOP0000,Columbus PD,2015-05,aggravated-assault,194
OHCOP0000,Columbus PD,2016-05,aggravated-assault,153
OHCOP0000,Columbus PD,2017-05,aggravated-assault,135
OHCOP0000,Columbus PD,2018-05,aggravated-assault,172
OHCOP0000,Columbus PD,2019-05,aggravated-assault,196
OHCOP0000,Columbus PD,2020-05,aggravated-assault,225
OHCOP0000,Columbus PD,2021-05,aggravated-assault,277
OHCOP0000,Columbus PD,2022-05,aggravated-assault,208
OHCOP0000,Columbus PD,2023-05,aggravated-assault,240
OHCOP0000,Columbus PD,2024-05,aggravated-assault,202
OHCOP0000,Columbus PD,2010-06,aggravated-assault,120
OHCOP0000,Columbus PD,2011-06,aggravated-assault,131
OHCOP0000,Columbus PD,2012-06,aggravated-assault,98
OHCOP0000,Columbus PD,2013-06,aggravated-assault,117
OHCOP0000,Columbus PD,2014-06,aggravated-assault,180
OHCOP0000,Columbus PD,2015-06,aggravated-assault,129
OHCOP0000,Columbus PD,2016-06,aggravated-assault,160
OHCOP0000,Columbus PD,2017-06,aggravated-assault,189
OHCOP0000,Columbus PD,2018-06,aggravated-assault,160
OHCOP0000,Columbus PD,2019-06,aggravated-assault,166
OHCOP0000,Columbus PD,2020-06,aggravated-assault,274
OHCOP0000,Columbus PD,2021-06,aggravated-assault,241
OHCOP0000,Columbus PD,2022-06,aggravated-assault,228
OHCOP0000,Columbus PD,2023-06,aggravated-assault,223
OHCOP0000,Columbus PD,2024-06,aggravated-assault,189
OHCOP0000,Columbus PD,2010-07,aggravated-assault,161
OHCOP0000,Columbus PD,2011-07,aggravated-assault,134
OHCOP0000,Columbus PD,2012-07,aggravated-assault,94
OHCOP0000,Columbus PD,2013-07,aggravated-assault,115
OHCOP0000,Columbus PD,2014-07,aggravated-assault,162
OHCOP0000,Columbus PD,2015-07,aggravated-assault,148
OHCOP0000,Columbus PD,2016-07,aggravated-assault,162
OHCOP0000,Columbus PD,2017-07,aggravated-assault,180
OHCOP0000,Columbus PD,2018-07,aggravated-assault,168
OHCOP0000,Columbus PD,2019-07,aggravated-assault,196
OHCOP0000,Columbus PD,2020-07,aggravated-assault,310
OHCOP0000,Columbus PD,2021-07,aggravated-assault,297
OHCOP0000,Columbus PD,2022-07,aggravated-assault,183
OHCOP0000,Columbus PD,2023-07,aggravated-assault,222
OHCOP0000,Columbus PD,2024-07,aggravated-assault,150
OHCOP0000,Columbus PD,2010-08,aggravated-assault,135
OHCOP0000,Columbus PD,2011-08,aggravated-assault,144
OHCOP0000,Columbus PD,2012-08,aggravated-assault,99
OHCOP0000,Columbus PD,2013-08,aggravated-assault,164
OHCOP0000,Columbus PD,2014-08,aggravated-assault,153
OHCOP0000,Columbus PD,2015-08,aggravated-assault,148
OHCOP0000,Columbus PD,2016-08,aggravated-assault,135
OHCOP0000,Columbus PD,2017-08,aggravated-assault,114
OHCOP0000,Columbus PD,2018-08,aggravated-assault,171
OHCOP0000,Columbus PD,2019-08,aggravated-assault,196
OHCOP0000,Columbus PD,2020-08,aggravated-assault,305
OHCOP0000,Columbus PD,2021-08,aggravated-assault,280
OHCOP0000,Columbus PD,2022-08,aggravated-assault,191
OHCOP0000,Columbus PD,2023-08,aggravated-assault,192
OHCOP0000,Columbus PD,2024-08,aggravated-assault,184
OHCOP0000,Columbus PD,2010-09,aggravated-assault,118
OHCOP0000,Columbus PD,2011-09,aggravated-assault,101
OHCOP0000,Columbus PD,2012-09,aggravated-assault,84
OHCOP0000,Columbus PD,2013-09,aggravated-assault,167
OHCOP0000,Columbus PD,2014-09,aggravated-assault,132
OHCOP0000,Columbus PD,2015-09,aggravated-assault,115
OHCOP0000,Columbus PD,2016-09,aggravated-assault,143
OHCOP0000,Columbus PD,2017-09,aggravated-assault,122
OHCOP0000,Columbus PD,2018-09,aggravated-assault,138
OHCOP0000,Columbus PD,2019-09,aggravated-assault,187
OHCOP0000,Columbus PD,2020-09,aggravated-assault,203
OHCOP0000,Columbus PD,2021-09,aggravated-assault,273
OHCOP0000,Columbus PD,2022-09,aggravated-assault,183
OHCOP0000,Columbus PD,2023-09,aggravated-assault,157
OHCOP0000,Columbus PD,2024-09,aggravated-assault,216
OHCOP0000,Columbus PD,2010-10,aggravated-assault,124
OHCOP0000,Columbus PD,2011-10,aggravated-assault,105
OHCOP0000,Columbus PD,2012-10,aggravated-assault,90
OHCOP0000,Columbus PD,2013-10,aggravated-assault,129
OHCOP0000,Columbus PD,2014-10,aggravated-assault,132
OHCOP0000,Columbus PD,2015-10,aggravated-assault,116
OHCOP0000,Columbus PD,2016-10,aggravated-assault,133
OHCOP0000,Columbus PD,2017-10,aggravated-assault,119
OHCOP0000,Columbus PD,2018-10,aggravated-assault,144
OHCOP0000,Columbus PD,2019-10,aggravated-assault,152
OHCOP0000,Columbus PD,2020-10,aggravated-assault,225
OHCOP0000,Columbus PD,2021-10,aggravated-assault,252
OHCOP0000,Columbus PD,2022-10,aggravated-assault,180
OHCOP0000,Columbus PD,2023-10,aggravated-assault,171
OHCOP0000,Columbus PD,2024-10,aggravated-assault,142
OHCOP0000,Columbus PD,2010-11,aggravated-assault,125
OHCOP0000,Columbus PD,2011-11,aggravated-assault,95
OHCOP0000,Columbus PD,2012-11,aggravated-assault,82
OHCOP0000,Columbus PD,2013-11,aggravated-assault,83
OHCOP0000,Columbus PD,2014-11,aggravated-assault,108
OHCOP0000,Columbus PD,2015-11,aggravated-assault,90
OHCOP0000,Columbus PD,2016-11,aggravated-assault,107
OHCOP0000,Columbus PD,2017-11,aggravated-assault,123
OHCOP0000,Columbus PD,2018-11,aggravated-assault,133
OHCOP0000,Columbus PD,2019-11,aggravated-assault,125
OHCOP0000,Columbus PD,2020-11,aggravated-assault,147
OHCOP0000,Columbus PD,2021-11,aggravated-assault,167
OHCOP0000,Columbus PD,2022-11,aggravated-assault,171
OHCOP0000,Columbus PD,2023-11,aggravated-assault,157
OHCOP0000,Columbus PD,2024-11,aggravated-assault,126
OHCOP0000,Columbus PD,2010-12,aggravated-assault,67
OHCOP0000,Columbus PD,2011-12,aggravated-assault,108
OHCOP0000,Columbus PD,2012-12,aggravated-assault,77
OHCOP0000,Columbus PD,2013-12,aggravated-assault,85
OHCOP0000,Columbus PD,2014-12,aggravated-assault,111
OHCOP0000,Columbus PD,2015-12,aggravated-assault,112
OHCOP0000,Columbus PD,2016-12,aggravated-assault,84
OHCOP0000,Columbus PD,2017-12,aggravated-assault,110
OHCOP0000,Columbus PD,2018-12,aggravated-assault,115
OHCOP0000,Columbus PD,2019-12,aggravated-assault,123
OHCOP0000,Columbus PD,2020-12,aggravated-assault,209
OHCOP0000,Columbus PD,2021-12,aggravated-assault,156
OHCOP0000,Columbus PD,2022-12,aggravated-assault,171
OHCOP0000,Columbus PD,2023-12,aggravated-assault,138
OHCOP0000,Columbus PD,2024-12,aggravated-assault,147
OHCOP0000,Columbus PD,2010-01,robbery,241
OHCOP0000,Columbus PD,2011-01,robbery,212
OHCOP0000,Columbus PD,2012-01,robbery,240
OHCOP0000,Columbus PD,2013-01,robbery,259
OHCOP0000,Columbus PD,2014-01,robbery,202
OHCOP0000,Columbus PD,2015-01,robbery,188
OHCOP0000,Columbus PD,2016-01,robbery,198
OHCOP0000,Columbus PD,2017-01,robbery,165
OHCOP0000,Columbus PD,2018-01,robbery,164
OHCOP0000,Columbus PD,2019-01,robbery,174
OHCOP0000,Columbus PD,2020-01,robbery,165
OHCOP0000,Columbus PD,2021-01,robbery,185
OHCOP0000,Columbus PD,2022-01,robbery,118
OHCOP0000,Columbus PD,2023-01,robbery,101
OHCOP0000,Columbus PD,2024-01,robbery,78
OHCOP0000,Columbus PD,2010-02,robbery,155
OHCOP0000,Columbus PD,2011-02,robbery,178
OHCOP0000,Columbus PD,2012-02,robbery,208
OHCOP0000,Columbus PD,2013-02,robbery,158
OHCOP0000,Columbus PD,2014-02,robbery,107
OHCOP0000,Columbus PD,2015-02,robbery,121
OHCOP0000,Columbus PD,2016-02,robbery,136
OHCOP0000,Columbus PD,2017-02,robbery,145
OHCOP0000,Columbus PD,2018-02,robbery,149
OHCOP0000,Columbus PD,2019-02,robbery,122
OHCOP0000,Columbus PD,2020-02,robbery,117
OHCOP0000,Columbus PD,2021-02,robbery,137
OHCOP0000,Columbus PD,2022-02,robbery,92
OHCOP0000,Columbus PD,2023-02,robbery,91
OHCOP0000,Columbus PD,2024-02,robbery,71
OHCOP0000,Columbus PD,2010-03,robbery,280
OHCOP0000,Columbus PD,2011-03,robbery,231
OHCOP0000,Columbus PD,2012-03,robbery,268
OHCOP0000,Columbus PD,2013-03,robbery,197
OHCOP0000,Columbus PD,2014-03,robbery,161
OHCOP0000,Columbus PD,2015-03,robbery,161
OHCOP0000,Columbus PD,2016-03,robbery,169
OHCOP0000,Columbus PD,2017-03,robbery,155
OHCOP0000,Columbus PD,2018-03,robbery,140
OHCOP0000,Columbus PD,2019-03,robbery,120
OHCOP0000,Columbus PD,2020-03,robbery,119
OHCOP0000,Columbus PD,2021-03,robbery,164
OHCOP0000,Columbus PD,2022-03,robbery,114
OHCOP0000,Columbus PD,2023-03,robbery,81
OHCOP0000,Columbus PD,2024-03,robbery,88
OHCOP0000,Columbus PD,2010-04,robbery,254
OHCOP0000,Columbus PD,2011-04,robbery,262
OHCOP0000,Columbus PD,2012-04,robbery,241
OHCOP0000,Columbus PD,2013-04,robbery,224
OHCOP0000,Columbus PD,2014-04,robbery,182
OHCOP0000,Columbus PD,2015-04,robbery,185
OHCOP0000,Columbus PD,2016-04,robbery,168
OHCOP0000,Columbus PD,2017-04,robbery,162
OHCOP0000,Columbus PD,2018-04,robbery,153
OHCOP0000,Columbus PD,2019-04,robbery,129
OHCOP0000,Columbus PD,2020-04,robbery,120
OHCOP0000,Columbus PD,2021-04,robbery,157
OHCOP0000,Columbus PD,2022-04,robbery,122
OHCOP0000,Columbus PD,2023-04,robbery,117
OHCOP0000,Columbus PD,2024-04,robbery,115
OHCOP0000,Columbus PD,2010-05,robbery,295
OHCOP0000,Columbus PD,2011-05,robbery,327
OHCOP0000,Columbus PD,2012-05,robbery,288
OHCOP0000,Columbus PD,2013-05,robbery,244
OHCOP0000,Columbus PD,2014-05,robbery,196
OHCOP0000,Columbus PD,2015-05,robbery,238
OHCOP0000,Columbus PD,2016-05,robbery,194
OHCOP0000,Columbus PD,2017-05,robbery,190
OHCOP0000,Columbus PD,2018-05,robbery,152
OHCOP0000,Columbus PD,2019-05,robbery,149
OHCOP0000,Columbus PD,2020-05,robbery,147
OHCOP0000,Columbus PD,2021-05,robbery,196
OHCOP0000,Columbus PD,2022-05,robbery,125
OHCOP0000,Columbus PD,2023-05,robbery,114
OHCOP0000,Columbus PD,2024-05,robbery,107
OHCOP0000,Columbus PD,2010-06,robbery,323
OHCOP0000,Columbus PD,2011-06,robbery,299
OHCOP0000,Columbus PD,2012-06,robbery,241
OHCOP0000,Columbus PD,2013-06,robbery,233
OHCOP0000,Columbus PD,2014-06,robbery,191
OHCOP0000,Columbus PD,2015-06,robbery,207
OHCOP0000,Columbus PD,2016-06,robbery,187
OHCOP0000,Columbus PD,2017-06,robbery,197
OHCOP0000,Columbus PD,2018-06,robbery,150
OHCOP0000,Columbus PD,2019-06,robbery,161
OHCOP0000,Columbus PD,2020-06,robbery,157
OHCOP0000,Columbus PD,2021-06,robbery,183
OHCOP0000,Columbus PD,2022-06,robbery,93
OHCOP0000,Columbus PD,2023-06,robbery,113
OHCOP0000,Columbus PD,2024-06,robbery,93
OHCOP0000,Columbus PD,2010-07,robbery,358
OHCOP0000,Columbus PD,2011-07,robbery,329
OHCOP0000,Columbus PD,2012-07,robbery,267
OHCOP0000,Columbus PD,2013-07,robbery,180
OHCOP0000,Columbus PD,2014-07,robbery,166
OHCOP0000,Columbus PD,2015-07,robbery,229
OHCOP0000,Columbus PD,2016-07,robbery,205
OHCOP0000,Columbus PD,2017-07,robbery,213
OHCOP0000,Columbus PD,2018-07,robbery,213
OHCOP0000,Columbus PD,2019-07,robbery,184
OHCOP0000,Columbus PD,2020-07,robbery,172
OHCOP0000,Columbus PD,2021-07,robbery,203
OHCOP0000,Columbus PD,2022-07,robbery,130
OHCOP0000,Columbus PD,2023-07,robbery,133
OHCOP0000,Columbus PD,2024-07,robbery,117
OHCOP0000,Columbus PD,2010-08,robbery,318
OHCOP0000,Columbus PD,2011-08,robbery,285
OHCOP0000,Columbus PD,2012-08,robbery,265
OHCOP0000,Columbus PD,2013-08,robbery,217
OHCOP0000,Columbus PD,2014-08,robbery,179
OHCOP0000,Columbus PD,2015-08,robbery,179
OHCOP0000,Columbus PD,2016-08,robbery,226
OHCOP0000,Columbus PD,2017-08,robbery,189
OHCOP0000,Columbus PD,2018-08,robbery,175
OHCOP0000,Columbus PD,2019-08,robbery,179
OHCOP0000,Columbus PD,2020-08,robbery,182
OHCOP0000,Columbus PD,2021-08,robbery,192
OHCOP0000,Columbus PD,2022-08,robbery,111
OHCOP0000,Columbus PD,2023-08,robbery,135
OHCOP0000,Columbus PD,2024-08,robbery,114
OHCOP0000,Columbus PD,2010-09,robbery,342
OHCOP0000,Columbus PD,2011-09,robbery,270
OHCOP0000,Columbus PD,2012-09,robbery,230
OHCOP0000,Columbus PD,2013-09,robbery,213
OHCOP0000,Columbus PD,2014-09,robbery,201
OHCOP0000,Columbus PD,2015-09,robbery,180
OHCOP0000,Columbus PD,2016-09,robbery,179
OHCOP0000,Columbus PD,2017-09,robbery,180
OHCOP0000,Columbus PD,2018-09,robbery,175
OHCOP0000,Columbus PD,2019-09,robbery,168
OHCOP0000,Columbus PD,2020-09,robbery,182
OHCOP0000,Columbus PD,2021-09,robbery,181
OHCOP0000,Columbus PD,2022-09,robbery,106
OHCOP0000,Columbus PD,2023-09,robbery,105
OHCOP0000,Columbus PD,2024-09,robbery,86
OHCOP0000,Columbus PD,2010-10,robbery,292
OHCOP0000,Columbus PD,2011-10,robbery,272
OHCOP0000,Columbus PD,2012-10,robbery,304
OHCOP0000,Columbus PD,2013-10,robbery,190
OHCOP0000,Columbus PD,2014-10,robbery,196
OHCOP0000,Columbus PD,2015-10,robbery,193
OHCOP0000,Columbus PD,2016-10,robbery,177
OHCOP0000,Columbus PD,2017-10,robbery,181
OHCOP0000,Columbus PD,2018-10,robbery,175
OHCOP0000,Columbus PD,2019-10,robbery,154
OHCOP0000,Columbus PD,2020-10,robbery,152
OHCOP0000,Columbus PD,2021-10,robbery,161
OHCOP0000,Columbus PD,2022-10,robbery,110
OHCOP0000,Columbus PD,2023-10,robbery,80
OHCOP0000,Columbus PD,2024-10,robbery,82
OHCOP0000,Columbus PD,2010-11,robbery,281
OHCOP0000,Columbus PD,2011-11,robbery,308
OHCOP0000,Columbus PD,2012-11,robbery,257
OHCOP0000,Columbus PD,2013-11,robbery,185
OHCOP0000,Columbus PD,2014-11,robbery,158
OHCOP0000,Columbus PD,2015-11,robbery,187
OHCOP0000,Columbus PD,2016-11,robbery,181
OHCOP0000,Columbus PD,2017-11,robbery,151
OHCOP0000,Columbus PD,2018-11,robbery,184
OHCOP0000,Columbus PD,2019-11,robbery,156
OHCOP0000,Columbus PD,2020-11,robbery,142
OHCOP0000,Columbus PD,2021-11,robbery,140
OHCOP0000,Columbus PD,2022-11,robbery,112
OHCOP0000,Columbus PD,2023-11,robbery,92
OHCOP0000,Columbus PD,2024-11,robbery,82
OHCOP0000,Columbus PD,2010-12,robbery,230
OHCOP0000,Columbus PD,2011-12,robbery,278
OHCOP0000,Columbus PD,2012-12,robbery,222
OHCOP0000,Columbus PD,2013-12,robbery,163
OHCOP0000,Columbus PD,2014-12,robbery,173
OHCOP0000,Columbus PD,2015-12,robbery,196
OHCOP0000,Columbus PD,2016-12,robbery,142
OHCOP0000,Columbus PD,2017-12,robbery,192
OHCOP0000,Columbus PD,2018-12,robbery,187
OHCOP0000,Columbus PD,2019-12,robbery,176
OHCOP0000,Columbus PD,2020-12,robbery,204
OHCOP0000,Columbus PD,2021-12,robbery,148
OHCOP0000,Columbus PD,2022-12,robbery,116
OHCOP0000,Columbus PD,2023-12,robbery,78
OHCOP0000,Columbus PD,2024-12,robbery,79
OHCOP0000,Columbus PD,2010-01,homicide,5
OHCOP0000,Columbus PD,2011-01,homicide,8
OHCOP0000,Columbus PD,2012-01,homicide,5
OHCOP0000,Columbus PD,2013-01,homicide,8
OHCOP0000,Columbus PD,2014-01,homicide,7
OHCOP0000,Columbus PD,2015-01,homicide,4
OHCOP0000,Columbus PD,2016-01,homicide,15
OHCOP0000,Columbus PD,2017-01,homicide,9
OHCOP0000,Columbus PD,2018-01,homicide,11
OHCOP0000,Columbus PD,2019-01,homicide,12
OHCOP0000,Columbus PD,2020-01,homicide,9
OHCOP0000,Columbus PD,2021-01,homicide,25
OHCOP0000,Columbus PD,2022-01,homicide,9
OHCOP0000,Columbus PD,2023-01,homicide,19
OHCOP0000,Columbus PD,2024-01,homicide,4
OHCOP0000,Columbus PD,2010-02,homicide,6
OHCOP0000,Columbus PD,2011-02,homicide,5
OHCOP0000,Columbus PD,2012-02,homicide,1
OHCOP0000,Columbus PD,2013-02,homicide,5
OHCOP0000,Columbus PD,2014-02,homicide,5
OHCOP0000,Columbus PD,2015-02,homicide,3
OHCOP0000,Columbus PD,2016-02,homicide,3
OHCOP0000,Columbus PD,2017-02,homicide,10
OHCOP0000,Columbus PD,2018-02,homicide,9
OHCOP0000,Columbus PD,2019-02,homicide,5
OHCOP0000,Columbus PD,2020-02,homicide,9
OHCOP0000,Columbus PD,2021-02,homicide,14
OHCOP0000,Columbus PD,2022-02,homicide,9
OHCOP0000,Columbus PD,2023-02,homicide,8
OHCOP0000,Columbus PD,2024-02,homicide,9
OHCOP0000,Columbus PD,2010-03,homicide,8
OHCOP0000,Columbus PD,2011-03,homicide,8
OHCOP0000,Columbus PD,2012-03,homicide,6
OHCOP0000,Columbus PD,2013-03,homicide,3
OHCOP0000,Columbus PD,2014-03,homicide,7
OHCOP0000,Columbus PD,2015-03,homicide,6
OHCOP0000,Columbus PD,2016-03,homicide,4
OHCOP0000,Columbus PD,2017-03,homicide,13
OHCOP0000,Columbus PD,2018-03,homicide,4
OHCOP0000,Columbus PD,2019-03,homicide,9
OHCOP0000,Columbus PD,2020-03,homicide,10
OHCOP0000,Columbus PD,2021-03,homicide,16
OHCOP0000,Columbus PD,2022-03,homicide,11
OHCOP0000,Columbus PD,2023-03,homicide,16
OHCOP0000,Columbus PD,2024-03,homicide,5
OHCOP0000,Columbus PD,2010-04,homicide,11
OHCOP0000,Columbus PD,2011-04,homicide,9
OHCOP0000,Columbus PD,2012-04,homicide,9
OHCOP0000,Columbus PD,2013-04,homicide,8
OHCOP0000,Columbus PD,2014-04,homicide,10
OHCOP0000,Columbus PD,2015-04,homicide,8
OHCOP0000,Columbus PD,2016-04,homicide,8
OHCOP0000,Columbus PD,2017-04,homicide,14
OHCOP0000,Columbus PD,2018-04,homicide,13
OHCOP0000,Columbus PD,2019-04,homicide,10
OHCOP0000,Columbus PD,2020-04,homicide,7
OHCOP0000,Columbus PD,2021-04,homicide,15
OHCOP0000,Columbus PD,2022-04,homicide,9
OHCOP0000,Columbus PD,2023-04,homicide,17
OHCOP0000,Columbus PD,2024-04,homicide,9
OHCOP0000,Columbus PD,2010-05,homicide,9
OHCOP0000,Columbus PD,2011-05,homicide,9
OHCOP0000,Columbus PD,2012-05,homicide,9
OHCOP0000,Columbus PD,2013-05,homicide,6
OHCOP0000,Columbus PD,2014-05,homicide,13
OHCOP0000,Columbus PD,2015-05,homicide,10
OHCOP0000,Columbus PD,2016-05,homicide,6
OHCOP0000,Columbus PD,2017-05,homicide,12
OHCOP0000,Columbus PD,2018-05,homicide,15
OHCOP0000,Columbus PD,2019-05,homicide,11
OHCOP0000,Columbus PD,2020-05,homicide,9
OHCOP0000,Columbus PD,2021-05,homicide,22
OHCOP0000,Columbus PD,2022-05,homicide,16
OHCOP0000,Columbus PD,2023-05,homicide,10
OHCOP0000,Columbus PD,2024-05,homicide,11
OHCOP0000,Columbus PD,2010-06,homicide,7
OHCOP0000,Columbus PD,2011-06,homicide,2
OHCOP0000,Columbus PD,2012-06,homicide,3
OHCOP0000,Columbus PD,2013-06,homicide,5
OHCOP0000,Columbus PD,2014-06,homicide,8
OHCOP0000,Columbus PD,2015-06,homicide,8
OHCOP0000,Columbus PD,2016-06,homicide,11
OHCOP0000,Columbus PD,2017-06,homicide,12
OHCOP0000,Columbus PD,2018-06,homicide,6
OHCOP0000,Columbus PD,2019-06,homicide,8
OHCOP0000,Columbus PD,2020-06,homicide,17
OHCOP0000,Columbus PD,2021-06,homicide,17
OHCOP0000,Columbus PD,2022-06,homicide,11
OHCOP0000,Columbus PD,2023-06,homicide,9
OHCOP0000,Columbus PD,2024-06,homicide,16
OHCOP0000,Columbus PD,2010-07,homicide,11
OHCOP0000,Columbus PD,2011-07,homicide,8
OHCOP0000,Columbus PD,2012-07,homicide,14
OHCOP0000,Columbus PD,2013-07,homicide,17
OHCOP0000,Columbus PD,2014-07,homicide,7
OHCOP0000,Columbus PD,2015-07,homicide,7
OHCOP0000,Columbus PD,2016-07,homicide,10
OHCOP0000,Columbus PD,2017-07,homicide,11
OHCOP0000,Columbus PD,2018-07,homicide,7
OHCOP0000,Columbus PD,2019-07,homicide,6
OHCOP0000,Columbus PD,2020-07,homicide,16
OHCOP0000,Columbus PD,2021-07,homicide,23
OHCOP0000,Columbus PD,2022-07,homicide,16
OHCOP0000,Columbus PD,2023-07,homicide,16
OHCOP0000,Columbus PD,2024-07,homicide,6
OHCOP0000,Columbus PD,2010-08,homicide,10
OHCOP0000,Columbus PD,2011-08,homicide,9
OHCOP0000,Columbus PD,2012-08,homicide,6
OHCOP0000,Columbus PD,2013-08,homicide,6
OHCOP0000,Columbus PD,2014-08,homicide,4
OHCOP0000,Columbus PD,2015-08,homicide,7
OHCOP0000,Columbus PD,2016-08,homicide,7
OHCOP0000,Columbus PD,2017-08,homicide,12
OHCOP0000,Columbus PD,2018-08,homicide,8
OHCOP0000,Columbus PD,2019-08,homicide,3
OHCOP0000,Columbus PD,2020-08,homicide,20
OHCOP0000,Columbus PD,2021-08,homicide,18
OHCOP0000,Columbus PD,2022-08,homicide,10
OHCOP0000,Columbus PD,2023-08,homicide,13
OHCOP0000,Columbus PD,2024-08,homicide,13
OHCOP0000,Columbus PD,2010-09,homicide,5
OHCOP0000,Columbus PD,2011-09,homicide,10
OHCOP0000,Columbus PD,2012-09,homicide,5
OHCOP0000,Columbus PD,2013-09,homicide,2
OHCOP0000,Columbus PD,2014-09,homicide,6
OHCOP0000,Columbus PD,2015-09,homicide,6
OHCOP0000,Columbus PD,2016-09,homicide,7
OHCOP0000,Columbus PD,2017-09,homicide,9
OHCOP0000,Columbus PD,2018-09,homicide,8
OHCOP0000,Columbus PD,2019-09,homicide,8
OHCOP0000,Columbus PD,2020-09,homicide,22
OHCOP0000,Columbus PD,2021-09,homicide,21
OHCOP0000,Columbus PD,2022-09,homicide,15
OHCOP0000,Columbus PD,2023-09,homicide,15
OHCOP0000,Columbus PD,2024-09,homicide,10
OHCOP0000,Columbus PD,2010-10,homicide,9
OHCOP0000,Columbus PD,2011-10,homicide,7
OHCOP0000,Columbus PD,2012-10,homicide,6
OHCOP0000,Columbus PD,2013-10,homicide,5
OHCOP0000,Columbus PD,2014-10,homicide,7
OHCOP0000,Columbus PD,2015-10,homicide,4
OHCOP0000,Columbus PD,2016-10,homicide,11
OHCOP0000,Columbus PD,2017-10,homicide,11
OHCOP0000,Columbus PD,2018-10,homicide,14
OHCOP0000,Columbus PD,2019-10,homicide,7
OHCOP0000,Columbus PD,2020-10,homicide,23
OHCOP0000,Columbus PD,2021-10,homicide,8
OHCOP0000,Columbus PD,2022-10,homicide,12
OHCOP0000,Columbus PD,2023-10,homicide,9
OHCOP0000,Columbus PD,2024-10,homicide,8
OHCOP0000,Columbus PD,2010-11,homicide,9
OHCOP0000,Columbus PD,2011-11,homicide,5
OHCOP0000,Columbus PD,2012-11,homicide,5
OHCOP0000,Columbus PD,2013-11,homicide,8
OHCOP0000,Columbus PD,2014-11,homicide,4
OHCOP0000,Columbus PD,2015-11,homicide,8
OHCOP0000,Columbus PD,2016-11,homicide,7
OHCOP0000,Columbus PD,2017-11,homicide,12
OHCOP0000,Columbus PD,2018-11,homicide,11
OHCOP0000,Columbus PD,2019-11,homicide,4
OHCOP0000,Columbus PD,2020-11,homicide,12
OHCOP0000,Columbus PD,2021-11,homicide,11
OHCOP0000,Columbus PD,2022-11,homicide,8
OHCOP0000,Columbus PD,2023-11,homicide,7
OHCOP0000,Columbus PD,2024-11,homicide,14
OHCOP0000,Columbus PD,2010-12,homicide,5
OHCOP0000,Columbus PD,2011-12,homicide,7
OHCOP0000,Columbus PD,2012-12,homicide,2
OHCOP0000,Columbus PD,2013-12,homicide,5
OHCOP0000,Columbus PD,2014-12,homicide,7
OHCOP0000,Columbus PD,2015-12,homicide,12
OHCOP0000,Columbus PD,2016-12,homicide,15
OHCOP0000,Columbus PD,2017-12,homicide,20
OHCOP0000,Columbus PD,2018-12,homicide,4
OHCOP0000,Columbus PD,2019-12,homicide,7
OHCOP0000,Columbus PD,2020-12,homicide,25
OHCOP0000,Columbus PD,2021-12,homicide,22
OHCOP0000,Columbus PD,2022-12,homicide,10
OHCOP0000,Columbus PD,2023-12,homicide,8
OHCOP0000,Columbus PD,2024-12,homicide,12
NC0600100,Charlotte-Mecklenburg PD,2010-01,aggravated-assault,228
NC0600100,Charlotte-Mecklenburg PD,2011-01,aggravated-assault,168
NC0600100,Charlotte-Mecklenburg PD,2012-01,aggravated-assault,228
NC0600100,Charlotte-Mecklenburg PD,2013-01,aggravated-assault,257
NC0600100,Charlotte-Mecklenburg PD,2014-01,aggravated-assault,220
NC0600100,Charlotte-Mecklenburg PD,2015-01,aggravated-assault,328
NC0600100,Charlotte-Mecklenburg PD,2016-01,aggravated-assault,309
NC0600100,Charlotte-Mecklenburg PD,2017-01,aggravated-assault,353
NC0600100,Charlotte-Mecklenburg PD,2018-01,aggravated-assault,310
NC0600100,Charlotte-Mecklenburg PD,2019-01,aggravated-assault,367
NC0600100,Charlotte-Mecklenburg PD,2020-01,aggravated-assault,304
NC0600100,Charlotte-Mecklenburg PD,2021-01,aggravated-assault,443
NC0600100,Charlotte-Mecklenburg PD,2022-01,aggravated-assault,432
NC0600100,Charlotte-Mecklenburg PD,2023-01,aggravated-assault,374
NC0600100,Charlotte-Mecklenburg PD,2024-01,aggravated-assault,447
NC0600100,Charlotte-Mecklenburg PD,2010-02,aggravated-assault,170
NC0600100,Charlotte-Mecklenburg PD,2011-02,aggravated-assault,232
NC0600100,Charlotte-Mecklenburg PD,2012-02,aggravated-assault,210
NC0600100,Charlotte-Mecklenburg PD,2013-02,aggravated-assault,181
NC0600100,Charlotte-Mecklenburg PD,2014-02,aggravated-assault,138
NC0600100,Charlotte-Mecklenburg PD,2015-02,aggravated-assault,222
NC0600100,Charlotte-Mecklenburg PD,2016-02,aggravated-assault,230
NC0600100,Charlotte-Mecklenburg PD,2017-02,aggravated-assault,353
NC0600100,Charlotte-Mecklenburg PD,2018-02,aggravated-assault,271
NC0600100,Charlotte-Mecklenburg PD,2019-02,aggravated-assault,298
NC0600100,Charlotte-Mecklenburg PD,2020-02,aggravated-assault,329
NC0600100,Charlotte-Mecklenburg PD,2021-02,aggravated-assault,417
NC0600100,Charlotte-Mecklenburg PD,2022-02,aggravated-assault,453
NC0600100,Charlotte-Mecklenburg PD,2023-02,aggravated-assault,394
NC0600100,Charlotte-Mecklenburg PD,2024-02,aggravated-assault,357
NC0600100,Charlotte-Mecklenburg PD,2010-03,aggravated-assault,224
NC0600100,Charlotte-Mecklenburg PD,2011-03,aggravated-assault,238
NC0600100,Charlotte-Mecklenburg PD,2012-03,aggravated-assault,295
NC0600100,Charlotte-Mecklenburg PD,2013-03,aggravated-assault,226
NC0600100,Charlotte-Mecklenburg PD,2014-03,aggravated-assault,244
NC0600100,Charlotte-Mecklenburg PD,2015-03,aggravated-assault,253
NC0600100,Charlotte-Mecklenburg PD,2016-03,aggravated-assault,396
NC0600100,Charlotte-Mecklenburg PD,2017-03,aggravated-assault,344
NC0600100,Charlotte-Mecklenburg PD,2018-03,aggravated-assault,312
NC0600100,Charlotte-Mecklenburg PD,2019-03,aggravated-assault,348
NC0600100,Charlotte-Mecklenburg PD,2020-03,aggravated-assault,441
NC0600100,Charlotte-Mecklenburg PD,2021-03,aggravated-assault,392
NC0600100,Charlotte-Mecklenburg PD,2022-03,aggravated-assault,441
NC0600100,Charlotte-Mecklenburg PD,2023-03,aggravated-assault,472
NC0600100,Charlotte-Mecklenburg PD,2024-03,aggravated-assault,397
NC0600100,Charlotte-Mecklenburg PD,2010-04,aggravated-assault,239
NC0600100,Charlotte-Mecklenburg PD,2011-04,aggravated-assault,203
NC0600100,Charlotte-Mecklenburg PD,2012-04,aggravated-assault,231
NC0600100,Charlotte-Mecklenburg PD,2013-04,aggravated-assault,242
NC0600100,Charlotte-Mecklenburg PD,2014-04,aggravated-assault,265
NC0600100,Charlotte-Mecklenburg PD,2015-04,aggravated-assault,250
NC0600100,Charlotte-Mecklenburg PD,2016-04,aggravated-assault,321
NC0600100,Charlotte-Mecklenburg PD,2017-04,aggravated-assault,287
NC0600100,Charlotte-Mecklenburg PD,2018-04,aggravated-assault,293
NC0600100,Charlotte-Mecklenburg PD,2019-04,aggravated-assault,438
NC0600100,Charlotte-Mecklenburg PD,2020-04,aggravated-assault,397
NC0600100,Charlotte-Mecklenburg PD,2021-04,aggravated-assault,495
NC0600100,Charlotte-Mecklenburg PD,2022-04,aggravated-assault,479
NC0600100,Charlotte-Mecklenburg PD,2023-04,aggravated-assault,451
NC0600100,Charlotte-Mecklenburg PD,2024-04,aggravated-assault,547
NC0600100,Charlotte-Mecklenburg PD,2010-05,aggravated-assault,252
NC0600100,Charlotte-Mecklenburg PD,2011-05,aggravated-assault,266
NC0600100,Charlotte-Mecklenburg PD,2012-05,aggravated-assault,260
NC0600100,Charlotte-Mecklenburg PD,2013-05,aggravated-assault,256
NC0600100,Charlotte-Mecklenburg PD,2014-05,aggravated-assault,254
NC0600100,Charlotte-Mecklenburg PD,2015-05,aggravated-assault,326
NC0600100,Charlotte-Mecklenburg PD,2016-05,aggravated-assault,417
NC0600100,Charlotte-Mecklenburg PD,2017-05,aggravated-assault,361
NC0600100,Charlotte-Mecklenburg PD,2018-05,aggravated-assault,345
NC0600100,Charlotte-Mecklenburg PD,2019-05,aggravated-assault,459
NC0600100,Charlotte-Mecklenburg PD,2020-05,aggravated-assault,480
NC0600100,Charlotte-Mecklenburg PD,2021-05,aggravated-assault,497
NC0600100,Charlotte-Mecklenburg PD,2022-05,aggravated-assault,509
NC0600100,Charlotte-Mecklenburg PD,2023-05,aggravated-assault,500
NC0600100,Charlotte-Mecklenburg PD,2024-05,aggravated-assault,569
NC0600100,Charlotte-Mecklenburg PD,2010-06,aggravated-assault,239
NC0600100,Charlotte-Mecklenburg PD,2011-06,aggravated-assault,271
NC0600100,Charlotte-Mecklenburg PD,2012-06,aggravated-assault,343
NC0600100,Charlotte-Mecklenburg PD,2013-06,aggravated-assault,297
NC0600100,Charlotte-Mecklenburg PD,2014-06,aggravated-assault,272
NC0600100,Charlotte-Mecklenburg PD,2015-06,aggravated-assault,279
NC0600100,Charlotte-Mecklenburg PD,2016-06,aggravated-assault,405
NC0600100,Charlotte-Mecklenburg PD,2017-06,aggravated-assault,284
NC0600100,Charlotte-Mecklenburg PD,2018-06,aggravated-assault,383
NC0600100,Charlotte-Mecklenburg PD,2019-06,aggravated-assault,448
NC0600100,Charlotte-Mecklenburg PD,2020-06,aggravated-assault,560
NC0600100,Charlotte-Mecklenburg PD,2021-06,aggravated-assault,584
NC0600100,Charlotte-Mecklenburg PD,2022-06,aggravated-assault,447
NC0600100,Charlotte-Mecklenburg PD,2023-06,aggravated-assault,403
NC0600100,Charlotte-Mecklenburg PD,2024-06,aggravated-assault,505
NC0600100,Charlotte-Mecklenburg PD,2010-07,aggravated-assault,245
NC0600100,Charlotte-Mecklenburg PD,2011-07,aggravated-assault,288
NC0600100,Charlotte-Mecklenburg PD,2012-07,aggravated-assault,298
NC0600100,Charlotte-Mecklenburg PD,2013-07,aggravated-assault,342
NC0600100,Charlotte-Mecklenburg PD,2014-07,aggravated-assault,313
NC0600100,Charlotte-Mecklenburg PD,2015-07,aggravated-assault,374
NC0600100,Charlotte-Mecklenburg PD,2016-07,aggravated-assault,409
NC0600100,Charlotte-Mecklenburg PD,2017-07,aggravated-assault,398
NC0600100,Charlotte-Mecklenburg PD,2018-07,aggravated-assault,398
NC0600100,Charlotte-Mecklenburg PD,2019-07,aggravated-assault,423
NC0600100,Charlotte-Mecklenburg PD,2020-07,aggravated-assault,597
NC0600100,Charlotte-Mecklenburg PD,2021-07,aggravated-assault,746
NC0600100,Charlotte-Mecklenburg PD,2022-07,aggravated-assault,534
NC0600100,Charlotte-Mecklenburg PD,2023-07,aggravated-assault,565
NC0600100,Charlotte-Mecklenburg PD,2024-07,aggravated-assault,574
NC0600100,Charlotte-Mecklenburg PD,2010-08,aggravated-assault,266
NC0600100,Charlotte-Mecklenburg PD,2011-08,aggravated-assault,278
NC0600100,Charlotte-Mecklenburg PD,2012-08,aggravated-assault,306
NC0600100,Charlotte-Mecklenburg PD,2013-08,aggravated-assault,295
NC0600100,Charlotte-Mecklenburg PD,2014-08,aggravated-assault,330
NC0600100,Charlotte-Mecklenburg PD,2015-08,aggravated-assault,410
NC0600100,Charlotte-Mecklenburg PD,2016-08,aggravated-assault,338
NC0600100,Charlotte-Mecklenburg PD,2017-08,aggravated-assault,362
NC0600100,Charlotte-Mecklenburg PD,2018-08,aggravated-assault,531
NC0600100,Charlotte-Mecklenburg PD,2019-08,aggravated-assault,404
NC0600100,Charlotte-Mecklenburg PD,2020-08,aggravated-assault,672
NC0600100,Charlotte-Mecklenburg PD,2021-08,aggravated-assault,476
NC0600100,Charlotte-Mecklenburg PD,2022-08,aggravated-assault,514
NC0600100,Charlotte-Mecklenburg PD,2023-08,aggravated-assault,431
NC0600100,Charlotte-Mecklenburg PD,2024-08,aggravated-assault,419
NC0600100,Charlotte-Mecklenburg PD,2010-09,aggravated-assault,284
NC0600100,Charlotte-Mecklenburg PD,2011-09,aggravated-assault,249
NC0600100,Charlotte-Mecklenburg PD,2012-09,aggravated-assault,284
NC0600100,Charlotte-Mecklenburg PD,2013-09,aggravated-assault,215
NC0600100,Charlotte-Mecklenburg PD,2014-09,aggravated-assault,267
NC0600100,Charlotte-Mecklenburg PD,2015-09,aggravated-assault,299
NC0600100,Charlotte-Mecklenburg PD,2016-09,aggravated-assault,362
NC0600100,Charlotte-Mecklenburg PD,2017-09,aggravated-assault,300
NC0600100,Charlotte-Mecklenburg PD,2018-09,aggravated-assault,515
NC0600100,Charlotte-Mecklenburg PD,2019-09,aggravated-assault,350
NC0600100,Charlotte-Mecklenburg PD,2020-09,aggravated-assault,593
NC0600100,Charlotte-Mecklenburg PD,2021-09,aggravated-assault,416
NC0600100,Charlotte-Mecklenburg PD,2022-09,aggravated-assault,352
NC0600100,Charlotte-Mecklenburg PD,2023-09,aggravated-assault,464
NC0600100,Charlotte-Mecklenburg PD,2024-09,aggravated-assault,493
NC0600100,Charlotte-Mecklenburg PD,2010-10,aggravated-assault,210
NC0600100,Charlotte-Mecklenburg PD,2011-10,aggravated-assault,298
NC0600100,Charlotte-Mecklenburg PD,2012-10,aggravated-assault,236
NC0600100,Charlotte-Mecklenburg PD,2013-10,aggravated-assault,206
NC0600100,Charlotte-Mecklenburg PD,2014-10,aggravated-assault,305
NC0600100,Charlotte-Mecklenburg PD,2015-10,aggravated-assault,366
NC0600100,Charlotte-Mecklenburg PD,2016-10,aggravated-assault,359
NC0600100,Charlotte-Mecklenburg PD,2017-10,aggravated-assault,339
NC0600100,Charlotte-Mecklenburg PD,2018-10,aggravated-assault,368
NC0600100,Charlotte-Mecklenburg PD,2019-10,aggravated-assault,342
NC0600100,Charlotte-Mecklenburg PD,2020-10,aggravated-assault,498
NC0600100,Charlotte-Mecklenburg PD,2021-10,aggravated-assault,423
NC0600100,Charlotte-Mecklenburg PD,2022-10,aggravated-assault,458
NC0600100,Charlotte-Mecklenburg PD,2023-10,aggravated-assault,455
NC0600100,Charlotte-Mecklenburg PD,2024-10,aggravated-assault,492
NC0600100,Charlotte-Mecklenburg PD,2010-11,aggravated-assault,243
NC0600100,Charlotte-Mecklenburg PD,2011-11,aggravated-assault,225
NC0600100,Charlotte-Mecklenburg PD,2012-11,aggravated-assault,240
NC0600100,Charlotte-Mecklenburg PD,2013-11,aggravated-assault,295
NC0600100,Charlotte-Mecklenburg PD,2014-11,aggravated-assault,299
NC0600100,Charlotte-Mecklenburg PD,2015-11,aggravated-assault,317
NC0600100,Charlotte-Mecklenburg PD,2016-11,aggravated-assault,283
NC0600100,Charlotte-Mecklenburg PD,2017-11,aggravated-assault,310
NC0600100,Charlotte-Mecklenburg PD,2018-11,aggravated-assault,354
NC0600100,Charlotte-Mecklenburg PD,2019-11,aggravated-assault,355
NC0600100,Charlotte-Mecklenburg PD,2020-11,aggravated-assault,483
NC0600100,Charlotte-Mecklenburg PD,2021-11,aggravated-assault,436
NC0600100,Charlotte-Mecklenburg PD,2022-11,aggravated-assault,337
NC0600100,Charlotte-Mecklenburg PD,2023-11,aggravated-assault,430
NC0600100,Charlotte-Mecklenburg PD,2024-11,aggravated-assault,456
NC0600100,Charlotte-Mecklenburg PD,2010-12,aggravated-assault,196
NC0600100,Charlotte-Mecklenburg PD,2011-12,aggravated-assault,185
NC0600100,Charlotte-Mecklenburg PD,2012-12,aggravated-assault,234
NC0600100,Charlotte-Mecklenburg PD,2013-12,aggravated-assault,187
NC0600100,Charlotte-Mecklenburg PD,2014-12,aggravated-assault,304
NC0600100,Charlotte-Mecklenburg PD,2015-12,aggravated-assault,300
NC0600100,Charlotte-Mecklenburg PD,2016-12,aggravated-assault,324
NC0600100,Charlotte-Mecklenburg PD,2017-12,aggravated-assault,274
NC0600100,Charlotte-Mecklenburg PD,2018-12,aggravated-assault,328
NC0600100,Charlotte-Mecklenburg PD,2019-12,aggravated-assault,356
NC0600100,Charlotte-Mecklenburg PD,2020-12,aggravated-assault,535
NC0600100,Charlotte-Mecklenburg PD,2021-12,aggravated-assault,397
NC0600100,Charlotte-Mecklenburg PD,2022-12,aggravated-assault,409
NC0600100,Charlotte-Mecklenburg PD,2023-12,aggravated-assault,581
NC0600100,Charlotte-Mecklenburg PD,2024-12,aggravated-assault,431
NC0600100,Charlotte-Mecklenburg PD,2010-01,robbery,184
NC0600100,Charlotte-Mecklenburg PD,2011-01,robbery,108
NC0600100,Charlotte-Mecklenburg PD,2012-01,robbery,163
NC0600100,Charlotte-Mecklenburg PD,2013-01,robbery,161
NC0600100,Charlotte-Mecklenburg PD,2014-01,robbery,149
NC0600100,Charlotte-Mecklenburg PD,2015-01,robbery,133
NC0600100,Charlotte-Mecklenburg PD,2016-01,robbery,151
NC0600100,Charlotte-Mecklenburg PD,2017-01,robbery,198
NC0600100,Charlotte-Mecklenburg PD,2018-01,robbery,176
NC0600100,Charlotte-Mecklenburg PD,2019-01,robbery,172
NC0600100,Charlotte-Mecklenburg PD,2020-01,robbery,175
NC0600100,Charlotte-Mecklenburg PD,2021-01,robbery,142
NC0600100,Charlotte-Mecklenburg PD,2022-01,robbery,113
NC0600100,Charlotte-Mecklenburg PD,2023-01,robbery,108
NC0600100,Charlotte-Mecklenburg PD,2024-01,robbery,98
NC0600100,Charlotte-Mecklenburg PD,2010-02,robbery,104
NC0600100,Charlotte-Mecklenburg PD,2011-02,robbery,81
NC0600100,Charlotte-Mecklenburg PD,2012-02,robbery,110
NC0600100,Charlotte-Mecklenburg PD,2013-02,robbery,112
NC0600100,Charlotte-Mecklenburg PD,2014-02,robbery,89
NC0600100,Charlotte-Mecklenburg PD,2015-02,robbery,92
NC0600100,Charlotte-Mecklenburg PD,2016-02,robbery,113
NC0600100,Charlotte-Mecklenburg PD,2017-02,robbery,191
NC0600100,Charlotte-Mecklenburg PD,2018-02,robbery,125
NC0600100,Charlotte-Mecklenburg PD,2019-02,robbery,127
NC0600100,Charlotte-Mecklenburg PD,2020-02,robbery,151
NC0600100,Charlotte-Mecklenburg PD,2021-02,robbery,97
NC0600100,Charlotte-Mecklenburg PD,2022-02,robbery,101
NC0600100,Charlotte-Mecklenburg PD,2023-02,robbery,100
NC0600100,Charlotte-Mecklenburg PD,2024-02,robbery,104
NC0600100,Charlotte-Mecklenburg PD,2010-03,robbery,148
NC0600100,Charlotte-Mecklenburg PD,2011-03,robbery,103
NC0600100,Charlotte-Mecklenburg PD,2012-03,robbery,138
NC0600100,Charlotte-Mecklenburg PD,2013-03,robbery,139
NC0600100,Charlotte-Mecklenburg PD,2014-03,robbery,125
NC0600100,Charlotte-Mecklenburg PD,2015-03,robbery,125
NC0600100,Charlotte-Mecklenburg PD,2016-03,robbery,163
NC0600100,Charlotte-Mecklenburg PD,2017-03,robbery,122
NC0600100,Charlotte-Mecklenburg PD,2018-03,robbery,119
NC0600100,Charlotte-Mecklenburg PD,2019-03,robbery,152
NC0600100,Charlotte-Mecklenburg PD,2020-03,robbery,161
NC0600100,Charlotte-Mecklenburg PD,2021-03,robbery,90
NC0600100,Charlotte-Mecklenburg PD,2022-03,robbery,96
NC0600100,Charlotte-Mecklenburg PD,2023-03,robbery,81
NC0600100,Charlotte-Mecklenburg PD,2024-03,robbery,107
NC0600100,Charlotte-Mecklenburg PD,2010-04,robbery,170
NC0600100,Charlotte-Mecklenburg PD,2011-04,robbery,126
NC0600100,Charlotte-Mecklenburg PD,2012-04,robbery,151
NC0600100,Charlotte-Mecklenburg PD,2013-04,robbery,135
NC0600100,Charlotte-Mecklenburg PD,2014-04,robbery,128
NC0600100,Charlotte-Mecklenburg PD,2015-04,robbery,128
NC0600100,Charlotte-Mecklenburg PD,2016-04,robbery,134
NC0600100,Charlotte-Mecklenburg PD,2017-04,robbery,123
NC0600100,Charlotte-Mecklenburg PD,2018-04,robbery,110
NC0600100,Charlotte-Mecklenburg PD,2019-04,robbery,124
NC0600100,Charlotte-Mecklenburg PD,2020-04,robbery,110
NC0600100,Charlotte-Mecklenburg PD,2021-04,robbery,77
NC0600100,Charlotte-Mecklenburg PD,2022-04,robbery,106
NC0600100,Charlotte-Mecklenburg PD,2023-04,robbery,97
NC0600100,Charlotte-Mecklenburg PD,2024-04,robbery,84
NC0600100,Charlotte-Mecklenburg PD,2010-05,robbery,169
NC0600100,Charlotte-Mecklenburg PD,2011-05,robbery,150
NC0600100,Charlotte-Mecklenburg PD,2012-05,robbery,146
NC0600100,Charlotte-Mecklenburg PD,2013-05,robbery,152
NC0600100,Charlotte-Mecklenburg PD,2014-05,robbery,156
NC0600100,Charlotte-Mecklenburg PD,2015-05,robbery,173
NC0600100,Charlotte-Mecklenburg PD,2016-05,robbery,169
NC0600100,Charlotte-Mecklenburg PD,2017-05,robbery,163
NC0600100,Charlotte-Mecklenburg PD,2018-05,robbery,153
NC0600100,Charlotte-Mecklenburg PD,2019-05,robbery,173
NC0600100,Charlotte-Mecklenburg PD,2020-05,robbery,135
NC0600100,Charlotte-Mecklenburg PD,2021-05,robbery,130
NC0600100,Charlotte-Mecklenburg PD,2022-05,robbery,132
NC0600100,Charlotte-Mecklenburg PD,2023-05,robbery,94
NC0600100,Charlotte-Mecklenburg PD,2024-05,robbery,111
NC0600100,Charlotte-Mecklenburg PD,2010-06,robbery,141
NC0600100,Charlotte-Mecklenburg PD,2011-06,robbery,165
NC0600100,Charlotte-Mecklenburg PD,2012-06,robbery,149
NC0600100,Charlotte-Mecklenburg PD,2013-06,robbery,145
NC0600100,Charlotte-Mecklenburg PD,2014-06,robbery,133
NC0600100,Charlotte-Mecklenburg PD,2015-06,robbery,120
NC0600100,Charlotte-Mecklenburg PD,2016-06,robbery,182
NC0600100,Charlotte-Mecklenburg PD,2017-06,robbery,182
NC0600100,Charlotte-Mecklenburg PD,2018-06,robbery,150
NC0600100,Charlotte-Mecklenburg PD,2019-06,robbery,172
NC0600100,Charlotte-Mecklenburg PD,2020-06,robbery,129
NC0600100,Charlotte-Mecklenburg PD,2021-06,robbery,128
NC0600100,Charlotte-Mecklenburg PD,2022-06,robbery,158
NC0600100,Charlotte-Mecklenburg PD,2023-06,robbery,110
NC0600100,Charlotte-Mecklenburg PD,2024-06,robbery,121
NC0600100,Charlotte-Mecklenburg PD,2010-07,robbery,151
NC0600100,Charlotte-Mecklenburg PD,2011-07,robbery,132
NC0600100,Charlotte-Mecklenburg PD,2012-07,robbery,161
NC0600100,Charlotte-Mecklenburg PD,2013-07,robbery,175
NC0600100,Charlotte-Mecklenburg PD,2014-07,robbery,135
NC0600100,Charlotte-Mecklenburg PD,2015-07,robbery,175
NC0600100,Charlotte-Mecklenburg PD,2016-07,robbery,187
NC0600100,Charlotte-Mecklenburg PD,2017-07,robbery,188
NC0600100,Charlotte-Mecklenburg PD,2018-07,robbery,192
NC0600100,Charlotte-Mecklenburg PD,2019-07,robbery,192
NC0600100,Charlotte-Mecklenburg PD,2020-07,robbery,143
NC0600100,Charlotte-Mecklenburg PD,2021-07,robbery,105
NC0600100,Charlotte-Mecklenburg PD,2022-07,robbery,127
NC0600100,Charlotte-Mecklenburg PD,2023-07,robbery,117
NC0600100,Charlotte-Mecklenburg PD,2024-07,robbery,127
NC0600100,Charlotte-Mecklenburg PD,2010-08,robbery,158
NC0600100,Charlotte-Mecklenburg PD,2011-08,robbery,145
NC0600100,Charlotte-Mecklenburg PD,2012-08,robbery,146
NC0600100,Charlotte-Mecklenburg PD,2013-08,robbery,188
NC0600100,Charlotte-Mecklenburg PD,2014-08,robbery,132
NC0600100,Charlotte-Mecklenburg PD,2015-08,robbery,202
NC0600100,Charlotte-Mecklenburg PD,2016-08,robbery,181
NC0600100,Charlotte-Mecklenburg PD,2017-08,robbery,183
NC0600100,Charlotte-Mecklenburg PD,2018-08,robbery,152
NC0600100,Charlotte-Mecklenburg PD,2019-08,robbery,202
NC0600100,Charlotte-Mecklenburg PD,2020-08,robbery,155
NC0600100,Charlotte-Mecklenburg PD,2021-08,robbery,113
NC0600100,Charlotte-Mecklenburg PD,2022-08,robbery,121
NC0600100,Charlotte-Mecklenburg PD,2023-08,robbery,108
NC0600100,Charlotte-Mecklenburg PD,2024-08,robbery,118
NC0600100,Charlotte-Mecklenburg PD,2010-09,robbery,125
NC0600100,Charlotte-Mecklenburg PD,2011-09,robbery,124
NC0600100,Charlotte-Mecklenburg PD,2012-09,robbery,148
NC0600100,Charlotte-Mecklenburg PD,2013-09,robbery,139
NC0600100,Charlotte-Mecklenburg PD,2014-09,robbery,126
NC0600100,Charlotte-Mecklenburg PD,2015-09,robbery,184
NC0600100,Charlotte-Mecklenburg PD,2016-09,robbery,178
NC0600100,Charlotte-Mecklenburg PD,2017-09,robbery,195
NC0600100,Charlotte-Mecklenburg PD,2018-09,robbery,142
NC0600100,Charlotte-Mecklenburg PD,2019-09,robbery,209
NC0600100,Charlotte-Mecklenburg PD,2020-09,robbery,136
NC0600100,Charlotte-Mecklenburg PD,2021-09,robbery,110
NC0600100,Charlotte-Mecklenburg PD,2022-09,robbery,108
NC0600100,Charlotte-Mecklenburg PD,2023-09,robbery,110
NC0600100,Charlotte-Mecklenburg PD,2024-09,robbery,110
NC0600100,Charlotte-Mecklenburg PD,2010-10,robbery,142
NC0600100,Charlotte-Mecklenburg PD,2011-10,robbery,156
NC0600100,Charlotte-Mecklenburg PD,2012-10,robbery,144
NC0600100,Charlotte-Mecklenburg PD,2013-10,robbery,169
NC0600100,Charlotte-Mecklenburg PD,2014-10,robbery,149
NC0600100,Charlotte-Mecklenburg PD,2015-10,robbery,175
NC0600100,Charlotte-Mecklenburg PD,2016-10,robbery,210
NC0600100,Charlotte-Mecklenburg PD,2017-10,robbery,148
NC0600100,Charlotte-Mecklenburg PD,2018-10,robbery,125
NC0600100,Charlotte-Mecklenburg PD,2019-10,robbery,154
NC0600100,Charlotte-Mecklenburg PD,2020-10,robbery,168
NC0600100,Charlotte-Mecklenburg PD,2021-10,robbery,112
NC0600100,Charlotte-Mecklenburg PD,2022-10,robbery,114
NC0600100,Charlotte-Mecklenburg PD,2023-10,robbery,103
NC0600100,Charlotte-Mecklenburg PD,2024-10,robbery,89
NC0600100,Charlotte-Mecklenburg PD,2010-11,robbery,162
NC0600100,Charlotte-Mecklenburg PD,2011-11,robbery,150
NC0600100,Charlotte-Mecklenburg PD,2012-11,robbery,179
NC0600100,Charlotte-Mecklenburg PD,2013-11,robbery,141
NC0600100,Charlotte-Mecklenburg PD,2014-11,robbery,131
NC0600100,Charlotte-Mecklenburg PD,2015-11,robbery,192
NC0600100,Charlotte-Mecklenburg PD,2016-11,robbery,198
NC0600100,Charlotte-Mecklenburg PD,2017-11,robbery,167
NC0600100,Charlotte-Mecklenburg PD,2018-11,robbery,168
NC0600100,Charlotte-Mecklenburg PD,2019-11,robbery,125
NC0600100,Charlotte-Mecklenburg PD,2020-11,robbery,141
NC0600100,Charlotte-Mecklenburg PD,2021-11,robbery,106
NC0600100,Charlotte-Mecklenburg PD,2022-11,robbery,108
NC0600100,Charlotte-Mecklenburg PD,2023-11,robbery,100
NC0600100,Charlotte-Mecklenburg PD,2024-11,robbery,110
NC0600100,Charlotte-Mecklenburg PD,2010-12,robbery,141
NC0600100,Charlotte-Mecklenburg PD,2011-12,robbery,172
NC0600100,Charlotte-Mecklenburg PD,2012-12,robbery,163
NC0600100,Charlotte-Mecklenburg PD,2013-12,robbery,149
NC0600100,Charlotte-Mecklenburg PD,2014-12,robbery,133
NC0600100,Charlotte-Mecklenburg PD,2015-12,robbery,248
NC0600100,Charlotte-Mecklenburg PD,2016-12,robbery,255
NC0600100,Charlotte-Mecklenburg PD,2017-12,robbery,157
NC0600100,Charlotte-Mecklenburg PD,2018-12,robbery,149
NC0600100,Charlotte-Mecklenburg PD,2019-12,robbery,171
NC0600100,Charlotte-Mecklenburg PD,2020-12,robbery,156
NC0600100,Charlotte-Mecklenburg PD,2021-12,robbery,136
NC0600100,Charlotte-Mecklenburg PD,2022-12,robbery,95
NC0600100,Charlotte-Mecklenburg PD,2023-12,robbery,121
NC0600100,Charlotte-Mecklenburg PD,2024-12,robbery,128
NC0600100,Charlotte-Mecklenburg PD,2010-01,homicide,4
NC0600100,Charlotte-Mecklenburg PD,2011-01,homicide,2
NC0600100,Charlotte-Mecklenburg PD,2012-01,homicide,5
NC0600100,Charlotte-Mecklenburg PD,2013-01,homicide,4
NC0600100,Charlotte-Mecklenburg PD,2014-01,homicide,1
NC0600100,Charlotte-Mecklenburg PD,2015-01,homicide,8
NC0600100,Charlotte-Mecklenburg PD,2016-01,homicide,2
NC0600100,Charlotte-Mecklenburg PD,2017-01,homicide,9
NC0600100,Charlotte-Mecklenburg PD,2018-01,homicide,5
NC0600100,Charlotte-Mecklenburg PD,2019-01,homicide,9
NC0600100,Charlotte-Mecklenburg PD,2020-01,homicide,6
NC0600100,Charlotte-Mecklenburg PD,2021-01,homicide,8
NC0600100,Charlotte-Mecklenburg PD,2022-01,homicide,4
NC0600100,Charlotte-Mecklenburg PD,2023-01,homicide,9
NC0600100,Charlotte-Mecklenburg PD,2024-01,homicide,7
NC0600100,Charlotte-Mecklenburg PD,2010-02,homicide,4
NC0600100,Charlotte-Mecklenburg PD,2011-02,homicide,0
NC0600100,Charlotte-Mecklenburg PD,2012-02,homicide,3
NC0600100,Charlotte-Mecklenburg PD,2013-02,homicide,4
NC0600100,Charlotte-Mecklenburg PD,2014-02,homicide,4
NC0600100,Charlotte-Mecklenburg PD,2015-02,homicide,5
NC0600100,Charlotte-Mecklenburg PD,2016-02,homicide,1
NC0600100,Charlotte-Mecklenburg PD,2017-02,homicide,5
NC0600100,Charlotte-Mecklenburg PD,2018-02,homicide,3
NC0600100,Charlotte-Mecklenburg PD,2019-02,homicide,12
NC0600100,Charlotte-Mecklenburg PD,2020-02,homicide,7
NC0600100,Charlotte-Mecklenburg PD,2021-02,homicide,3
NC0600100,Charlotte-Mecklenburg PD,2022-02,homicide,7
NC0600100,Charlotte-Mecklenburg PD,2023-02,homicide,7
NC0600100,Charlotte-Mecklenburg PD,2024-02,homicide,9
NC0600100,Charlotte-Mecklenburg PD,2010-03,homicide,6
NC0600100,Charlotte-Mecklenburg PD,2011-03,homicide,5
NC0600100,Charlotte-Mecklenburg PD,2012-03,homicide,3
NC0600100,Charlotte-Mecklenburg PD,2013-03,homicide,0
NC0600100,Charlotte-Mecklenburg PD,2014-03,homicide,6
NC0600100,Charlotte-Mecklenburg PD,2015-03,homicide,5
NC0600100,Charlotte-Mecklenburg PD,2016-03,homicide,8
NC0600100,Charlotte-Mecklenburg PD,2017-03,homicide,8
NC0600100,Charlotte-Mecklenburg PD,2018-03,homicide,3
NC0600100,Charlotte-Mecklenburg PD,2019-03,homicide,7
NC0600100,Charlotte-Mecklenburg PD,2020-03,homicide,12
NC0600100,Charlotte-Mecklenburg PD,2021-03,homicide,7
NC0600100,Charlotte-Mecklenburg PD,2022-03,homicide,8
NC0600100,Charlotte-Mecklenburg PD,2023-03,homicide,9
NC0600100,Charlotte-Mecklenburg PD,2024-03,homicide,16
NC0600100,Charlotte-Mecklenburg PD,2010-04,homicide,6
NC0600100,Charlotte-Mecklenburg PD,2011-04,homicide,4
NC0600100,Charlotte-Mecklenburg PD,2012-04,homicide,6
NC0600100,Charlotte-Mecklenburg PD,2013-04,homicide,5
NC0600100,Charlotte-Mecklenburg PD,2014-04,homicide,1
NC0600100,Charlotte-Mecklenburg PD,2015-04,homicide,6
NC0600100,Charlotte-Mecklenburg PD,2016-04,homicide,2
NC0600100,Charlotte-Mecklenburg PD,2017-04,homicide,7
NC0600100,Charlotte-Mecklenburg PD,2018-04,homicide,5
NC0600100,Charlotte-Mecklenburg PD,2019-04,homicide,12
NC0600100,Charlotte-Mecklenburg PD,2020-04,homicide,5
NC0600100,Charlotte-Mecklenburg PD,2021-04,homicide,11
NC0600100,Charlotte-Mecklenburg PD,2022-04,homicide,10
NC0600100,Charlotte-Mecklenburg PD,2023-04,homicide,4
NC0600100,Charlotte-Mecklenburg PD,2024-04,homicide,9
NC0600100,Charlotte-Mecklenburg PD,2010-05,homicide,10
NC0600100,Charlotte-Mecklenburg PD,2011-05,homicide,4
NC0600100,Charlotte-Mecklenburg PD,2012-05,homicide,3
NC0600100,Charlotte-Mecklenburg PD,2013-05,homicide,5
NC0600100,Charlotte-Mecklenburg PD,2014-05,homicide,2
NC0600100,Charlotte-Mecklenburg PD,2015-05,homicide,0
NC0600100,Charlotte-Mecklenburg PD,2016-05,homicide,5
NC0600100,Charlotte-Mecklenburg PD,2017-05,homicide,7
NC0600100,Charlotte-Mecklenburg PD,2018-05,homicide,5
NC0600100,Charlotte-Mecklenburg PD,2019-05,homicide,7
NC0600100,Charlotte-Mecklenburg PD,2020-05,homicide,5
NC0600100,Charlotte-Mecklenburg PD,2021-05,homicide,9
NC0600100,Charlotte-Mecklenburg PD,2022-05,homicide,11
NC0600100,Charlotte-Mecklenburg PD,2023-05,homicide,6
NC0600100,Charlotte-Mecklenburg PD,2024-05,homicide,8
NC0600100,Charlotte-Mecklenburg PD,2010-06,homicide,3
NC0600100,Charlotte-Mecklenburg PD,2011-06,homicide,4
NC0600100,Charlotte-Mecklenburg PD,2012-06,homicide,5
NC0600100,Charlotte-Mecklenburg PD,2013-06,homicide,6
NC0600100,Charlotte-Mecklenburg PD,2014-06,homicide,8
NC0600100,Charlotte-Mecklenburg PD,2015-06,homicide,4
NC0600100,Charlotte-Mecklenburg PD,2016-06,homicide,4
NC0600100,Charlotte-Mecklenburg PD,2017-06,homicide,10
NC0600100,Charlotte-Mecklenburg PD,2018-06,homicide,7
NC0600100,Charlotte-Mecklenburg PD,2019-06,homicide,5
NC0600100,Charlotte-Mecklenburg PD,2020-06,homicide,16
NC0600100,Charlotte-Mecklenburg PD,2021-06,homicide,8
NC0600100,Charlotte-Mecklenburg PD,2022-06,homicide,13
NC0600100,Charlotte-Mecklenburg PD,2023-06,homicide,10
NC0600100,Charlotte-Mecklenburg PD,2024-06,homicide,8
NC0600100,Charlotte-Mecklenburg PD,2010-07,homicide,5
NC0600100,Charlotte-Mecklenburg PD,2011-07,homicide,8
NC0600100,Charlotte-Mecklenburg PD,2012-07,homicide,6
NC0600100,Charlotte-Mecklenburg PD,2013-07,homicide,6
NC0600100,Charlotte-Mecklenburg PD,2014-07,homicide,4
NC0600100,Charlotte-Mecklenburg PD,2015-07,homicide,4
NC0600100,Charlotte-Mecklenburg PD,2016-07,homicide,9
NC0600100,Charlotte-Mecklenburg PD,2017-07,homicide,6
NC0600100,Charlotte-Mecklenburg PD,2018-07,homicide,3
NC0600100,Charlotte-Mecklenburg PD,2019-07,homicide,10
NC0600100,Charlotte-Mecklenburg PD,2020-07,homicide,16
NC0600100,Charlotte-Mecklenburg PD,2021-07,homicide,9
NC0600100,Charlotte-Mecklenburg PD,2022-07,homicide,14
NC0600100,Charlotte-Mecklenburg PD,2023-07,homicide,9
NC0600100,Charlotte-Mecklenburg PD,2024-07,homicide,12
NC0600100,Charlotte-Mecklenburg PD,2010-08,homicide,6
NC0600100,Charlotte-Mecklenburg PD,2011-08,homicide,8
NC0600100,Charlotte-Mecklenburg PD,2012-08,homicide,1
NC0600100,Charlotte-Mecklenburg PD,2013-08,homicide,5
NC0600100,Charlotte-Mecklenburg PD,2014-08,homicide,3
NC0600100,Charlotte-Mecklenburg PD,2015-08,homicide,5
NC0600100,Charlotte-Mecklenburg PD,2016-08,homicide,7
NC0600100,Charlotte-Mecklenburg PD,2017-08,homicide,8
NC0600100,Charlotte-Mecklenburg PD,2018-08,homicide,5
NC0600100,Charlotte-Mecklenburg PD,2019-08,homicide,6
NC0600100,Charlotte-Mecklenburg PD,2020-08,homicide,10
NC0600100,Charlotte-Mecklenburg PD,2021-08,homicide,5
NC0600100,Charlotte-Mecklenburg PD,2022-08,homicide,15
NC0600100,Charlotte-Mecklenburg PD,2023-08,homicide,4
NC0600100,Charlotte-Mecklenburg PD,2024-08,homicide,5
NC0600100,Charlotte-Mecklenburg PD,2010-09,homicide,7
NC0600100,Charlotte-Mecklenburg PD,2011-09,homicide,6
NC0600100,Charlotte-Mecklenburg PD,2012-09,homicide,6
NC0600100,Charlotte-Mecklenburg PD,2013-09,homicide,8
NC0600100,Charlotte-Mecklenburg PD,2014-09,homicide,3
NC0600100,Charlotte-Mecklenburg PD,2015-09,homicide,10
NC0600100,Charlotte-Mecklenburg PD,2016-09,homicide,8
NC0600100,Charlotte-Mecklenburg PD,2017-09,homicide,7
NC0600100,Charlotte-Mecklenburg PD,2018-09,homicide,7
NC0600100,Charlotte-Mecklenburg PD,2019-09,homicide,6
NC0600100,Charlotte-Mecklenburg PD,2020-09,homicide,5
NC0600100,Charlotte-Mecklenburg PD,2021-09,homicide,7
NC0600100,Charlotte-Mecklenburg PD,2022-09,homicide,3
NC0600100,Charlotte-Mecklenburg PD,2023-09,homicide,5
NC0600100,Charlotte-Mecklenburg PD,2024-09,homicide,6
NC0600100,Charlotte-Mecklenburg PD,2010-10,homicide,3
NC0600100,Charlotte-Mecklenburg PD,2011-10,homicide,2
NC0600100,Charlotte-Mecklenburg PD,2012-10,homicide,7
NC0600100,Charlotte-Mecklenburg PD,2013-10,homicide,5
NC0600100,Charlotte-Mecklenburg PD,2014-10,homicide,5
NC0600100,Charlotte-Mecklenburg PD,2015-10,homicide,8
NC0600100,Charlotte-Mecklenburg PD,2016-10,homicide,7
NC0600100,Charlotte-Mecklenburg PD,2017-10,homicide,8
NC0600100,Charlotte-Mecklenburg PD,2018-10,homicide,5
NC0600100,Charlotte-Mecklenburg PD,2019-10,homicide,11
NC0600100,Charlotte-Mecklenburg PD,2020-10,homicide,15
NC0600100,Charlotte-Mecklenburg PD,2021-10,homicide,14
NC0600100,Charlotte-Mecklenburg PD,2022-10,homicide,5
NC0600100,Charlotte-Mecklenburg PD,2023-10,homicide,11
NC0600100,Charlotte-Mecklenburg PD,2024-10,homicide,8
NC0600100,Charlotte-Mecklenburg PD,2010-11,homicide,3
NC0600100,Charlotte-Mecklenburg PD,2011-11,homicide,8
NC0600100,Charlotte-Mecklenburg PD,2012-11,homicide,4
NC0600100,Charlotte-Mecklenburg PD,2013-11,homicide,7
NC0600100,Charlotte-Mecklenburg PD,2014-11,homicide,5
NC0600100,Charlotte-Mecklenburg PD,2015-11,homicide,1
NC0600100,Charlotte-Mecklenburg PD,2016-11,homicide,9
NC0600100,Charlotte-Mecklenburg PD,2017-11,homicide,4
NC0600100,Charlotte-Mecklenburg PD,2018-11,homicide,5
NC0600100,Charlotte-Mecklenburg PD,2019-11,homicide,10
NC0600100,Charlotte-Mecklenburg PD,2020-11,homicide,9
NC0600100,Charlotte-Mecklenburg PD,2021-11,homicide,6
NC0600100,Charlotte-Mecklenburg PD,2022-11,homicide,9
NC0600100,Charlotte-Mecklenburg PD,2023-11,homicide,6
NC0600100,Charlotte-Mecklenburg PD,2024-11,homicide,7
NC0600100,Charlotte-Mecklenburg PD,2010-12,homicide,4
NC0600100,Charlotte-Mecklenburg PD,2011-12,homicide,5
NC0600100,Charlotte-Mecklenburg PD,2012-12,homicide,3
NC0600100,Charlotte-Mecklenburg PD,2013-12,homicide,4
NC0600100,Charlotte-Mecklenburg PD,2014-12,homicide,5
NC0600100,Charlotte-Mecklenburg PD,2015-12,homicide,5
NC0600100,Charlotte-Mecklenburg PD,2016-12,homicide,5
NC0600100,Charlotte-Mecklenburg PD,2017-12,homicide,7
NC0600100,Charlotte-Mecklenburg PD,2018-12,homicide,6
NC0600100,Charlotte-Mecklenburg PD,2019-12,homicide,6
NC0600100,Charlotte-Mecklenburg PD,2020-12,homicide,12
NC0600100,Charlotte-Mecklenburg PD,2021-12,homicide,9
NC0600100,Charlotte-Mecklenburg PD,2022-12,homicide,8
NC0600100,Charlotte-Mecklenburg PD,2023-12,homicide,9
NC0600100,Charlotte-Mecklenburg PD,2024-12,homicide,12
TN0190100,Metro Nashville PD,2010-01,aggravated-assault,307
TN0190100,Metro Nashville PD,2011-01,aggravated-assault,317
TN0190100,Metro Nashville PD,2012-01,aggravated-assault,386
TN0190100,Metro Nashville PD,2013-01,aggravated-assault,329
TN0190100,Metro Nashville PD,2014-01,aggravated-assault,353
TN0190100,Metro Nashville PD,2015-01,aggravated-assault,331
TN0190100,Metro Nashville PD,2016-01,aggravated-assault,314
TN0190100,Metro Nashville PD,2017-01,aggravated-assault,457
TN0190100,Metro Nashville PD,2018-01,aggravated-assault,411
TN0190100,Metro Nashville PD,2019-01,aggravated-assault,337
TN0190100,Metro Nashville PD,2020-01,aggravated-assault,414
TN0190100,Metro Nashville PD,2021-01,aggravated-assault,420
TN0190100,Metro Nashville PD,2022-01,aggravated-assault,470
TN0190100,Metro Nashville PD,2023-01,aggravated-assault,507
TN0190100,Metro Nashville PD,2024-01,aggravated-assault,473
TN0190100,Metro Nashville PD,2010-02,aggravated-assault,277
TN0190100,Metro Nashville PD,2011-02,aggravated-assault,341
TN0190100,Metro Nashville PD,2012-02,aggravated-assault,365
TN0190100,Metro Nashville PD,2013-02,aggravated-assault,247
TN0190100,Metro Nashville PD,2014-02,aggravated-assault,303
TN0190100,Metro Nashville PD,2015-02,aggravated-assault,272
TN0190100,Metro Nashville PD,2016-02,aggravated-assault,353
TN0190100,Metro Nashville PD,2017-02,aggravated-assault,322
TN0190100,Metro Nashville PD,2018-02,aggravated-assault,404
TN0190100,Metro Nashville PD,2019-02,aggravated-assault,298
TN0190100,Metro Nashville PD,2020-02,aggravated-assault,307
TN0190100,Metro Nashville PD,2021-02,aggravated-assault,417
TN0190100,Metro Nashville PD,2022-02,aggravated-assault,450
TN0190100,Metro Nashville PD,2023-02,aggravated-assault,507
TN0190100,Metro Nashville PD,2024-02,aggravated-assault,478
TN0190100,Metro Nashville PD,2010-03,aggravated-assault,360
TN0190100,Metro Nashville PD,2011-03,aggravated-assault,344
TN0190100,Metro Nashville PD,2012-03,aggravated-assault,448
TN0190100,Metro Nashville PD,2013-03,aggravated-assault,331
TN0190100,Metro Nashville PD,2014-03,aggravated-assault,424
TN0190100,Metro Nashville PD,2015-03,aggravated-assault,391
TN0190100,Metro Nashville PD,2016-03,aggravated-assault,455
TN0190100,Metro Nashville PD,2017-03,aggravated-assault,384
TN0190100,Metro Nashville PD,2018-03,aggravated-assault,424
TN0190100,Metro Nashville PD,2019-03,aggravated-assault,358
TN0190100,Metro Nashville PD,2020-03,aggravated-assault,455
TN0190100,Metro Nashville PD,2021-03,aggravated-assault,441
TN0190100,Metro Nashville PD,2022-03,aggravated-assault,515
TN0190100,Metro Nashville PD,2023-03,aggravated-assault,566
TN0190100,Metro Nashville PD,2024-03,aggravated-assault,527
TN0190100,Metro Nashville PD,2010-04,aggravated-assault,418
TN0190100,Metro Nashville PD,2011-04,aggravated-assault,431
TN0190100,Metro Nashville PD,2012-04,aggravated-assault,467
TN0190100,Metro Nashville PD,2013-04,aggravated-assault,368
TN0190100,Metro Nashville PD,2014-04,aggravated-assault,471
TN0190100,Metro Nashville PD,2015-04,aggravated-assault,369
TN0190100,Metro Nashville PD,2016-04,aggravated-assault,418
TN0190100,Metro Nashville PD,2017-04,aggravated-assault,441
TN0190100,Metro Nashville PD,2018-04,aggravated-assault,354
TN0190100,Metro Nashville PD,2019-04,aggravated-assault,406
TN0190100,Metro Nashville PD,2020-04,aggravated-assault,392
TN0190100,Metro Nashville PD,2021-04,aggravated-assault,484
TN0190100,Metro Nashville PD,2022-04,aggravated-assault,554
TN0190100,Metro Nashville PD,2023-04,aggravated-assault,523
TN0190100,Metro Nashville PD,2024-04,aggravated-assault,526
TN0190100,Metro Nashville PD,2010-05,aggravated-assault,394
TN0190100,Metro Nashville PD,2011-05,aggravated-assault,381
TN0190100,Metro Nashville PD,2012-05,aggravated-assault,517
TN0190100,Metro Nashville PD,2013-05,aggravated-assault,390
TN0190100,Metro Nashville PD,2014-05,aggravated-assault,545
TN0190100,Metro Nashville PD,2015-05,aggravated-assault,476
TN0190100,Metro Nashville PD,2016-05,aggravated-assault,457
TN0190100,Metro Nashville PD,2017-05,aggravated-assault,485
TN0190100,Metro Nashville PD,2018-05,aggravated-assault,451
TN0190100,Metro Nashville PD,2019-05,aggravated-assault,473
TN0190100,Metro Nashville PD,2020-05,aggravated-assault,596
TN0190100,Metro Nashville PD,2021-05,aggravated-assault,558
TN0190100,Metro Nashville PD,2022-05,aggravated-assault,590
TN0190100,Metro Nashville PD,2023-05,aggravated-assault,688
TN0190100,Metro Nashville PD,2024-05,aggravated-assault,609
TN0190100,Metro Nashville PD,2010-06,aggravated-assault,431
TN0190100,Metro Nashville PD,2011-06,aggravated-assault,447
TN0190100,Metro Nashville PD,2012-06,aggravated-assault,480
TN0190100,Metro Nashville PD,2013-06,aggravated-assault,496
TN0190100,Metro Nashville PD,2014-06,aggravated-assault,471
TN0190100,Metro Nashville PD,2015-06,aggravated-assault,453
TN0190100,Metro Nashville PD,2016-06,aggravated-assault,456
TN0190100,Metro Nashville PD,2017-06,aggravated-assault,475
TN0190100,Metro Nashville PD,2018-06,aggravated-assault,423
TN0190100,Metro Nashville PD,2019-06,aggravated-assault,466
TN0190100,Metro Nashville PD,2020-06,aggravated-assault,574
TN0190100,Metro Nashville PD,2021-06,aggravated-assault,501
TN0190100,Metro Nashville PD,2022-06,aggravated-assault,614
TN0190100,Metro Nashville PD,2023-06,aggravated-assault,615
TN0190100,Metro Nashville PD,2024-06,aggravated-assault,565
TN0190100,Metro Nashville PD,2010-07,aggravated-assault,477
TN0190100,Metro Nashville PD,2011-07,aggravated-assault,509
TN0190100,Metro Nashville PD,2012-07,aggravated-assault,477
TN0190100,Metro Nashville PD,2013-07,aggravated-assault,510
TN0190100,Metro Nashville PD,2014-07,aggravated-assault,527
TN0190100,Metro Nashville PD,2015-07,aggravated-assault,493
TN0190100,Metro Nashville PD,2016-07,aggravated-assault,414
TN0190100,Metro Nashville PD,2017-07,aggravated-assault,504
TN0190100,Metro Nashville PD,2018-07,aggravated-assault,485
TN0190100,Metro Nashville PD,2019-07,aggravated-assault,531
TN0190100,Metro Nashville PD,2020-07,aggravated-assault,577
TN0190100,Metro Nashville PD,2021-07,aggravated-assault,577
TN0190100,Metro Nashville PD,2022-07,aggravated-assault,542
TN0190100,Metro Nashville PD,2023-07,aggravated-assault,632
TN0190100,Metro Nashville PD,2024-07,aggravated-assault,629
TN0190100,Metro Nashville PD,2010-08,aggravated-assault,444
TN0190100,Metro Nashville PD,2011-08,aggravated-assault,448
TN0190100,Metro Nashville PD,2012-08,aggravated-assault,465
TN0190100,Metro Nashville PD,2013-08,aggravated-assault,457
TN0190100,Metro Nashville PD,2014-08,aggravated-assault,544
TN0190100,Metro Nashville PD,2015-08,aggravated-assault,528
TN0190100,Metro Nashville PD,2016-08,aggravated-assault,409
TN0190100,Metro Nashville PD,2017-08,aggravated-assault,483
TN0190100,Metro Nashville PD,2018-08,aggravated-assault,434
TN0190100,Metro Nashville PD,2019-08,aggravated-assault,397
TN0190100,Metro Nashville PD,2020-08,aggravated-assault,559
TN0190100,Metro Nashville PD,2021-08,aggravated-assault,600
TN0190100,Metro Nashville PD,2022-08,aggravated-assault,591
TN0190100,Metro Nashville PD,2023-08,aggravated-assault,593
TN0190100,Metro Nashville PD,2024-08,aggravated-assault,567
TN0190100,Metro Nashville PD,2010-09,aggravated-assault,451
TN0190100,Metro Nashville PD,2011-09,aggravated-assault,464
TN0190100,Metro Nashville PD,2012-09,aggravated-assault,492
TN0190100,Metro Nashville PD,2013-09,aggravated-assault,425
TN0190100,Metro Nashville PD,2014-09,aggravated-assault,460
TN0190100,Metro Nashville PD,2015-09,aggravated-assault,414
TN0190100,Metro Nashville PD,2016-09,aggravated-assault,419
TN0190100,Metro Nashville PD,2017-09,aggravated-assault,381
TN0190100,Metro Nashville PD,2018-09,aggravated-assault,432
TN0190100,Metro Nashville PD,2019-09,aggravated-assault,467
TN0190100,Metro Nashville PD,2020-09,aggravated-assault,515
TN0190100,Metro Nashville PD,2021-09,aggravated-assault,532
TN0190100,Metro Nashville PD,2022-09,aggravated-assault,524
TN0190100,Metro Nashville PD,2023-09,aggravated-assault,623
TN0190100,Metro Nashville PD,2024-09,aggravated-assault,616
TN0190100,Metro Nashville PD,2010-10,aggravated-assault,422
TN0190100,Metro Nashville PD,2011-10,aggravated-assault,469
TN0190100,Metro Nashville PD,2012-10,aggravated-assault,389
TN0190100,Metro Nashville PD,2013-10,aggravated-assault,380
TN0190100,Metro Nashville PD,2014-10,aggravated-assault,412
TN0190100,Metro Nashville PD,2015-10,aggravated-assault,417
TN0190100,Metro Nashville PD,2016-10,aggravated-assault,417
TN0190100,Metro Nashville PD,2017-10,aggravated-assault,431
TN0190100,Metro Nashville PD,2018-10,aggravated-assault,401
TN0190100,Metro Nashville PD,2019-10,aggravated-assault,426
TN0190100,Metro Nashville PD,2020-10,aggravated-assault,524
TN0190100,Metro Nashville PD,2021-10,aggravated-assault,556
TN0190100,Metro Nashville PD,2022-10,aggravated-assault,602
TN0190100,Metro Nashville PD,2023-10,aggravated-assault,551
TN0190100,Metro Nashville PD,2024-10,aggravated-assault,530
TN0190100,Metro Nashville PD,2010-11,aggravated-assault,326
TN0190100,Metro Nashville PD,2011-11,aggravated-assault,412
TN0190100,Metro Nashville PD,2012-11,aggravated-assault,375
TN0190100,Metro Nashville PD,2013-11,aggravated-assault,302
TN0190100,Metro Nashville PD,2014-11,aggravated-assault,323
TN0190100,Metro Nashville PD,2015-11,aggravated-assault,362
TN0190100,Metro Nashville PD,2016-11,aggravated-assault,363
TN0190100,Metro Nashville PD,2017-11,aggravated-assault,357
TN0190100,Metro Nashville PD,2018-11,aggravated-assault,384
TN0190100,Metro Nashville PD,2019-11,aggravated-assault,386
TN0190100,Metro Nashville PD,2020-11,aggravated-assault,449
TN0190100,Metro Nashville PD,2021-11,aggravated-assault,474
TN0190100,Metro Nashville PD,2022-11,aggravated-assault,487
TN0190100,Metro Nashville PD,2023-11,aggravated-assault,485
TN0190100,Metro Nashville PD,2024-11,aggravated-assault,459
TN0190100,Metro Nashville PD,2010-12,aggravated-assault,306
TN0190100,Metro Nashville PD,2011-12,aggravated-assault,364
TN0190100,Metro Nashville PD,2012-12,aggravated-assault,371
TN0190100,Metro Nashville PD,2013-12,aggravated-assault,321
TN0190100,Metro Nashville PD,2014-12,aggravated-assault,394
TN0190100,Metro Nashville PD,2015-12,aggravated-assault,353
TN0190100,Metro Nashville PD,2016-12,aggravated-assault,375
TN0190100,Metro Nashville PD,2017-12,aggravated-assault,325
TN0190100,Metro Nashville PD,2018-12,aggravated-assault,375
TN0190100,Metro Nashville PD,2019-12,aggravated-assault,405
TN0190100,Metro Nashville PD,2020-12,aggravated-assault,440
TN0190100,Metro Nashville PD,2021-12,aggravated-assault,550
TN0190100,Metro Nashville PD,2022-12,aggravated-assault,549
TN0190100,Metro Nashville PD,2023-12,aggravated-assault,524
TN0190100,Metro Nashville PD,2024-12,aggravated-assault,474
TN0190100,Metro Nashville PD,2010-01,robbery,140
TN0190100,Metro Nashville PD,2011-01,robbery,142
TN0190100,Metro Nashville PD,2012-01,robbery,156
TN0190100,Metro Nashville PD,2013-01,robbery,131
TN0190100,Metro Nashville PD,2014-01,robbery,130
TN0190100,Metro Nashville PD,2015-01,robbery,158
TN0190100,Metro Nashville PD,2016-01,robbery,156
TN0190100,Metro Nashville PD,2017-01,robbery,191
TN0190100,Metro Nashville PD,2018-01,robbery,207
TN0190100,Metro Nashville PD,2019-01,robbery,192
TN0190100,Metro Nashville PD,2020-01,robbery,179
TN0190100,Metro Nashville PD,2021-01,robbery,112
TN0190100,Metro Nashville PD,2022-01,robbery,139
TN0190100,Metro Nashville PD,2023-01,robbery,119
TN0190100,Metro Nashville PD,2024-01,robbery,101
TN0190100,Metro Nashville PD,2010-02,robbery,116
TN0190100,Metro Nashville PD,2011-02,robbery,112
TN0190100,Metro Nashville PD,2012-02,robbery,91
TN0190100,Metro Nashville PD,2013-02,robbery,106
TN0190100,Metro Nashville PD,2014-02,robbery,70
TN0190100,Metro Nashville PD,2015-02,robbery,87
TN0190100,Metro Nashville PD,2016-02,robbery,129
TN0190100,Metro Nashville PD,2017-02,robbery,143
TN0190100,Metro Nashville PD,2018-02,robbery,153
TN0190100,Metro Nashville PD,2019-02,robbery,116
TN0190100,Metro Nashville PD,2020-02,robbery,145
TN0190100,Metro Nashville PD,2021-02,robbery,113
TN0190100,Metro Nashville PD,2022-02,robbery,115
TN0190100,Metro Nashville PD,2023-02,robbery,85
TN0190100,Metro Nashville PD,2024-02,robbery,87
TN0190100,Metro Nashville PD,2010-03,robbery,173
TN0190100,Metro Nashville PD,2011-03,robbery,115
TN0190100,Metro Nashville PD,2012-03,robbery,126
TN0190100,Metro Nashville PD,2013-03,robbery,130
TN0190100,Metro Nashville PD,2014-03,robbery,106
TN0190100,Metro Nashville PD,2015-03,robbery,127
TN0190100,Metro Nashville PD,2016-03,robbery,117
TN0190100,Metro Nashville PD,2017-03,robbery,164
TN0190100,Metro Nashville PD,2018-03,robbery,122
TN0190100,Metro Nashville PD,2019-03,robbery,128
TN0190100,Metro Nashville PD,2020-03,robbery,125
TN0190100,Metro Nashville PD,2021-03,robbery,80
TN0190100,Metro Nashville PD,2022-03,robbery,97
TN0190100,Metro Nashville PD,2023-03,robbery,76
TN0190100,Metro Nashville PD,2024-03,robbery,85
TN0190100,Metro Nashville PD,2010-04,robbery,145
TN0190100,Metro Nashville PD,2011-04,robbery,126
TN0190100,Metro Nashville PD,2012-04,robbery,120
TN0190100,Metro Nashville PD,2013-04,robbery,132
TN0190100,Metro Nashville PD,2014-04,robbery,112
TN0190100,Metro Nashville PD,2015-04,robbery,108
TN0190100,Metro Nashville PD,2016-04,robbery,151
TN0190100,Metro Nashville PD,2017-04,robbery,178
TN0190100,Metro Nashville PD,2018-04,robbery,133
TN0190100,Metro Nashville PD,2019-04,robbery,155
TN0190100,Metro Nashville PD,2020-04,robbery,108
TN0190100,Metro Nashville PD,2021-04,robbery,91
TN0190100,Metro Nashville PD,2022-04,robbery,107
TN0190100,Metro Nashville PD,2023-04,robbery,79
TN0190100,Metro Nashville PD,2024-04,robbery,97
TN0190100,Metro Nashville PD,2010-05,robbery,124
TN0190100,Metro Nashville PD,2011-05,robbery,131
TN0190100,Metro Nashville PD,2012-05,robbery,154
TN0190100,Metro Nashville PD,2013-05,robbery,157
TN0190100,Metro Nashville PD,2014-05,robbery,114
TN0190100,Metro Nashville PD,2015-05,robbery,157
TN0190100,Metro Nashville PD,2016-05,robbery,166
TN0190100,Metro Nashville PD,2017-05,robbery,194
TN0190100,Metro Nashville PD,2018-05,robbery,152
TN0190100,Metro Nashville PD,2019-05,robbery,181
TN0190100,Metro Nashville PD,2020-05,robbery,131
TN0190100,Metro Nashville PD,2021-05,robbery,131
TN0190100,Metro Nashville PD,2022-05,robbery,103
TN0190100,Metro Nashville PD,2023-05,robbery,135
TN0190100,Metro Nashville PD,2024-05,robbery,103
TN0190100,Metro Nashville PD,2010-06,robbery,142
TN0190100,Metro Nashville PD,2011-06,robbery,164
TN0190100,Metro Nashville PD,2012-06,robbery,173
TN0190100,Metro Nashville PD,2013-06,robbery,140
TN0190100,Metro Nashville PD,2014-06,robbery,110
TN0190100,Metro Nashville PD,2015-06,robbery,144
TN0190100,Metro Nashville PD,2016-06,robbery,145
TN0190100,Metro Nashville PD,2017-06,robbery,160
TN0190100,Metro Nashville PD,2018-06,robbery,178
TN0190100,Metro Nashville PD,2019-06,robbery,173
TN0190100,Metro Nashville PD,2020-06,robbery,117
TN0190100,Metro Nashville PD,2021-06,robbery,98
TN0190100,Metro Nashville PD,2022-06,robbery,106
TN0190100,Metro Nashville PD,2023-06,robbery,126
TN0190100,Metro Nashville PD,2024-06,robbery,120
TN0190100,Metro Nashville PD,2010-07,robbery,146
TN0190100,Metro Nashville PD,2011-07,robbery,171
TN0190100,Metro Nashville PD,2012-07,robbery,170
TN0190100,Metro Nashville PD,2013-07,robbery,160
TN0190100,Metro Nashville PD,2014-07,robbery,134
TN0190100,Metro Nashville PD,2015-07,robbery,200
TN0190100,Metro Nashville PD,2016-07,robbery,166
TN0190100,Metro Nashville PD,2017-07,robbery,178
TN0190100,Metro Nashville PD,2018-07,robbery,199
TN0190100,Metro Nashville PD,2019-07,robbery,191
TN0190100,Metro Nashville PD,2020-07,robbery,176
TN0190100,Metro Nashville PD,2021-07,robbery,160
TN0190100,Metro Nashville PD,2022-07,robbery,117
TN0190100,Metro Nashville PD,2023-07,robbery,120
TN0190100,Metro Nashville PD,2024-07,robbery,72
TN0190100,Metro Nashville PD,2010-08,robbery,159
TN0190100,Metro Nashville PD,2011-08,robbery,195
TN0190100,Metro Nashville PD,2012-08,robbery,157
TN0190100,Metro Nashville PD,2013-08,robbery,163
TN0190100,Metro Nashville PD,2014-08,robbery,154
TN0190100,Metro Nashville PD,2015-08,robbery,196
TN0190100,Metro Nashville PD,2016-08,robbery,180
TN0190100,Metro Nashville PD,2017-08,robbery,184
TN0190100,Metro Nashville PD,2018-08,robbery,159
TN0190100,Metro Nashville PD,2019-08,robbery,146
TN0190100,Metro Nashville PD,2020-08,robbery,143
TN0190100,Metro Nashville PD,2021-08,robbery,149
TN0190100,Metro Nashville PD,2022-08,robbery,114
TN0190100,Metro Nashville PD,2023-08,robbery,85
TN0190100,Metro Nashville PD,2024-08,robbery,112
TN0190100,Metro Nashville PD,2010-09,robbery,154
TN0190100,Metro Nashville PD,2011-09,robbery,179
TN0190100,Metro Nashville PD,2012-09,robbery,143
TN0190100,Metro Nashville PD,2013-09,robbery,121
TN0190100,Metro Nashville PD,2014-09,robbery,164
TN0190100,Metro Nashville PD,2015-09,robbery,159
TN0190100,Metro Nashville PD,2016-09,robbery,179
TN0190100,Metro Nashville PD,2017-09,robbery,165
TN0190100,Metro Nashville PD,2018-09,robbery,183
TN0190100,Metro Nashville PD,2019-09,robbery,155
TN0190100,Metro Nashville PD,2020-09,robbery,164
TN0190100,Metro Nashville PD,2021-09,robbery,201
TN0190100,Metro Nashville PD,2022-09,robbery,105
TN0190100,Metro Nashville PD,2023-09,robbery,106
TN0190100,Metro Nashville PD,2024-09,robbery,96
TN0190100,Metro Nashville PD,2010-10,robbery,177
TN0190100,Metro Nashville PD,2011-10,robbery,176
TN0190100,Metro Nashville PD,2012-10,robbery,156
TN0190100,Metro Nashville PD,2013-10,robbery,149
TN0190100,Metro Nashville PD,2014-10,robbery,113
TN0190100,Metro Nashville PD,2015-10,robbery,187
TN0190100,Metro Nashville PD,2016-10,robbery,221
TN0190100,Metro Nashville PD,2017-10,robbery,147
TN0190100,Metro Nashville PD,2018-10,robbery,183
TN0190100,Metro Nashville PD,2019-10,robbery,187
TN0190100,Metro Nashville PD,2020-10,robbery,150
TN0190100,Metro Nashville PD,2021-10,robbery,158
TN0190100,Metro Nashville PD,2022-10,robbery,135
TN0190100,Metro Nashville PD,2023-10,robbery,112
TN0190100,Metro Nashville PD,2024-10,robbery,96
TN0190100,Metro Nashville PD,2010-11,robbery,128
TN0190100,Metro Nashville PD,2011-11,robbery,201
TN0190100,Metro Nashville PD,2012-11,robbery,133
TN0190100,Metro Nashville PD,2013-11,robbery,111
TN0190100,Metro Nashville PD,2014-11,robbery,155
TN0190100,Metro Nashville PD,2015-11,robbery,157
TN0190100,Metro Nashville PD,2016-11,robbery,181
TN0190100,Metro Nashville PD,2017-11,robbery,179
TN0190100,Metro Nashville PD,2018-11,robbery,197
TN0190100,Metro Nashville PD,2019-11,robbery,177
TN0190100,Metro Nashville PD,2020-11,robbery,150
TN0190100,Metro Nashville PD,2021-11,robbery,195
TN0190100,Metro Nashville PD,2022-11,robbery,104
TN0190100,Metro Nashville PD,2023-11,robbery,90
TN0190100,Metro Nashville PD,2024-11,robbery,73
TN0190100,Metro Nashville PD,2010-12,robbery,198
TN0190100,Metro Nashville PD,2011-12,robbery,177
TN0190100,Metro Nashville PD,2012-12,robbery,137
TN0190100,Metro Nashville PD,2013-12,robbery,113
TN0190100,Metro Nashville PD,2014-12,robbery,167
TN0190100,Metro Nashville PD,2015-12,robbery,181
TN0190100,Metro Nashville PD,2016-12,robbery,196
TN0190100,Metro Nashville PD,2017-12,robbery,166
TN0190100,Metro Nashville PD,2018-12,robbery,258
TN0190100,Metro Nashville PD,2019-12,robbery,182
TN0190100,Metro Nashville PD,2020-12,robbery,176
TN0190100,Metro Nashville PD,2021-12,robbery,135
TN0190100,Metro Nashville PD,2022-12,robbery,110
TN0190100,Metro Nashville PD,2023-12,robbery,118
TN0190100,Metro Nashville PD,2024-12,robbery,99
TN0190100,Metro Nashville PD,2010-01,homicide,5
TN0190100,Metro Nashville PD,2011-01,homicide,3
TN0190100,Metro Nashville PD,2012-01,homicide,9
TN0190100,Metro Nashville PD,2013-01,homicide,2
TN0190100,Metro Nashville PD,2014-01,homicide,2
TN0190100,Metro Nashville PD,2015-01,homicide,7
TN0190100,Metro Nashville PD,2016-01,homicide,7
TN0190100,Metro Nashville PD,2017-01,homicide,9
TN0190100,Metro Nashville PD,2018-01,homicide,10
TN0190100,Metro Nashville PD,2019-01,homicide,6
TN0190100,Metro Nashville PD,2020-01,homicide,8
TN0190100,Metro Nashville PD,2021-01,homicide,11
TN0190100,Metro Nashville PD,2022-01,homicide,9
TN0190100,Metro Nashville PD,2023-01,homicide,16
TN0190100,Metro Nashville PD,2024-01,homicide,4
TN0190100,Metro Nashville PD,2010-02,homicide,4
TN0190100,Metro Nashville PD,2011-02,homicide,4
TN0190100,Metro Nashville PD,2012-02,homicide,3
TN0190100,Metro Nashville PD,2013-02,homicide,0
TN0190100,Metro Nashville PD,2014-02,homicide,8
TN0190100,Metro Nashville PD,2015-02,homicide,2
TN0190100,Metro Nashville PD,2016-02,homicide,10
TN0190100,Metro Nashville PD,2017-02,homicide,5
TN0190100,Metro Nashville PD,2018-02,homicide,6
TN0190100,Metro Nashville PD,2019-02,homicide,4
TN0190100,Metro Nashville PD,2020-02,homicide,5
TN0190100,Metro Nashville PD,2021-02,homicide,16
TN0190100,Metro Nashville PD,2022-02,homicide,8
TN0190100,Metro Nashville PD,2023-02,homicide,5
TN0190100,Metro Nashville PD,2024-02,homicide,5
TN0190100,Metro Nashville PD,2010-03,homicide,5
TN0190100,Metro Nashville PD,2011-03,homicide,5
TN0190100,Metro Nashville PD,2012-03,homicide,2
TN0190100,Metro Nashville PD,2013-03,homicide,2
TN0190100,Metro Nashville PD,2014-03,homicide,5
TN0190100,Metro Nashville PD,2015-03,homicide,4
TN0190100,Metro Nashville PD,2016-03,homicide,3
TN0190100,Metro Nashville PD,2017-03,homicide,7
TN0190100,Metro Nashville PD,2018-03,homicide,3
TN0190100,Metro Nashville PD,2019-03,homicide,3
TN0190100,Metro Nashville PD,2020-03,homicide,12
TN0190100,Metro Nashville PD,2021-03,homicide,7
TN0190100,Metro Nashville PD,2022-03,homicide,11
TN0190100,Metro Nashville PD,2023-03,homicide,12
TN0190100,Metro Nashville PD,2024-03,homicide,9
TN0190100,Metro Nashville PD,2010-04,homicide,6
TN0190100,Metro Nashville PD,2011-04,homicide,1
TN0190100,Metro Nashville PD,2012-04,homicide,6
TN0190100,Metro Nashville PD,2013-04,homicide,5
TN0190100,Metro Nashville PD,2014-04,homicide,1
TN0190100,Metro Nashville PD,2015-04,homicide,4
TN0190100,Metro Nashville PD,2016-04,homicide,3
TN0190100,Metro Nashville PD,2017-04,homicide,6
TN0190100,Metro Nashville PD,2018-04,homicide,6
TN0190100,Metro Nashville PD,2019-04,homicide,6
TN0190100,Metro Nashville PD,2020-04,homicide,6
TN0190100,Metro Nashville PD,2021-04,homicide,9
TN0190100,Metro Nashville PD,2022-04,homicide,7
TN0190100,Metro Nashville PD,2023-04,homicide,7
TN0190100,Metro Nashville PD,2024-04,homicide,10
TN0190100,Metro Nashville PD,2010-05,homicide,4
TN0190100,Metro Nashville PD,2011-05,homicide,7
TN0190100,Metro Nashville PD,2012-05,homicide,1
TN0190100,Metro Nashville PD,2013-05,homicide,1
TN0190100,Metro Nashville PD,2014-05,homicide,3
TN0190100,Metro Nashville PD,2015-05,homicide,7
TN0190100,Metro Nashville PD,2016-05,homicide,4
TN0190100,Metro Nashville PD,2017-05,homicide,12
TN0190100,Metro Nashville PD,2018-05,homicide,8
TN0190100,Metro Nashville PD,2019-05,homicide,2
TN0190100,Metro Nashville PD,2020-05,homicide,3
TN0190100,Metro Nashville PD,2021-05,homicide,7
TN0190100,Metro Nashville PD,2022-05,homicide,11
TN0190100,Metro Nashville PD,2023-05,homicide,5
TN0190100,Metro Nashville PD,2024-05,homicide,6
TN0190100,Metro Nashville PD,2010-06,homicide,2
TN0190100,Metro Nashville PD,2011-06,homicide,2
TN0190100,Metro Nashville PD,2012-06,homicide,6
TN0190100,Metro Nashville PD,2013-06,homicide,5
TN0190100,Metro Nashville PD,2014-06,homicide,1
TN0190100,Metro Nashville PD,2015-06,homicide,6
TN0190100,Metro Nashville PD,2016-06,homicide,7
TN0190100,Metro Nashville PD,2017-06,homicide,14
TN0190100,Metro Nashville PD,2018-06,homicide,7
TN0190100,Metro Nashville PD,2019-06,homicide,11
TN0190100,Metro Nashville PD,2020-06,homicide,12
TN0190100,Metro Nashville PD,2021-06,homicide,13
TN0190100,Metro Nashville PD,2022-06,homicide,10
TN0190100,Metro Nashville PD,2023-06,homicide,4
TN0190100,Metro Nashville PD,2024-06,homicide,8
TN0190100,Metro Nashville PD,2010-07,homicide,6
TN0190100,Metro Nashville PD,2011-07,homicide,8
TN0190100,Metro Nashville PD,2012-07,homicide,5
TN0190100,Metro Nashville PD,2013-07,homicide,3
TN0190100,Metro Nashville PD,2014-07,homicide,2
TN0190100,Metro Nashville PD,2015-07,homicide,7
TN0190100,Metro Nashville PD,2016-07,homicide,11
TN0190100,Metro Nashville PD,2017-07,homicide,13
TN0190100,Metro Nashville PD,2018-07,homicide,9
TN0190100,Metro Nashville PD,2019-07,homicide,9
TN0190100,Metro Nashville PD,2020-07,homicide,8
TN0190100,Metro Nashville PD,2021-07,homicide,6
TN0190100,Metro Nashville PD,2022-07,homicide,10
TN0190100,Metro Nashville PD,2023-07,homicide,12
TN0190100,Metro Nashville PD,2024-07,homicide,9
TN0190100,Metro Nashville PD,2010-08,homicide,5
TN0190100,Metro Nashville PD,2011-08,homicide,5
TN0190100,Metro Nashville PD,2012-08,homicide,8
TN0190100,Metro Nashville PD,2013-08,homicide,6
TN0190100,Metro Nashville PD,2014-08,homicide,4
TN0190100,Metro Nashville PD,2015-08,homicide,8
TN0190100,Metro Nashville PD,2016-08,homicide,1
TN0190100,Metro Nashville PD,2017-08,homicide,8
TN0190100,Metro Nashville PD,2018-08,homicide,8
TN0190100,Metro Nashville PD,2019-08,homicide,6
TN0190100,Metro Nashville PD,2020-08,homicide,9
TN0190100,Metro Nashville PD,2021-08,homicide,7
TN0190100,Metro Nashville PD,2022-08,homicide,13
TN0190100,Metro Nashville PD,2023-08,homicide,8
TN0190100,Metro Nashville PD,2024-08,homicide,11
TN0190100,Metro Nashville PD,2010-09,homicide,7
TN0190100,Metro Nashville PD,2011-09,homicide,3
TN0190100,Metro Nashville PD,2012-09,homicide,9
TN0190100,Metro Nashville PD,2013-09,homicide,3
TN0190100,Metro Nashville PD,2014-09,homicide,5
TN0190100,Metro Nashville PD,2015-09,homicide,10
TN0190100,Metro Nashville PD,2016-09,homicide,11
TN0190100,Metro Nashville PD,2017-09,homicide,8
TN0190100,Metro Nashville PD,2018-09,homicide,11
TN0190100,Metro Nashville PD,2019-09,homicide,10
TN0190100,Metro Nashville PD,2020-09,homicide,9
TN0190100,Metro Nashville PD,2021-09,homicide,9
TN0190100,Metro Nashville PD,2022-09,homicide,8
TN0190100,Metro Nashville PD,2023-09,homicide,7
TN0190100,Metro Nashville PD,2024-09,homicide,9
TN0190100,Metro Nashville PD,2010-10,homicide,6
TN0190100,Metro Nashville PD,2011-10,homicide,6
TN0190100,Metro Nashville PD,2012-10,homicide,8
TN0190100,Metro Nashville PD,2013-10,homicide,2
TN0190100,Metro Nashville PD,2014-10,homicide,3
TN0190100,Metro Nashville PD,2015-10,homicide,8
TN0190100,Metro Nashville PD,2016-10,homicide,4
TN0190100,Metro Nashville PD,2017-10,homicide,5
TN0190100,Metro Nashville PD,2018-10,homicide,6
TN0190100,Metro Nashville PD,2019-10,homicide,12
TN0190100,Metro Nashville PD,2020-10,homicide,16
TN0190100,Metro Nashville PD,2021-10,homicide,5
TN0190100,Metro Nashville PD,2022-10,homicide,9
TN0190100,Metro Nashville PD,2023-10,homicide,10
TN0190100,Metro Nashville PD,2024-10,homicide,14
TN0190100,Metro Nashville PD,2010-11,homicide,3
TN0190100,Metro Nashville PD,2011-11,homicide,2
TN0190100,Metro Nashville PD,2012-11,homicide,2
TN0190100,Metro Nashville PD,2013-11,homicide,4
TN0190100,Metro Nashville PD,2014-11,homicide,5
TN0190100,Metro Nashville PD,2015-11,homicide,5
TN0190100,Metro Nashville PD,2016-11,homicide,8
TN0190100,Metro Nashville PD,2017-11,homicide,10
TN0190100,Metro Nashville PD,2018-11,homicide,5
TN0190100,Metro Nashville PD,2019-11,homicide,6
TN0190100,Metro Nashville PD,2020-11,homicide,11
TN0190100,Metro Nashville PD,2021-11,homicide,8
TN0190100,Metro Nashville PD,2022-11,homicide,8
TN0190100,Metro Nashville PD,2023-11,homicide,8
TN0190100,Metro Nashville PD,2024-11,homicide,11
TN0190100,Metro Nashville PD,2010-12,homicide,2
TN0190100,Metro Nashville PD,2011-12,homicide,4
TN0190100,Metro Nashville PD,2012-12,homicide,4
TN0190100,Metro Nashville PD,2013-12,homicide,2
TN0190100,Metro Nashville PD,2014-12,homicide,3
TN0190100,Metro Nashville PD,2015-12,homicide,11
TN0190100,Metro Nashville PD,2016-12,homicide,12
TN0190100,Metro Nashville PD,2017-12,homicide,13
TN0190100,Metro Nashville PD,2018-12,homicide,10
TN0190100,Metro Nashville PD,2019-12,homicide,11
TN0190100,Metro Nashville PD,2020-12,homicide,16
TN0190100,Metro Nashville PD,2021-12,homicide,3
TN0190100,Metro Nashville PD,2022-12,homicide,5
TN0190100,Metro Nashville PD,2023-12,homicide,7
TN0190100,Metro Nashville PD,2024-12,homicide,7
TX2270100,Austin PD,2010-01,aggravated-assault,195
TX2270100,Austin PD,2011-01,aggravated-assault,151
TX2270100,Austin PD,2012-01,aggravated-assault,197
TX2270100,Austin PD,2013-01,aggravated-assault,139
TX2270100,Austin PD,2014-01,aggravated-assault,176
TX2270100,Austin PD,2015-01,aggravated-assault,141
TX2270100,Austin PD,2016-01,aggravated-assault,185
TX2270100,Austin PD,2017-01,aggravated-assault,181
TX2270100,Austin PD,2018-01,aggravated-assault,140
TX2270100,Austin PD,2019-01,aggravated-assault,172
TX2270100,Austin PD,2020-01,aggravated-assault,205
TX2270100,Austin PD,2021-01,aggravated-assault,282
TX2270100,Austin PD,2022-01,aggravated-assault,299
TX2270100,Austin PD,2023-01,aggravated-assault,295
TX2270100,Austin PD,2024-01,aggravated-assault,244
TX2270100,Austin PD,2010-02,aggravated-assault,136
TX2270100,Austin PD,2011-02,aggravated-assault,157
TX2270100,Austin PD,2012-02,aggravated-assault,166
TX2270100,Austin PD,2013-02,aggravated-assault,163
TX2270100,Austin PD,2014-02,aggravated-assault,146
TX2270100,Austin PD,2015-02,aggravated-assault,156
TX2270100,Austin PD,2016-02,aggravated-assault,142
TX2270100,Austin PD,2017-02,aggravated-assault,158
TX2270100,Austin PD,2018-02,aggravated-assault,149
TX2270100,Austin PD,2019-02,aggravated-assault,193
TX2270100,Austin PD,2020-02,aggravated-assault,181
TX2270100,Austin PD,2021-02,aggravated-assault,237
TX2270100,Austin PD,2022-02,aggravated-assault,289
TX2270100,Austin PD,2023-02,aggravated-assault,256
TX2270100,Austin PD,2024-02,aggravated-assault,211
TX2270100,Austin PD,2010-03,aggravated-assault,194
TX2270100,Austin PD,2011-03,aggravated-assault,173
TX2270100,Austin PD,2012-03,aggravated-assault,173
TX2270100,Austin PD,2013-03,aggravated-assault,180
TX2270100,Austin PD,2014-03,aggravated-assault,186
TX2270100,Austin PD,2015-03,aggravated-assault,174
TX2270100,Austin PD,2016-03,aggravated-assault,215
TX2270100,Austin PD,2017-03,aggravated-assault,176
TX2270100,Austin PD,2018-03,aggravated-assault,171
TX2270100,Austin PD,2019-03,aggravated-assault,194
TX2270100,Austin PD,2020-03,aggravated-assault,248
TX2270100,Austin PD,2021-03,aggravated-assault,241
TX2270100,Austin PD,2022-03,aggravated-assault,324
TX2270100,Austin PD,2023-03,aggravated-assault,337
TX2270100,Austin PD,2024-03,aggravated-assault,305
TX2270100,Austin PD,2010-04,aggravated-assault,191
TX2270100,Austin PD,2011-04,aggravated-assault,207
TX2270100,Austin PD,2012-04,aggravated-assault,195
TX2270100,Austin PD,2013-04,aggravated-assault,146
TX2270100,Austin PD,2014-04,aggravated-assault,168
TX2270100,Austin PD,2015-04,aggravated-assault,144
TX2270100,Austin PD,2016-04,aggravated-assault,195
TX2270100,Austin PD,2017-04,aggravated-assault,176
TX2270100,Austin PD,2018-04,aggravated-assault,151
TX2270100,Austin PD,2019-04,aggravated-assault,202
TX2270100,Austin PD,2020-04,aggravated-assault,207
TX2270100,Austin PD,2021-04,aggravated-assault,275
TX2270100,Austin PD,2022-04,aggravated-assault,334
TX2270100,Austin PD,2023-04,aggravated-assault,285
TX2270100,Austin PD,2024-04,aggravated-assault,262
TX2270100,Austin PD,2010-05,aggravated-assault,253
TX2270100,Austin PD,2011-05,aggravated-assault,214
TX2270100,Austin PD,2012-05,aggravated-assault,186
TX2270100,Austin PD,2013-05,aggravated-assault,208
TX2270100,Austin PD,2014-05,aggravated-assault,189
TX2270100,Austin PD,2015-05,aggravated-assault,187
TX2270100,Austin PD,2016-05,aggravated-assault,190
TX2270100,Austin PD,2017-05,aggravated-assault,195
TX2270100,Austin PD,2018-05,aggravated-assault,186
TX2270100,Austin PD,2019-05,aggravated-assault,199
TX2270100,Austin PD,2020-05,aggravated-assault,281
TX2270100,Austin PD,2021-05,aggravated-assault,309
TX2270100,Austin PD,2022-05,aggravated-assault,310
TX2270100,Austin PD,2023-05,aggravated-assault,312
TX2270100,Austin PD,2024-05,aggravated-assault,266
TX2270100,Austin PD,2010-06,aggravated-assault,177
TX2270100,Austin PD,2011-06,aggravated-assault,202
TX2270100,Austin PD,2012-06,aggravated-assault,181
TX2270100,Austin PD,2013-06,aggravated-assault,207
TX2270100,Austin PD,2014-06,aggravated-assault,206
TX2270100,Austin PD,2015-06,aggravated-assault,175
TX2270100,Austin PD,2016-06,aggravated-assault,183
TX2270100,Austin PD,2017-06,aggravated-assault,195
TX2270100,Austin PD,2018-06,aggravated-assault,180
TX2270100,Austin PD,2019-06,aggravated-assault,219
TX2270100,Austin PD,2020-06,aggravated-assault,261
TX2270100,Austin PD,2021-06,aggravated-assault,295
TX2270100,Austin PD,2022-06,aggravated-assault,385
TX2270100,Austin PD,2023-06,aggravated-assault,285
TX2270100,Austin PD,2024-06,aggravated-assault,303
TX2270100,Austin PD,2010-07,aggravated-assault,178
TX2270100,Austin PD,2011-07,aggravated-assault,182
TX2270100,Austin PD,2012-07,aggravated-assault,211
TX2270100,Austin PD,2013-07,aggravated-assault,214
TX2270100,Austin PD,2014-07,aggravated-assault,208
TX2270100,Austin PD,2015-07,aggravated-assault,224
TX2270100,Austin PD,2016-07,aggravated-assault,145
TX2270100,Austin PD,2017-07,aggravated-assault,221
TX2270100,Austin PD,2018-07,aggravated-assault,186
TX2270100,Austin PD,2019-07,aggravated-assault,263
TX2270100,Austin PD,2020-07,aggravated-assault,340
TX2270100,Austin PD,2021-07,aggravated-assault,295
TX2270100,Austin PD,2022-07,aggravated-assault,331
TX2270100,Austin PD,2023-07,aggravated-assault,316
TX2270100,Austin PD,2024-07,aggravated-assault,245
TX2270100,Austin PD,2010-08,aggravated-assault,193
TX2270100,Austin PD,2011-08,aggravated-assault,144
TX2270100,Austin PD,2012-08,aggravated-assault,174
TX2270100,Austin PD,2013-08,aggravated-assault,197
TX2270100,Austin PD,2014-08,aggravated-assault,158
TX2270100,Austin PD,2015-08,aggravated-assault,171
TX2270100,Austin PD,2016-08,aggravated-assault,150
TX2270100,Austin PD,2017-08,aggravated-assault,162
TX2270100,Austin PD,2018-08,aggravated-assault,161
TX2270100,Austin PD,2019-08,aggravated-assault,236
TX2270100,Austin PD,2020-08,aggravated-assault,281
TX2270100,Austin PD,2021-08,aggravated-assault,316
TX2270100,Austin PD,2022-08,aggravated-assault,301
TX2270100,Austin PD,2023-08,aggravated-assault,328
TX2270100,Austin PD,2024-08,aggravated-assault,256
TX2270100,Austin PD,2010-09,aggravated-assault,182
TX2270100,Austin PD,2011-09,aggravated-assault,193
TX2270100,Austin PD,2012-09,aggravated-assault,203
TX2270100,Austin PD,2013-09,aggravated-assault,174
TX2270100,Austin PD,2014-09,aggravated-assault,157
TX2270100,Austin PD,2015-09,aggravated-assault,176
TX2270100,Austin PD,2016-09,aggravated-assault,187
TX2270100,Austin PD,2017-09,aggravated-assault,171
TX2270100,Austin PD,2018-09,aggravated-assault,152
TX2270100,Austin PD,2019-09,aggravated-assault,237
TX2270100,Austin PD,2020-09,aggravated-assault,290
TX2270100,Austin PD,2021-09,aggravated-assault,274
TX2270100,Austin PD,2022-09,aggravated-assault,275
TX2270100,Austin PD,2023-09,aggravated-assault,247
TX2270100,Austin PD,2024-09,aggravated-assault,230
TX2270100,Austin PD,2010-10,aggravated-assault,205
TX2270100,Austin PD,2011-10,aggravated-assault,174
TX2270100,Austin PD,2012-10,aggravated-assault,189
TX2270100,Austin PD,2013-10,aggravated-assault,193
TX2270100,Austin PD,2014-10,aggravated-assault,167
TX2270100,Austin PD,2015-10,aggravated-assault,146
TX2270100,Austin PD,2016-10,aggravated-assault,191
TX2270100,Austin PD,2017-10,aggravated-assault,194
TX2270100,Austin PD,2018-10,aggravated-assault,154
TX2270100,Austin PD,2019-10,aggravated-assault,218
TX2270100,Austin PD,2020-10,aggravated-assault,254
TX2270100,Austin PD,2021-10,aggravated-assault,300
TX2270100,Austin PD,2022-10,aggravated-assault,284
TX2270100,Austin PD,2023-10,aggravated-assault,284
TX2270100,Austin PD,2024-10,aggravated-assault,275
TX2270100,Austin PD,2010-11,aggravated-assault,154
TX2270100,Austin PD,2011-11,aggravated-assault,173
TX2270100,Austin PD,2012-11,aggravated-assault,164
TX2270100,Austin PD,2013-11,aggravated-assault,157
TX2270100,Austin PD,2014-11,aggravated-assault,170
TX2270100,Austin PD,2015-11,aggravated-assault,180
TX2270100,Austin PD,2016-11,aggravated-assault,148
TX2270100,Austin PD,2017-11,aggravated-assault,197
TX2270100,Austin PD,2018-11,aggravated-assault,119
TX2270100,Austin PD,2019-11,aggravated-assault,225
TX2270100,Austin PD,2020-11,aggravated-assault,302
TX2270100,Austin PD,2021-11,aggravated-assault,268
TX2270100,Austin PD,2022-11,aggravated-assault,277
TX2270100,Austin PD,2023-11,aggravated-assault,218
TX2270100,Austin PD,2024-11,aggravated-assault,200
TX2270100,Austin PD,2010-12,aggravated-assault,198
TX2270100,Austin PD,2011-12,aggravated-assault,156
TX2270100,Austin PD,2012-12,aggravated-assault,148
TX2270100,Austin PD,2013-12,aggravated-assault,139
TX2270100,Austin PD,2014-12,aggravated-assault,174
TX2270100,Austin PD,2015-12,aggravated-assault,184
TX2270100,Austin PD,2016-12,aggravated-assault,138
TX2270100,Austin PD,2017-12,aggravated-assault,160
TX2270100,Austin PD,2018-12,aggravated-assault,131
TX2270100,Austin PD,2019-12,aggravated-assault,171
TX2270100,Austin PD,2020-12,aggravated-assault,280
TX2270100,Austin PD,2021-12,aggravated-assault,285
TX2270100,Austin PD,2022-12,aggravated-assault,279
TX2270100,Austin PD,2023-12,aggravated-assault,260
TX2270100,Austin PD,2024-12,aggravated-assault,245
TX2270100,Austin PD,2010-01,robbery,111
TX2270100,Austin PD,2011-01,robbery,76
TX2270100,Austin PD,2012-01,robbery,81
TX2270100,Austin PD,2013-01,robbery,73
TX2270100,Austin PD,2014-01,robbery,58
TX2270100,Austin PD,2015-01,robbery,60
TX2270100,Austin PD,2016-01,robbery,90
TX2270100,Austin PD,2017-01,robbery,74
TX2270100,Austin PD,2018-01,robbery,102
TX2270100,Austin PD,2019-01,robbery,80
TX2270100,Austin PD,2020-01,robbery,75
TX2270100,Austin PD,2021-01,robbery,100
TX2270100,Austin PD,2022-01,robbery,89
TX2270100,Austin PD,2023-01,robbery,75
TX2270100,Austin PD,2024-01,robbery,62
TX2270100,Austin PD,2010-02,robbery,68
TX2270100,Austin PD,2011-02,robbery,99
TX2270100,Austin PD,2012-02,robbery,72
TX2270100,Austin PD,2013-02,robbery,55
TX2270100,Austin PD,2014-02,robbery,46
TX2270100,Austin PD,2015-02,robbery,68
TX2270100,Austin PD,2016-02,robbery,65
TX2270100,Austin PD,2017-02,robbery,73
TX2270100,Austin PD,2018-02,robbery,92
TX2270100,Austin PD,2019-02,robbery,74
TX2270100,Austin PD,2020-02,robbery,63
TX2270100,Austin PD,2021-02,robbery,66
TX2270100,Austin PD,2022-02,robbery,78
TX2270100,Austin PD,2023-02,robbery,112
TX2270100,Austin PD,2024-02,robbery,58
TX2270100,Austin PD,2010-03,robbery,100
TX2270100,Austin PD,2011-03,robbery,84
TX2270100,Austin PD,2012-03,robbery,100
TX2270100,Austin PD,2013-03,robbery,65
TX2270100,Austin PD,2014-03,robbery,62
TX2270100,Austin PD,2015-03,robbery,82
TX2270100,Austin PD,2016-03,robbery,97
TX2270100,Austin PD,2017-03,robbery,107
TX2270100,Austin PD,2018-03,robbery,96
TX2270100,Austin PD,2019-03,robbery,71
TX2270100,Austin PD,2020-03,robbery,86
TX2270100,Austin PD,2021-03,robbery,67
TX2270100,Austin PD,2022-03,robbery,76
TX2270100,Austin PD,2023-03,robbery,85
TX2270100,Austin PD,2024-03,robbery,72
TX2270100,Austin PD,2010-04,robbery,122
TX2270100,Austin PD,2011-04,robbery,110
TX2270100,Austin PD,2012-04,robbery,91
TX2270100,Austin PD,2013-04,robbery,58
TX2270100,Austin PD,2014-04,robbery,66
TX2270100,Austin PD,2015-04,robbery,68
TX2270100,Austin PD,2016-04,robbery,88
TX2270100,Austin PD,2017-04,robbery,57
TX2270100,Austin PD,2018-04,robbery,75
TX2270100,Austin PD,2019-04,robbery,72
TX2270100,Austin PD,2020-04,robbery,87
TX2270100,Austin PD,2021-04,robbery,73
TX2270100,Austin PD,2022-04,robbery,65
TX2270100,Austin PD,2023-04,robbery,66
TX2270100,Austin PD,2024-04,robbery,79
TX2270100,Austin PD,2010-05,robbery,115
TX2270100,Austin PD,2011-05,robbery,117
TX2270100,Austin PD,2012-05,robbery,76
TX2270100,Austin PD,2013-05,robbery,58
TX2270100,Austin PD,2014-05,robbery,60
TX2270100,Austin PD,2015-05,robbery,82
TX2270100,Austin PD,2016-05,robbery,103
TX2270100,Austin PD,2017-05,robbery,81
TX2270100,Austin PD,2018-05,robbery,79
TX2270100,Austin PD,2019-05,robbery,81
TX2270100,Austin PD,2020-05,robbery,108
TX2270100,Austin PD,2021-05,robbery,94
TX2270100,Austin PD,2022-05,robbery,64
TX2270100,Austin PD,2023-05,robbery,66
TX2270100,Austin PD,2024-05,robbery,80
TX2270100,Austin PD,2010-06,robbery,103
TX2270100,Austin PD,2011-06,robbery,101
TX2270100,Austin PD,2012-06,robbery,102
TX2270100,Austin PD,2013-06,robbery,77
TX2270100,Austin PD,2014-06,robbery,74
TX2270100,Austin PD,2015-06,robbery,85
TX2270100,Austin PD,2016-06,robbery,70
TX2270100,Austin PD,2017-06,robbery,93
TX2270100,Austin PD,2018-06,robbery,71
TX2270100,Austin PD,2019-06,robbery,85
TX2270100,Austin PD,2020-06,robbery,125
TX2270100,Austin PD,2021-06,robbery,76
TX2270100,Austin PD,2022-06,robbery,96
TX2270100,Austin PD,2023-06,robbery,66
TX2270100,Austin PD,2024-06,robbery,73
TX2270100,Austin PD,2010-07,robbery,111
TX2270100,Austin PD,2011-07,robbery,94
TX2270100,Austin PD,2012-07,robbery,82
TX2270100,Austin PD,2013-07,robbery,66
TX2270100,Austin PD,2014-07,robbery,97
TX2270100,Austin PD,2015-07,robbery,85
TX2270100,Austin PD,2016-07,robbery,77
TX2270100,Austin PD,2017-07,robbery,79
TX2270100,Austin PD,2018-07,robbery,52
TX2270100,Austin PD,2019-07,robbery,94
TX2270100,Austin PD,2020-07,robbery,77
TX2270100,Austin PD,2021-07,robbery,94
TX2270100,Austin PD,2022-07,robbery,97
TX2270100,Austin PD,2023-07,robbery,68
TX2270100,Austin PD,2024-07,robbery,83
TX2270100,Austin PD,2010-08,robbery,108
TX2270100,Austin PD,2011-08,robbery,70
TX2270100,Austin PD,2012-08,robbery,83
TX2270100,Austin PD,2013-08,robbery,51
TX2270100,Austin PD,2014-08,robbery,81
TX2270100,Austin PD,2015-08,robbery,96
TX2270100,Austin PD,2016-08,robbery,84
TX2270100,Austin PD,2017-08,robbery,65
TX2270100,Austin PD,2018-08,robbery,88
TX2270100,Austin PD,2019-08,robbery,98
TX2270100,Austin PD,2020-08,robbery,100
TX2270100,Austin PD,2021-08,robbery,105
TX2270100,Austin PD,2022-08,robbery,66
TX2270100,Austin PD,2023-08,robbery,74
TX2270100,Austin PD,2024-08,robbery,67
TX2270100,Austin PD,2010-09,robbery,94
TX2270100,Austin PD,2011-09,robbery,75
TX2270100,Austin PD,2012-09,robbery,83
TX2270100,Austin PD,2013-09,robbery,69
TX2270100,Austin PD,2014-09,robbery,80
TX2270100,Austin PD,2015-09,robbery,73
TX2270100,Austin PD,2016-09,robbery,86
TX2270100,Austin PD,2017-09,robbery,77
TX2270100,Austin PD,2018-09,robbery,91
TX2270100,Austin PD,2019-09,robbery,95
TX2270100,Austin PD,2020-09,robbery,90
TX2270100,Austin PD,2021-09,robbery,97
TX2270100,Austin PD,2022-09,robbery,90
TX2270100,Austin PD,2023-09,robbery,87
TX2270100,Austin PD,2024-09,robbery,63
TX2270100,Austin PD,2010-10,robbery,117
TX2270100,Austin PD,2011-10,robbery,109
TX2270100,Austin PD,2012-10,robbery,66
TX2270100,Austin PD,2013-10,robbery,69
TX2270100,Austin PD,2014-10,robbery,85
TX2270100,Austin PD,2015-10,robbery,63
TX2270100,Austin PD,2016-10,robbery,88
TX2270100,Austin PD,2017-10,robbery,78
TX2270100,Austin PD,2018-10,robbery,84
TX2270100,Austin PD,2019-10,robbery,98
TX2270100,Austin PD,2020-10,robbery,93
TX2270100,Austin PD,2021-10,robbery,85
TX2270100,Austin PD,2022-10,robbery,84
TX2270100,Austin PD,2023-10,robbery,68
TX2270100,Austin PD,2024-10,robbery,74
TX2270100,Austin PD,2010-11,robbery,93
TX2270100,Austin PD,2011-11,robbery,85
TX2270100,Austin PD,2012-11,robbery,62
TX2270100,Austin PD,2013-11,robbery,64
TX2270100,Austin PD,2014-11,robbery,90
TX2270100,Austin PD,2015-11,robbery,85
TX2270100,Austin PD,2016-11,robbery,88
TX2270100,Austin PD,2017-11,robbery,92
TX2270100,Austin PD,2018-11,robbery,84
TX2270100,Austin PD,2019-11,robbery,106
TX2270100,Austin PD,2020-11,robbery,104
TX2270100,Austin PD,2021-11,robbery,78
TX2270100,Austin PD,2022-11,robbery,62
TX2270100,Austin PD,2023-11,robbery,75
TX2270100,Austin PD,2024-11,robbery,67
TX2270100,Austin PD,2010-12,robbery,89
TX2270100,Austin PD,2011-12,robbery,86
TX2270100,Austin PD,2012-12,robbery,80
TX2270100,Austin PD,2013-12,robbery,58
TX2270100,Austin PD,2014-12,robbery,74
TX2270100,Austin PD,2015-12,robbery,82
TX2270100,Austin PD,2016-12,robbery,112
TX2270100,Austin PD,2017-12,robbery,111
TX2270100,Austin PD,2018-12,robbery,107
TX2270100,Austin PD,2019-12,robbery,95
TX2270100,Austin PD,2020-12,robbery,97
TX2270100,Austin PD,2021-12,robbery,64
TX2270100,Austin PD,2022-12,robbery,69
TX2270100,Austin PD,2023-12,robbery,72
TX2270100,Austin PD,2024-12,robbery,63
TX2270100,Austin PD,2010-01,homicide,3
TX2270100,Austin PD,2011-01,homicide,2
TX2270100,Austin PD,2012-01,homicide,3
TX2270100,Austin PD,2013-01,homicide,0
TX2270100,Austin PD,2014-01,homicide,3
TX2270100,Austin PD,2015-01,homicide,1
TX2270100,Austin PD,2016-01,homicide,1
TX2270100,Austin PD,2017-01,homicide,1
TX2270100,Austin PD,2018-01,homicide,1
TX2270100,Austin PD,2019-01,homicide,2
TX2270100,Austin PD,2020-01,homicide,5
TX2270100,Austin PD,2021-01,homicide,4
TX2270100,Austin PD,2022-01,homicide,10
TX2270100,Austin PD,2023-01,homicide,8
TX2270100,Austin PD,2024-01,homicide,5
TX2270100,Austin PD,2010-02,homicide,1
TX2270100,Austin PD,2011-02,homicide,2
TX2270100,Austin PD,2012-02,homicide,1
TX2270100,Austin PD,2013-02,homicide,3
TX2270100,Austin PD,2014-02,homicide,2
TX2270100,Austin PD,2015-02,homicide,1
TX2270100,Austin PD,2016-02,homicide,0
TX2270100,Austin PD,2017-02,homicide,2
TX2270100,Austin PD,2018-02,homicide,0
TX2270100,Austin PD,2019-02,homicide,1
TX2270100,Austin PD,2020-02,homicide,4
TX2270100,Austin PD,2021-02,homicide,8
TX2270100,Austin PD,2022-02,homicide,2
TX2270100,Austin PD,2023-02,homicide,6
TX2270100,Austin PD,2024-02,homicide,4
TX2270100,Austin PD,2010-03,homicide,1
TX2270100,Austin PD,2011-03,homicide,1
TX2270100,Austin PD,2012-03,homicide,2
TX2270100,Austin PD,2013-03,homicide,1
TX2270100,Austin PD,2014-03,homicide,1
TX2270100,Austin PD,2015-03,homicide,2
TX2270100,Austin PD,2016-03,homicide,3
TX2270100,Austin PD,2017-03,homicide,4
TX2270100,Austin PD,2018-03,homicide,6
TX2270100,Austin PD,2019-03,homicide,4
TX2270100,Austin PD,2020-03,homicide,5
TX2270100,Austin PD,2021-03,homicide,9
TX2270100,Austin PD,2022-03,homicide,3
TX2270100,Austin PD,2023-03,homicide,4
TX2270100,Austin PD,2024-03,homicide,3
TX2270100,Austin PD,2010-04,homicide,7
TX2270100,Austin PD,2011-04,homicide,4
TX2270100,Austin PD,2012-04,homicide,4
TX2270100,Austin PD,2013-04,homicide,4
TX2270100,Austin PD,2014-04,homicide,1
TX2270100,Austin PD,2015-04,homicide,4
TX2270100,Austin PD,2016-04,homicide,1
TX2270100,Austin PD,2017-04,homicide,1
TX2270100,Austin PD,2018-04,homicide,1
TX2270100,Austin PD,2019-04,homicide,1
TX2270100,Austin PD,2020-04,homicide,2
TX2270100,Austin PD,2021-04,homicide,9
TX2270100,Austin PD,2022-04,homicide,8
TX2270100,Austin PD,2023-04,homicide,4
TX2270100,Austin PD,2024-04,homicide,6
TX2270100,Austin PD,2010-05,homicide,2
TX2270100,Austin PD,2011-05,homicide,2
TX2270100,Austin PD,2012-05,homicide,1
TX2270100,Austin PD,2013-05,homicide,0
TX2270100,Austin PD,2014-05,homicide,0
TX2270100,Austin PD,2015-05,homicide,1
TX2270100,Austin PD,2016-05,homicide,3
TX2270100,Austin PD,2017-05,homicide,2
TX2270100,Austin PD,2018-05,homicide,3
TX2270100,Austin PD,2019-05,homicide,3
TX2270100,Austin PD,2020-05,homicide,1
TX2270100,Austin PD,2021-05,homicide,6
TX2270100,Austin PD,2022-05,homicide,3
TX2270100,Austin PD,2023-05,homicide,3
TX2270100,Austin PD,2024-05,homicide,7
TX2270100,Austin PD,2010-06,homicide,2
TX2270100,Austin PD,2011-06,homicide,1
TX2270100,Austin PD,2012-06,homicide,4
TX2270100,Austin PD,2013-06,homicide,1
TX2270100,Austin PD,2014-06,homicide,2
TX2270100,Austin PD,2015-06,homicide,0
TX2270100,Austin PD,2016-06,homicide,5
TX2270100,Austin PD,2017-06,homicide,2
TX2270100,Austin PD,2018-06,homicide,5
TX2270100,Austin PD,2019-06,homicide,3
TX2270100,Austin PD,2020-06,homicide,4
TX2270100,Austin PD,2021-06,homicide,10
TX2270100,Austin PD,2022-06,homicide,5
TX2270100,Austin PD,2023-06,homicide,3
TX2270100,Austin PD,2024-06,homicide,7
TX2270100,Austin PD,2010-07,homicide,3
TX2270100,Austin PD,2011-07,homicide,0
TX2270100,Austin PD,2012-07,homicide,3
TX2270100,Austin PD,2013-07,homicide,5
TX2270100,Austin PD,2014-07,homicide,2
TX2270100,Austin PD,2015-07,homicide,2
TX2270100,Austin PD,2016-07,homicide,7
TX2270100,Austin PD,2017-07,homicide,2
TX2270100,Austin PD,2018-07,homicide,2
TX2270100,Austin PD,2019-07,homicide,5
TX2270100,Austin PD,2020-07,homicide,5
TX2270100,Austin PD,2021-07,homicide,4
TX2270100,Austin PD,2022-07,homicide,8
TX2270100,Austin PD,2023-07,homicide,5
TX2270100,Austin PD,2024-07,homicide,6
TX2270100,Austin PD,2010-08,homicide,2
TX2270100,Austin PD,2011-08,homicide,5
TX2270100,Austin PD,2012-08,homicide,1
TX2270100,Austin PD,2013-08,homicide,0
TX2270100,Austin PD,2014-08,homicide,1
TX2270100,Austin PD,2015-08,homicide,1
TX2270100,Austin PD,2016-08,homicide,4
TX2270100,Austin PD,2017-08,homicide,5
TX2270100,Austin PD,2018-08,homicide,2
TX2270100,Austin PD,2019-08,homicide,4
TX2270100,Austin PD,2020-08,homicide,4
TX2270100,Austin PD,2021-08,homicide,5
TX2270100,Austin PD,2022-08,homicide,9
TX2270100,Austin PD,2023-08,homicide,3
TX2270100,Austin PD,2024-08,homicide,2
TX2270100,Austin PD,2010-09,homicide,5
TX2270100,Austin PD,2011-09,homicide,4
TX2270100,Austin PD,2012-09,homicide,4
TX2270100,Austin PD,2013-09,homicide,4
TX2270100,Austin PD,2014-09,homicide,4
TX2270100,Austin PD,2015-09,homicide,1
TX2270100,Austin PD,2016-09,homicide,2
TX2270100,Austin PD,2017-09,homicide,2
TX2270100,Austin PD,2018-09,homicide,6
TX2270100,Austin PD,2019-09,homicide,2
TX2270100,Austin PD,2020-09,homicide,3
TX2270100,Austin PD,2021-09,homicide,10
TX2270100,Austin PD,2022-09,homicide,3
TX2270100,Austin PD,2023-09,homicide,7
TX2270100,Austin PD,2024-09,homicide,6
TX2270100,Austin PD,2010-10,homicide,5
TX2270100,Austin PD,2011-10,homicide,2
TX2270100,Austin PD,2012-10,homicide,2
TX2270100,Austin PD,2013-10,homicide,2
TX2270100,Austin PD,2014-10,homicide,4
TX2270100,Austin PD,2015-10,homicide,0
TX2270100,Austin PD,2016-10,homicide,3
TX2270100,Austin PD,2017-10,homicide,2
TX2270100,Austin PD,2018-10,homicide,1
TX2270100,Austin PD,2019-10,homicide,1
TX2270100,Austin PD,2020-10,homicide,5
TX2270100,Austin PD,2021-10,homicide,9
TX2270100,Austin PD,2022-10,homicide,7
TX2270100,Austin PD,2023-10,homicide,6
TX2270100,Austin PD,2024-10,homicide,6
TX2270100,Austin PD,2010-11,homicide,5
TX2270100,Austin PD,2011-11,homicide,2
TX2270100,Austin PD,2012-11,homicide,5
TX2270100,Austin PD,2013-11,homicide,2
TX2270100,Austin PD,2014-11,homicide,6
TX2270100,Austin PD,2015-11,homicide,6
TX2270100,Austin PD,2016-11,homicide,5
TX2270100,Austin PD,2017-11,homicide,1
TX2270100,Austin PD,2018-11,homicide,3
TX2270100,Austin PD,2019-11,homicide,3
TX2270100,Austin PD,2020-11,homicide,5
TX2270100,Austin PD,2021-11,homicide,7
TX2270100,Austin PD,2022-11,homicide,3
TX2270100,Austin PD,2023-11,homicide,7
TX2270100,Austin PD,2024-11,homicide,9
TX2270100,Austin PD,2010-12,homicide,2
TX2270100,Austin PD,2011-12,homicide,2
TX2270100,Austin PD,2012-12,homicide,1
TX2270100,Austin PD,2013-12,homicide,4
TX2270100,Austin PD,2014-12,homicide,6
TX2270100,Austin PD,2015-12,homicide,4
TX2270100,Austin PD,2016-12,homicide,5
TX2270100,Austin PD,2017-12,homicide,2
TX2270100,Austin PD,2018-12,homicide,2
TX2270100,Austin PD,2019-12,homicide,4
TX2270100,Austin PD,2020-12,homicide,2
TX2270100,Austin PD,2021-12,homicide,0
TX2270100,Austin PD,2022-12,homicide,4
TX2270100,Austin PD,2023-12,homicide,8
TX2270100,Austin PD,2024-12,homicide,4
MN0271100,Minneapolis PD,2010-01,aggravated-assault,0
MN0271100,Minneapolis PD,2011-01,aggravated-assault,0
MN0271100,Minneapolis PD,2012-01,aggravated-assault,0
MN0271100,Minneapolis PD,2013-01,aggravated-assault,109
MN0271100,Minneapolis PD,2014-01,aggravated-assault,151
MN0271100,Minneapolis PD,2015-01,aggravated-assault,139
MN0271100,Minneapolis PD,2016-01,aggravated-assault,156
MN0271100,Minneapolis PD,2017-01,aggravated-assault,168
MN0271100,Minneapolis PD,2018-01,aggravated-assault,137
MN0271100,Minneapolis PD,2019-01,aggravated-assault,156
MN0271100,Minneapolis PD,2020-01,aggravated-assault,176
MN0271100,Minneapolis PD,2021-01,aggravated-assault,160
MN0271100,Minneapolis PD,2022-01,aggravated-assault,216
MN0271100,Minneapolis PD,2023-01,aggravated-assault,211
MN0271100,Minneapolis PD,2024-01,aggravated-assault,220
MN0271100,Minneapolis PD,2010-02,aggravated-assault,0
MN0271100,Minneapolis PD,2011-02,aggravated-assault,0
MN0271100,Minneapolis PD,2012-02,aggravated-assault,0
MN0271100,Minneapolis PD,2013-02,aggravated-assault,107
MN0271100,Minneapolis PD,2014-02,aggravated-assault,78
MN0271100,Minneapolis PD,2015-02,aggravated-assault,129
MN0271100,Minneapolis PD,2016-02,aggravated-assault,106
MN0271100,Minneapolis PD,2017-02,aggravated-assault,118
MN0271100,Minneapolis PD,2018-02,aggravated-assault,115
MN0271100,Minneapolis PD,2019-02,aggravated-assault,151
MN0271100,Minneapolis PD,2020-02,aggravated-assault,153
MN0271100,Minneapolis PD,2021-02,aggravated-assault,139
MN0271100,Minneapolis PD,2022-02,aggravated-assault,222
MN0271100,Minneapolis PD,2023-02,aggravated-assault,156
MN0271100,Minneapolis PD,2024-02,aggravated-assault,189
MN0271100,Minneapolis PD,2010-03,aggravated-assault,0
MN0271100,Minneapolis PD,2011-03,aggravated-assault,0
MN0271100,Minneapolis PD,2012-03,aggravated-assault,0
MN0271100,Minneapolis PD,2013-03,aggravated-assault,124
MN0271100,Minneapolis PD,2014-03,aggravated-assault,140
MN0271100,Minneapolis PD,2015-03,aggravated-assault,161
MN0271100,Minneapolis PD,2016-03,aggravated-assault,190
MN0271100,Minneapolis PD,2017-03,aggravated-assault,148
MN0271100,Minneapolis PD,2018-03,aggravated-assault,147
MN0271100,Minneapolis PD,2019-03,aggravated-assault,149
MN0271100,Minneapolis PD,2020-03,aggravated-assault,166
MN0271100,Minneapolis PD,2021-03,aggravated-assault,176
MN0271100,Minneapolis PD,2022-03,aggravated-assault,215
MN0271100,Minneapolis PD,2023-03,aggravated-assault,210
MN0271100,Minneapolis PD,2024-03,aggravated-assault,202
MN0271100,Minneapolis PD,2010-04,aggravated-assault,0
MN0271100,Minneapolis PD,2011-04,aggravated-assault,0
MN0271100,Minneapolis PD,2012-04,aggravated-assault,0
MN0271100,Minneapolis PD,2013-04,aggravated-assault,135
MN0271100,Minneapolis PD,2014-04,aggravated-assault,137
MN0271100,Minneapolis PD,2015-04,aggravated-assault,166
MN0271100,Minneapolis PD,2016-04,aggravated-assault,226
MN0271100,Minneapolis PD,2017-04,aggravated-assault,220
MN0271100,Minneapolis PD,2018-04,aggravated-assault,139
MN0271100,Minneapolis PD,2019-04,aggravated-assault,160
MN0271100,Minneapolis PD,2020-04,aggravated-assault,164
MN0271100,Minneapolis PD,2021-04,aggravated-assault,226
MN0271100,Minneapolis PD,2022-04,aggravated-assault,194
MN0271100,Minneapolis PD,2023-04,aggravated-assault,260
MN0271100,Minneapolis PD,2024-04,aggravated-assault,236
MN0271100,Minneapolis PD,2010-05,aggravated-assault,0
MN0271100,Minneapolis PD,2011-05,aggravated-assault,0
MN0271100,Minneapolis PD,2012-05,aggravated-assault,0
MN0271100,Minneapolis PD,2013-05,aggravated-assault,156
MN0271100,Minneapolis PD,2014-05,aggravated-assault,178
MN0271100,Minneapolis PD,2015-05,aggravated-assault,200
MN0271100,Minneapolis PD,2016-05,aggravated-assault,196
MN0271100,Minneapolis PD,2017-05,aggravated-assault,236
MN0271100,Minneapolis PD,2018-05,aggravated-assault,174
MN0271100,Minneapolis PD,2019-05,aggravated-assault,198
MN0271100,Minneapolis PD,2020-05,aggravated-assault,253
MN0271100,Minneapolis PD,2021-05,aggravated-assault,313
MN0271100,Minneapolis PD,2022-05,aggravated-assault,322
MN0271100,Minneapolis PD,2023-05,aggravated-assault,286
MN0271100,Minneapolis PD,2024-05,aggravated-assault,268
MN0271100,Minneapolis PD,2010-06,aggravated-assault,1003
MN0271100,Minneapolis PD,2011-06,aggravated-assault,869
MN0271100,Minneapolis PD,2012-06,aggravated-assault,0
MN0271100,Minneapolis PD,2013-06,aggravated-assault,159
MN0271100,Minneapolis PD,2014-06,aggravated-assault,182
MN0271100,Minneapolis PD,2015-06,aggravated-assault,166
MN0271100,Minneapolis PD,2016-06,aggravated-assault,218
MN0271100,Minneapolis PD,2017-06,aggravated-assault,202
MN0271100,Minneapolis PD,2018-06,aggravated-assault,195
MN0271100,Minneapolis PD,2019-06,aggravated-assault,233
MN0271100,Minneapolis PD,2020-06,aggravated-assault,322
MN0271100,Minneapolis PD,2021-06,aggravated-assault,323
MN0271100,Minneapolis PD,2022-06,aggravated-assault,301
MN0271100,Minneapolis PD,2023-06,aggravated-assault,265
MN0271100,Minneapolis PD,2024-06,aggravated-assault,294
MN0271100,Minneapolis PD,2010-07,aggravated-assault,0
MN0271100,Minneapolis PD,2011-07,aggravated-assault,0
MN0271100,Minneapolis PD,2012-07,aggravated-assault,0
MN0271100,Minneapolis PD,2013-07,aggravated-assault,196
MN0271100,Minneapolis PD,2014-07,aggravated-assault,182
MN0271100,Minneapolis PD,2015-07,aggravated-assault,233
MN0271100,Minneapolis PD,2016-07,aggravated-assault,221
MN0271100,Minneapolis PD,2017-07,aggravated-assault,211
MN0271100,Minneapolis PD,2018-07,aggravated-assault,151
MN0271100,Minneapolis PD,2019-07,aggravated-assault,257
MN0271100,Minneapolis PD,2020-07,aggravated-assault,341
MN0271100,Minneapolis PD,2021-07,aggravated-assault,323
MN0271100,Minneapolis PD,2022-07,aggravated-assault,335
MN0271100,Minneapolis PD,2023-07,aggravated-assault,288
MN0271100,Minneapolis PD,2024-07,aggravated-assault,266
MN0271100,Minneapolis PD,2010-08,aggravated-assault,0
MN0271100,Minneapolis PD,2011-08,aggravated-assault,0
MN0271100,Minneapolis PD,2012-08,aggravated-assault,0
MN0271100,Minneapolis PD,2013-08,aggravated-assault,170
MN0271100,Minneapolis PD,2014-08,aggravated-assault,194
MN0271100,Minneapolis PD,2015-08,aggravated-assault,176
MN0271100,Minneapolis PD,2016-08,aggravated-assault,248
MN0271100,Minneapolis PD,2017-08,aggravated-assault,241
MN0271100,Minneapolis PD,2018-08,aggravated-assault,137
MN0271100,Minneapolis PD,2019-08,aggravated-assault,226
MN0271100,Minneapolis PD,2020-08,aggravated-assault,300
MN0271100,Minneapolis PD,2021-08,aggravated-assault,286
MN0271100,Minneapolis PD,2022-08,aggravated-assault,284
MN0271100,Minneapolis PD,2023-08,aggravated-assault,250
MN0271100,Minneapolis PD,2024-08,aggravated-assault,247
MN0271100,Minneapolis PD,2010-09,aggravated-assault,0
MN0271100,Minneapolis PD,2011-09,aggravated-assault,0
MN0271100,Minneapolis PD,2012-09,aggravated-assault,0
MN0271100,Minneapolis PD,2013-09,aggravated-assault,195
MN0271100,Minneapolis PD,2014-09,aggravated-assault,136
MN0271100,Minneapolis PD,2015-09,aggravated-assault,207
MN0271100,Minneapolis PD,2016-09,aggravated-assault,162
MN0271100,Minneapolis PD,2017-09,aggravated-assault,197
MN0271100,Minneapolis PD,2018-09,aggravated-assault,171
MN0271100,Minneapolis PD,2019-09,aggravated-assault,194
MN0271100,Minneapolis PD,2020-09,aggravated-assault,261
MN0271100,Minneapolis PD,2021-09,aggravated-assault,276
MN0271100,Minneapolis PD,2022-09,aggravated-assault,263
MN0271100,Minneapolis PD,2023-09,aggravated-assault,240
MN0271100,Minneapolis PD,2024-09,aggravated-assault,296
MN0271100,Minneapolis PD,2010-10,aggravated-assault,0
MN0271100,Minneapolis PD,2011-10,aggravated-assault,0
MN0271100,Minneapolis PD,2012-10,aggravated-assault,0
MN0271100,Minneapolis PD,2013-10,aggravated-assault,164
MN0271100,Minneapolis PD,2014-10,aggravated-assault,179
MN0271100,Minneapolis PD,2015-10,aggravated-assault,164
MN0271100,Minneapolis PD,2016-10,aggravated-assault,210
MN0271100,Minneapolis PD,2017-10,aggravated-assault,169
MN0271100,Minneapolis PD,2018-10,aggravated-assault,129
MN0271100,Minneapolis PD,2019-10,aggravated-assault,177
MN0271100,Minneapolis PD,2020-10,aggravated-assault,267
MN0271100,Minneapolis PD,2021-10,aggravated-assault,303
MN0271100,Minneapolis PD,2022-10,aggravated-assault,268
MN0271100,Minneapolis PD,2023-10,aggravated-assault,235
MN0271100,Minneapolis PD,2024-10,aggravated-assault,234
MN0271100,Minneapolis PD,2010-11,aggravated-assault,0
MN0271100,Minneapolis PD,2011-11,aggravated-assault,0
MN0271100,Minneapolis PD,2012-11,aggravated-assault,0
MN0271100,Minneapolis PD,2013-11,aggravated-assault,135
MN0271100,Minneapolis PD,2014-11,aggravated-assault,117
MN0271100,Minneapolis PD,2015-11,aggravated-assault,174
MN0271100,Minneapolis PD,2016-11,aggravated-assault,175
MN0271100,Minneapolis PD,2017-11,aggravated-assault,200
MN0271100,Minneapolis PD,2018-11,aggravated-assault,114
MN0271100,Minneapolis PD,2019-11,aggravated-assault,165
MN0271100,Minneapolis PD,2020-11,aggravated-assault,237
MN0271100,Minneapolis PD,2021-11,aggravated-assault,255
MN0271100,Minneapolis PD,2022-11,aggravated-assault,218
MN0271100,Minneapolis PD,2023-11,aggravated-assault,266
MN0271100,Minneapolis PD,2024-11,aggravated-assault,236
MN0271100,Minneapolis PD,2010-12,aggravated-assault,990
MN0271100,Minneapolis PD,2011-12,aggravated-assault,846
MN0271100,Minneapolis PD,2012-12,aggravated-assault,1711
MN0271100,Minneapolis PD,2013-12,aggravated-assault,111
MN0271100,Minneapolis PD,2014-12,aggravated-assault,128
MN0271100,Minneapolis PD,2015-12,aggravated-assault,130
MN0271100,Minneapolis PD,2016-12,aggravated-assault,180
MN0271100,Minneapolis PD,2017-12,aggravated-assault,129
MN0271100,Minneapolis PD,2018-12,aggravated-assault,139
MN0271100,Minneapolis PD,2019-12,aggravated-assault,153
MN0271100,Minneapolis PD,2020-12,aggravated-assault,179
MN0271100,Minneapolis PD,2021-12,aggravated-assault,185
MN0271100,Minneapolis PD,2022-12,aggravated-assault,175
MN0271100,Minneapolis PD,2023-12,aggravated-assault,246
MN0271100,Minneapolis PD,2024-12,aggravated-assault,202
MN0271100,Minneapolis PD,2010-01,robbery,0
MN0271100,Minneapolis PD,2011-01,robbery,0
MN0271100,Minneapolis PD,2012-01,robbery,0
MN0271100,Minneapolis PD,2013-01,robbery,137
MN0271100,Minneapolis PD,2014-01,robbery,133
MN0271100,Minneapolis PD,2015-01,robbery,148
MN0271100,Minneapolis PD,2016-01,robbery,138
MN0271100,Minneapolis PD,2017-01,robbery,139
MN0271100,Minneapolis PD,2018-01,robbery,94
MN0271100,Minneapolis PD,2019-01,robbery,67
MN0271100,Minneapolis PD,2020-01,robbery,103
MN0271100,Minneapolis PD,2021-01,robbery,174
MN0271100,Minneapolis PD,2022-01,robbery,145
MN0271100,Minneapolis PD,2023-01,robbery,104
MN0271100,Minneapolis PD,2024-01,robbery,125
MN0271100,Minneapolis PD,2010-02,robbery,0
MN0271100,Minneapolis PD,2011-02,robbery,0
MN0271100,Minneapolis PD,2012-02,robbery,0
MN0271100,Minneapolis PD,2013-02,robbery,128
MN0271100,Minneapolis PD,2014-02,robbery,92
MN0271100,Minneapolis PD,2015-02,robbery,84
MN0271100,Minneapolis PD,2016-02,robbery,102
MN0271100,Minneapolis PD,2017-02,robbery,128
MN0271100,Minneapolis PD,2018-02,robbery,95
MN0271100,Minneapolis PD,2019-02,robbery,52
MN0271100,Minneapolis PD,2020-02,robbery,82
MN0271100,Minneapolis PD,2021-02,robbery,102
MN0271100,Minneapolis PD,2022-02,robbery,121
MN0271100,Minneapolis PD,2023-02,robbery,72
MN0271100,Minneapolis PD,2024-02,robbery,148
MN0271100,Minneapolis PD,2010-03,robbery,0
MN0271100,Minneapolis PD,2011-03,robbery,0
MN0271100,Minneapolis PD,2012-03,robbery,0
MN0271100,Minneapolis PD,2013-03,robbery,90
MN0271100,Minneapolis PD,2014-03,robbery,152
MN0271100,Minneapolis PD,2015-03,robbery,122
MN0271100,Minneapolis PD,2016-03,robbery,152
MN0271100,Minneapolis PD,2017-03,robbery,125
MN0271100,Minneapolis PD,2018-03,robbery,92
MN0271100,Minneapolis PD,2019-03,robbery,63
MN0271100,Minneapolis PD,2020-03,robbery,131
MN0271100,Minneapolis PD,2021-03,robbery,93
MN0271100,Minneapolis PD,2022-03,robbery,117
MN0271100,Minneapolis PD,2023-03,robbery,82
MN0271100,Minneapolis PD,2024-03,robbery,80
MN0271100,Minneapolis PD,2010-04,robbery,0
MN0271100,Minneapolis PD,2011-04,robbery,0
MN0271100,Minneapolis PD,2012-04,robbery,0
MN0271100,Minneapolis PD,2013-04,robbery,125
MN0271100,Minneapolis PD,2014-04,robbery,150
MN0271100,Minneapolis PD,2015-04,robbery,143
MN0271100,Minneapolis PD,2016-04,robbery,150
MN0271100,Minneapolis PD,2017-04,robbery,136
MN0271100,Minneapolis PD,2018-04,robbery,86
MN0271100,Minneapolis PD,2019-04,robbery,88
MN0271100,Minneapolis PD,2020-04,robbery,87
MN0271100,Minneapolis PD,2021-04,robbery,130
MN0271100,Minneapolis PD,2022-04,robbery,104
MN0271100,Minneapolis PD,2023-04,robbery,112
MN0271100,Minneapolis PD,2024-04,robbery,99
MN0271100,Minneapolis PD,2010-05,robbery,0
MN0271100,Minneapolis PD,2011-05,robbery,0
MN0271100,Minneapolis PD,2012-05,robbery,0
MN0271100,Minneapolis PD,2013-05,robbery,156
MN0271100,Minneapolis PD,2014-05,robbery,147
MN0271100,Minneapolis PD,2015-05,robbery,138
MN0271100,Minneapolis PD,2016-05,robbery,126
MN0271100,Minneapolis PD,2017-05,robbery,171
MN0271100,Minneapolis PD,2018-05,robbery,96
MN0271100,Minneapolis PD,2019-05,robbery,111
MN0271100,Minneapolis PD,2020-05,robbery,105
MN0271100,Minneapolis PD,2021-05,robbery,194
MN0271100,Minneapolis PD,2022-05,robbery,150
MN0271100,Minneapolis PD,2023-05,robbery,144
MN0271100,Minneapolis PD,2024-05,robbery,144
MN0271100,Minneapolis PD,2010-06,robbery,793
MN0271100,Minneapolis PD,2011-06,robbery,678
MN0271100,Minneapolis PD,2012-06,robbery,0
MN0271100,Minneapolis PD,2013-06,robbery,148
MN0271100,Minneapolis PD,2014-06,robbery,170
MN0271100,Minneapolis PD,2015-06,robbery,162
MN0271100,Minneapolis PD,2016-06,robbery,131
MN0271100,Minneapolis PD,2017-06,robbery,171
MN0271100,Minneapolis PD,2018-06,robbery,112
MN0271100,Minneapolis PD,2019-06,robbery,140
MN0271100,Minneapolis PD,2020-06,robbery,118
MN0271100,Minneapolis PD,2021-06,robbery,163
MN0271100,Minneapolis PD,2022-06,robbery,182
MN0271100,Minneapolis PD,2023-06,robbery,126
MN0271100,Minneapolis PD,2024-06,robbery,148
MN0271100,Minneapolis PD,2010-07,robbery,0
MN0271100,Minneapolis PD,2011-07,robbery,0
MN0271100,Minneapolis PD,2012-07,robbery,0
MN0271100,Minneapolis PD,2013-07,robbery,186
MN0271100,Minneapolis PD,2014-07,robbery,206
MN0271100,Minneapolis PD,2015-07,robbery,197
MN0271100,Minneapolis PD,2016-07,robbery,189
MN0271100,Minneapolis PD,2017-07,robbery,185
MN0271100,Minneapolis PD,2018-07,robbery,103
MN0271100,Minneapolis PD,2019-07,robbery,143
MN0271100,Minneapolis PD,2020-07,robbery,240
MN0271100,Minneapolis PD,2021-07,robbery,174
MN0271100,Minneapolis PD,2022-07,robbery,207
MN0271100,Minneapolis PD,2023-07,robbery,139
MN0271100,Minneapolis PD,2024-07,robbery,192
MN0271100,Minneapolis PD,2010-08,robbery,0
MN0271100,Minneapolis PD,2011-08,robbery,0
MN0271100,Minneapolis PD,2012-08,robbery,0
MN0271100,Minneapolis PD,2013-08,robbery,174
MN0271100,Minneapolis PD,2014-08,robbery,220
MN0271100,Minneapolis PD,2015-08,robbery,219
MN0271100,Minneapolis PD,2016-08,robbery,216
MN0271100,Minneapolis PD,2017-08,robbery,163
MN0271100,Minneapolis PD,2018-08,robbery,115
MN0271100,Minneapolis PD,2019-08,robbery,179
MN0271100,Minneapolis PD,2020-08,robbery,200
MN0271100,Minneapolis PD,2021-08,robbery,165
MN0271100,Minneapolis PD,2022-08,robbery,209
MN0271100,Minneapolis PD,2023-08,robbery,139
MN0271100,Minneapolis PD,2024-08,robbery,146
MN0271100,Minneapolis PD,2010-09,robbery,0
MN0271100,Minneapolis PD,2011-09,robbery,0
MN0271100,Minneapolis PD,2012-09,robbery,0
MN0271100,Minneapolis PD,2013-09,robbery,187
MN0271100,Minneapolis PD,2014-09,robbery,177
MN0271100,Minneapolis PD,2015-09,robbery,208
MN0271100,Minneapolis PD,2016-09,robbery,173
MN0271100,Minneapolis PD,2017-09,robbery,169
MN0271100,Minneapolis PD,2018-09,robbery,122
MN0271100,Minneapolis PD,2019-09,robbery,141
MN0271100,Minneapolis PD,2020-09,robbery,224
MN0271100,Minneapolis PD,2021-09,robbery,209
MN0271100,Minneapolis PD,2022-09,robbery,160
MN0271100,Minneapolis PD,2023-09,robbery,149
MN0271100,Minneapolis PD,2024-09,robbery,123
MN0271100,Minneapolis PD,2010-10,robbery,0
MN0271100,Minneapolis PD,2011-10,robbery,0
MN0271100,Minneapolis PD,2012-10,robbery,0
MN0271100,Minneapolis PD,2013-10,robbery,208
MN0271100,Minneapolis PD,2014-10,robbery,158
MN0271100,Minneapolis PD,2015-10,robbery,163
MN0271100,Minneapolis PD,2016-10,robbery,178
MN0271100,Minneapolis PD,2017-10,robbery,154
MN0271100,Minneapolis PD,2018-10,robbery,103
MN0271100,Minneapolis PD,2019-10,robbery,122
MN0271100,Minneapolis PD,2020-10,robbery,218
MN0271100,Minneapolis PD,2021-10,robbery,297
MN0271100,Minneapolis PD,2022-10,robbery,146
MN0271100,Minneapolis PD,2023-10,robbery,138
MN0271100,Minneapolis PD,2024-10,robbery,127
MN0271100,Minneapolis PD,2010-11,robbery,0
MN0271100,Minneapolis PD,2011-11,robbery,0
MN0271100,Minneapolis PD,2012-11,robbery,0
MN0271100,Minneapolis PD,2013-11,robbery,190
MN0271100,Minneapolis PD,2014-11,robbery,135
MN0271100,Minneapolis PD,2015-11,robbery,160
MN0271100,Minneapolis PD,2016-11,robbery,147
MN0271100,Minneapolis PD,2017-11,robbery,146
MN0271100,Minneapolis PD,2018-11,robbery,85
MN0271100,Minneapolis PD,2019-11,robbery,98
MN0271100,Minneapolis PD,2020-11,robbery,162
MN0271100,Minneapolis PD,2021-11,robbery,301
MN0271100,Minneapolis PD,2022-11,robbery,108
MN0271100,Minneapolis PD,2023-11,robbery,115
MN0271100,Minneapolis PD,2024-11,robbery,143
MN0271100,Minneapolis PD,2010-12,robbery,803
MN0271100,Minneapolis PD,2011-12,robbery,911
MN0271100,Minneapolis PD,2012-12,robbery,1719
MN0271100,Minneapolis PD,2013-12,robbery,127
MN0271100,Minneapolis PD,2014-12,robbery,131
MN0271100,Minneapolis PD,2015-12,robbery,152
MN0271100,Minneapolis PD,2016-12,robbery,142
MN0271100,Minneapolis PD,2017-12,robbery,132
MN0271100,Minneapolis PD,2018-12,robbery,81
MN0271100,Minneapolis PD,2019-12,robbery,90
MN0271100,Minneapolis PD,2020-12,robbery,114
MN0271100,Minneapolis PD,2021-12,robbery,215
MN0271100,Minneapolis PD,2022-12,robbery,124
MN0271100,Minneapolis PD,2023-12,robbery,117
MN0271100,Minneapolis PD,2024-12,robbery,100
MN0271100,Minneapolis PD,2010-01,homicide,0
MN0271100,Minneapolis PD,2011-01,homicide,0
MN0271100,Minneapolis PD,2012-01,homicide,0
MN0271100,Minneapolis PD,2013-01,homicide,1
MN0271100,Minneapolis PD,2014-01,homicide,2
MN0271100,Minneapolis PD,2015-01,homicide,1
MN0271100,Minneapolis PD,2016-01,homicide,2
MN0271100,Minneapolis PD,2017-01,homicide,5
MN0271100,Minneapolis PD,2018-01,homicide,4
MN0271100,Minneapolis PD,2019-01,homicide,2
MN0271100,Minneapolis PD,2020-01,homicide,3
MN0271100,Minneapolis PD,2021-01,homicide,4
MN0271100,Minneapolis PD,2022-01,homicide,3
MN0271100,Minneapolis PD,2023-01,homicide,5
MN0271100,Minneapolis PD,2024-01,homicide,4
MN0271100,Minneapolis PD,2010-02,homicide,0
MN0271100,Minneapolis PD,2011-02,homicide,0
MN0271100,Minneapolis PD,2012-02,homicide,0
MN0271100,Minneapolis PD,2013-02,homicide,0
MN0271100,Minneapolis PD,2014-02,homicide,2
MN0271100,Minneapolis PD,2015-02,homicide,0
MN0271100,Minneapolis PD,2016-02,homicide,0
MN0271100,Minneapolis PD,2017-02,homicide,0
MN0271100,Minneapolis PD,2018-02,homicide,2
MN0271100,Minneapolis PD,2019-02,homicide,2
MN0271100,Minneapolis PD,2020-02,homicide,5
MN0271100,Minneapolis PD,2021-02,homicide,7
MN0271100,Minneapolis PD,2022-02,homicide,7
MN0271100,Minneapolis PD,2023-02,homicide,6
MN0271100,Minneapolis PD,2024-02,homicide,6
MN0271100,Minneapolis PD,2010-03,homicide,0
MN0271100,Minneapolis PD,2011-03,homicide,0
MN0271100,Minneapolis PD,2012-03,homicide,0
MN0271100,Minneapolis PD,2013-03,homicide,5
MN0271100,Minneapolis PD,2014-03,homicide,3
MN0271100,Minneapolis PD,2015-03,homicide,2
MN0271100,Minneapolis PD,2016-03,homicide,0
MN0271100,Minneapolis PD,2017-03,homicide,0
MN0271100,Minneapolis PD,2018-03,homicide,2
MN0271100,Minneapolis PD,2019-03,homicide,2
MN0271100,Minneapolis PD,2020-03,homicide,2
MN0271100,Minneapolis PD,2021-03,homicide,7
MN0271100,Minneapolis PD,2022-03,homicide,6
MN0271100,Minneapolis PD,2023-03,homicide,2
MN0271100,Minneapolis PD,2024-03,homicide,3
MN0271100,Minneapolis PD,2010-04,homicide,0
MN0271100,Minneapolis PD,2011-04,homicide,0
MN0271100,Minneapolis PD,2012-04,homicide,0
MN0271100,Minneapolis PD,2013-04,homicide,2
MN0271100,Minneapolis PD,2014-04,homicide,3
MN0271100,Minneapolis PD,2015-04,homicide,4
MN0271100,Minneapolis PD,2016-04,homicide,1
MN0271100,Minneapolis PD,2017-04,homicide,1
MN0271100,Minneapolis PD,2018-04,homicide,2
MN0271100,Minneapolis PD,2019-04,homicide,0
MN0271100,Minneapolis PD,2020-04,homicide,2
MN0271100,Minneapolis PD,2021-04,homicide,8
MN0271100,Minneapolis PD,2022-04,homicide,14
MN0271100,Minneapolis PD,2023-04,homicide,5
MN0271100,Minneapolis PD,2024-04,homicide,6
MN0271100,Minneapolis PD,2010-05,homicide,0
MN0271100,Minneapolis PD,2011-05,homicide,0
MN0271100,Minneapolis PD,2012-05,homicide,0
MN0271100,Minneapolis PD,2013-05,homicide,2
MN0271100,Minneapolis PD,2014-05,homicide,1
MN0271100,Minneapolis PD,2015-05,homicide,6
MN0271100,Minneapolis PD,2016-05,homicide,4
MN0271100,Minneapolis PD,2017-05,homicide,4
MN0271100,Minneapolis PD,2018-05,homicide,1
MN0271100,Minneapolis PD,2019-05,homicide,5
MN0271100,Minneapolis PD,2020-05,homicide,7
MN0271100,Minneapolis PD,2021-05,homicide,10
MN0271100,Minneapolis PD,2022-05,homicide,5
MN0271100,Minneapolis PD,2023-05,homicide,6
MN0271100,Minneapolis PD,2024-05,homicide,10
MN0271100,Minneapolis PD,2010-06,homicide,23
MN0271100,Minneapolis PD,2011-06,homicide,13
MN0271100,Minneapolis PD,2012-06,homicide,0
MN0271100,Minneapolis PD,2013-06,homicide,3
MN0271100,Minneapolis PD,2014-06,homicide,4
MN0271100,Minneapolis PD,2015-06,homicide,7
MN0271100,Minneapolis PD,2016-06,homicide,3
MN0271100,Minneapolis PD,2017-06,homicide,8
MN0271100,Minneapolis PD,2018-06,homicide,3
MN0271100,Minneapolis PD,2019-06,homicide,4
MN0271100,Minneapolis PD,2020-06,homicide,11
MN0271100,Minneapolis PD,2021-06,homicide,11
MN0271100,Minneapolis PD,2022-06,homicide,8
MN0271100,Minneapolis PD,2023-06,homicide,5
MN0271100,Minneapolis PD,2024-06,homicide,4
MN0271100,Minneapolis PD,2010-07,homicide,0
MN0271100,Minneapolis PD,2011-07,homicide,0
MN0271100,Minneapolis PD,2012-07,homicide,0
MN0271100,Minneapolis PD,2013-07,homicide,5
MN0271100,Minneapolis PD,2014-07,homicide,4
MN0271100,Minneapolis PD,2015-07,homicide,7
MN0271100,Minneapolis PD,2016-07,homicide,5
MN0271100,Minneapolis PD,2017-07,homicide,4
MN0271100,Minneapolis PD,2018-07,homicide,5
MN0271100,Minneapolis PD,2019-07,homicide,6
MN0271100,Minneapolis PD,2020-07,homicide,14
MN0271100,Minneapolis PD,2021-07,homicide,8
MN0271100,Minneapolis PD,2022-07,homicide,8
MN0271100,Minneapolis PD,2023-07,homicide,6
MN0271100,Minneapolis PD,2024-07,homicide,11
MN0271100,Minneapolis PD,2010-08,homicide,0
MN0271100,Minneapolis PD,2011-08,homicide,0
MN0271100,Minneapolis PD,2012-08,homicide,0
MN0271100,Minneapolis PD,2013-08,homicide,7
MN0271100,Minneapolis PD,2014-08,homicide,4
MN0271100,Minneapolis PD,2015-08,homicide,0
MN0271100,Minneapolis PD,2016-08,homicide,6
MN0271100,Minneapolis PD,2017-08,homicide,4
MN0271100,Minneapolis PD,2018-08,homicide,1
MN0271100,Minneapolis PD,2019-08,homicide,5
MN0271100,Minneapolis PD,2020-08,homicide,14
MN0271100,Minneapolis PD,2021-08,homicide,10
MN0271100,Minneapolis PD,2022-08,homicide,9
MN0271100,Minneapolis PD,2023-08,homicide,6
MN0271100,Minneapolis PD,2024-08,homicide,7
MN0271100,Minneapolis PD,2010-09,homicide,0
MN0271100,Minneapolis PD,2011-09,homicide,0
MN0271100,Minneapolis PD,2012-09,homicide,0
MN0271100,Minneapolis PD,2013-09,homicide,1
MN0271100,Minneapolis PD,2014-09,homicide,3
MN0271100,Minneapolis PD,2015-09,homicide,5
MN0271100,Minneapolis PD,2016-09,homicide,4
MN0271100,Minneapolis PD,2017-09,homicide,7
MN0271100,Minneapolis PD,2018-09,homicide,6
MN0271100,Minneapolis PD,2019-09,homicide,6
MN0271100,Minneapolis PD,2020-09,homicide,4
MN0271100,Minneapolis PD,2021-09,homicide,11
MN0271100,Minneapolis PD,2022-09,homicide,7
MN0271100,Minneapolis PD,2023-09,homicide,4
MN0271100,Minneapolis PD,2024-09,homicide,9
MN0271100,Minneapolis PD,2010-10,homicide,0
MN0271100,Minneapolis PD,2011-10,homicide,0
MN0271100,Minneapolis PD,2012-10,homicide,0
MN0271100,Minneapolis PD,2013-10,homicide,5
MN0271100,Minneapolis PD,2014-10,homicide,2
MN0271100,Minneapolis PD,2015-10,homicide,6
MN0271100,Minneapolis PD,2016-10,homicide,6
MN0271100,Minneapolis PD,2017-10,homicide,4
MN0271100,Minneapolis PD,2018-10,homicide,1
MN0271100,Minneapolis PD,2019-10,homicide,4
MN0271100,Minneapolis PD,2020-10,homicide,8
MN0271100,Minneapolis PD,2021-10,homicide,5
MN0271100,Minneapolis PD,2022-10,homicide,4
MN0271100,Minneapolis PD,2023-10,homicide,4
MN0271100,Minneapolis PD,2024-10,homicide,6
MN0271100,Minneapolis PD,2010-11,homicide,0
MN0271100,Minneapolis PD,2011-11,homicide,0
MN0271100,Minneapolis PD,2012-11,homicide,0
MN0271100,Minneapolis PD,2013-11,homicide,3
MN0271100,Minneapolis PD,2014-11,homicide,1
MN0271100,Minneapolis PD,2015-11,homicide,6
MN0271100,Minneapolis PD,2016-11,homicide,3
MN0271100,Minneapolis PD,2017-11,homicide,4
MN0271100,Minneapolis PD,2018-11,homicide,3
MN0271100,Minneapolis PD,2019-11,homicide,4
MN0271100,Minneapolis PD,2020-11,homicide,9
MN0271100,Minneapolis PD,2021-11,homicide,7
MN0271100,Minneapolis PD,2022-11,homicide,2
MN0271100,Minneapolis PD,2023-11,homicide,10
MN0271100,Minneapolis PD,2024-11,homicide,6
MN0271100,Minneapolis PD,2010-12,homicide,14
MN0271100,Minneapolis PD,2011-12,homicide,19
MN0271100,Minneapolis PD,2012-12,homicide,39
MN0271100,Minneapolis PD,2013-12,homicide,2
MN0271100,Minneapolis PD,2014-12,homicide,2
MN0271100,Minneapolis PD,2015-12,homicide,3
MN0271100,Minneapolis PD,2016-12,homicide,1
MN0271100,Minneapolis PD,2017-12,homicide,1
MN0271100,Minneapolis PD,2018-12,homicide,1
MN0271100,Minneapolis PD,2019-12,homicide,7
MN0271100,Minneapolis PD,2020-12,homicide,4
MN0271100,Minneapolis PD,2021-12,homicide,6
MN0271100,Minneapolis PD,2022-12,homicide,6
MN0271100,Minneapolis PD,2023-12,homicide,13
MN0271100,Minneapolis PD,2024-12,homicide,5
WIMPD0000,Milwaukee PD,2010-01,aggravated-assault,233
WIMPD0000,Milwaukee PD,2011-01,aggravated-assault,219
WIMPD0000,Milwaukee PD,2012-01,aggravated-assault,248
WIMPD0000,Milwaukee PD,2013-01,aggravated-assault,297
WIMPD0000,Milwaukee PD,2014-01,aggravated-assault,279
WIMPD0000,Milwaukee PD,2015-01,aggravated-assault,345
WIMPD0000,Milwaukee PD,2016-01,aggravated-assault,368
WIMPD0000,Milwaukee PD,2017-01,aggravated-assault,457
WIMPD0000,Milwaukee PD,2018-01,aggravated-assault,460
WIMPD0000,Milwaukee PD,2019-01,aggravated-assault,349
WIMPD0000,Milwaukee PD,2020-01,aggravated-assault,436
WIMPD0000,Milwaukee PD,2021-01,aggravated-assault,553
WIMPD0000,Milwaukee PD,2022-01,aggravated-assault,460
WIMPD0000,Milwaukee PD,2023-01,aggravated-assault,454
WIMPD0000,Milwaukee PD,2024-01,aggravated-assault,451
WIMPD0000,Milwaukee PD,2010-02,aggravated-assault,191
WIMPD0000,Milwaukee PD,2011-02,aggravated-assault,183
WIMPD0000,Milwaukee PD,2012-02,aggravated-assault,239
WIMPD0000,Milwaukee PD,2013-02,aggravated-assault,237
WIMPD0000,Milwaukee PD,2014-02,aggravated-assault,269
WIMPD0000,Milwaukee PD,2015-02,aggravated-assault,250
WIMPD0000,Milwaukee PD,2016-02,aggravated-assault,365
WIMPD0000,Milwaukee PD,2017-02,aggravated-assault,410
WIMPD0000,Milwaukee PD,2018-02,aggravated-assault,385
WIMPD0000,Milwaukee PD,2019-02,aggravated-assault,304
WIMPD0000,Milwaukee PD,2020-02,aggravated-assault,407
WIMPD0000,Milwaukee PD,2021-02,aggravated-assault,455
WIMPD0000,Milwaukee PD,2022-02,aggravated-assault,420
WIMPD0000,Milwaukee PD,2023-02,aggravated-assault,406
WIMPD0000,Milwaukee PD,2024-02,aggravated-assault,440
WIMPD0000,Milwaukee PD,2010-03,aggravated-assault,226
WIMPD0000,Milwaukee PD,2011-03,aggravated-assault,230
WIMPD0000,Milwaukee PD,2012-03,aggravated-assault,354
WIMPD0000,Milwaukee PD,2013-03,aggravated-assault,337
WIMPD0000,Milwaukee PD,2014-03,aggravated-assault,326
WIMPD0000,Milwaukee PD,2015-03,aggravated-assault,362
WIMPD0000,Milwaukee PD,2016-03,aggravated-assault,469
WIMPD0000,Milwaukee PD,2017-03,aggravated-assault,426
WIMPD0000,Milwaukee PD,2018-03,aggravated-assault,490
WIMPD0000,Milwaukee PD,2019-03,aggravated-assault,427
WIMPD0000,Milwaukee PD,2020-03,aggravated-assault,460
WIMPD0000,Milwaukee PD,2021-03,aggravated-assault,536
WIMPD0000,Milwaukee PD,2022-03,aggravated-assault,555
WIMPD0000,Milwaukee PD,2023-03,aggravated-assault,530
WIMPD0000,Milwaukee PD,2024-03,aggravated-assault,444
WIMPD0000,Milwaukee PD,2010-04,aggravated-assault,277
WIMPD0000,Milwaukee PD,2011-04,aggravated-assault,279
WIMPD0000,Milwaukee PD,2012-04,aggravated-assault,344
WIMPD0000,Milwaukee PD,2013-04,aggravated-assault,340
WIMPD0000,Milwaukee PD,2014-04,aggravated-assault,394
WIMPD0000,Milwaukee PD,2015-04,aggravated-assault,435
WIMPD0000,Milwaukee PD,2016-04,aggravated-assault,416
WIMPD0000,Milwaukee PD,2017-04,aggravated-assault,473
WIMPD0000,Milwaukee PD,2018-04,aggravated-assault,460
WIMPD0000,Milwaukee PD,2019-04,aggravated-assault,413
WIMPD0000,Milwaukee PD,2020-04,aggravated-assault,435
WIMPD0000,Milwaukee PD,2021-04,aggravated-assault,611
WIMPD0000,Milwaukee PD,2022-04,aggravated-assault,544
WIMPD0000,Milwaukee PD,2023-04,aggravated-assault,557
WIMPD0000,Milwaukee PD,2024-04,aggravated-assault,463
WIMPD0000,Milwaukee PD,2010-05,aggravated-assault,332
WIMPD0000,Milwaukee PD,2011-05,aggravated-assault,294
WIMPD0000,Milwaukee PD,2012-05,aggravated-assault,474
WIMPD0000,Milwaukee PD,2013-05,aggravated-assault,448
WIMPD0000,Milwaukee PD,2014-05,aggravated-assault,453
WIMPD0000,Milwaukee PD,2015-05,aggravated-assault,485
WIMPD0000,Milwaukee PD,2016-05,aggravated-assault,471
WIMPD0000,Milwaukee PD,2017-05,aggravated-assault,587
WIMPD0000,Milwaukee PD,2018-05,aggravated-assault,513
WIMPD0000,Milwaukee PD,2019-05,aggravated-assault,500
WIMPD0000,Milwaukee PD,2020-05,aggravated-assault,597
WIMPD0000,Milwaukee PD,2021-05,aggravated-assault,710
WIMPD0000,Milwaukee PD,2022-05,aggravated-assault,647
WIMPD0000,Milwaukee PD,2023-05,aggravated-assault,590
WIMPD0000,Milwaukee PD,2024-05,aggravated-assault,541
WIMPD0000,Milwaukee PD,2010-06,aggravated-assault,296
WIMPD0000,Milwaukee PD,2011-06,aggravated-assault,363
WIMPD0000,Milwaukee PD,2012-06,aggravated-assault,523
WIMPD0000,Milwaukee PD,2013-06,aggravated-assault,464
WIMPD0000,Milwaukee PD,2014-06,aggravated-assault,456
WIMPD0000,Milwaukee PD,2015-06,aggravated-assault,489
WIMPD0000,Milwaukee PD,2016-06,aggravated-assault,544
WIMPD0000,Milwaukee PD,2017-06,aggravated-assault,572
WIMPD0000,Milwaukee PD,2018-06,aggravated-assault,470
WIMPD0000,Milwaukee PD,2019-06,aggravated-assault,509
WIMPD0000,Milwaukee PD,2020-06,aggravated-assault,756
WIMPD0000,Milwaukee PD,2021-06,aggravated-assault,707
WIMPD0000,Milwaukee PD,2022-06,aggravated-assault,551
WIMPD0000,Milwaukee PD,2023-06,aggravated-assault,579
WIMPD0000,Milwaukee PD,2024-06,aggravated-assault,527
WIMPD0000,Milwaukee PD,2010-07,aggravated-assault,325
WIMPD0000,Milwaukee PD,2011-07,aggravated-assault,359
WIMPD0000,Milwaukee PD,2012-07,aggravated-assault,503
WIMPD0000,Milwaukee PD,2013-07,aggravated-assault,503
WIMPD0000,Milwaukee PD,2014-07,aggravated-assault,470
WIMPD0000,Milwaukee PD,2015-07,aggravated-assault,604
WIMPD0000,Milwaukee PD,2016-07,aggravated-assault,549
WIMPD0000,Milwaukee PD,2017-07,aggravated-assault,654
WIMPD0000,Milwaukee PD,2018-07,aggravated-assault,581
WIMPD0000,Milwaukee PD,2019-07,aggravated-assault,591
WIMPD0000,Milwaukee PD,2020-07,aggravated-assault,748
WIMPD0000,Milwaukee PD,2021-07,aggravated-assault,666
WIMPD0000,Milwaukee PD,2022-07,aggravated-assault,633
WIMPD0000,Milwaukee PD,2023-07,aggravated-assault,561
WIMPD0000,Milwaukee PD,2024-07,aggravated-assault,614
WIMPD0000,Milwaukee PD,2010-08,aggravated-assault,301
WIMPD0000,Milwaukee PD,2011-08,aggravated-assault,354
WIMPD0000,Milwaukee PD,2012-08,aggravated-assault,454
WIMPD0000,Milwaukee PD,2013-08,aggravated-assault,440
WIMPD0000,Milwaukee PD,2014-08,aggravated-assault,548
WIMPD0000,Milwaukee PD,2015-08,aggravated-assault,542
WIMPD0000,Milwaukee PD,2016-08,aggravated-assault,457
WIMPD0000,Milwaukee PD,2017-08,aggravated-assault,568
WIMPD0000,Milwaukee PD,2018-08,aggravated-assault,493
WIMPD0000,Milwaukee PD,2019-08,aggravated-assault,517
WIMPD0000,Milwaukee PD,2020-08,aggravated-assault,671
WIMPD0000,Milwaukee PD,2021-08,aggravated-assault,727
WIMPD0000,Milwaukee PD,2022-08,aggravated-assault,542
WIMPD0000,Milwaukee PD,2023-08,aggravated-assault,514
WIMPD0000,Milwaukee PD,2024-08,aggravated-assault,584
WIMPD0000,Milwaukee PD,2010-09,aggravated-assault,275
WIMPD0000,Milwaukee PD,2011-09,aggravated-assault,235
WIMPD0000,Milwaukee PD,2012-09,aggravated-assault,379
WIMPD0000,Milwaukee PD,2013-09,aggravated-assault,408
WIMPD0000,Milwaukee PD,2014-09,aggravated-assault,473
WIMPD0000,Milwaukee PD,2015-09,aggravated-assault,462
WIMPD0000,Milwaukee PD,2016-09,aggravated-assault,439
WIMPD0000,Milwaukee PD,2017-09,aggravated-assault,519
WIMPD0000,Milwaukee PD,2018-09,aggravated-assault,444
WIMPD0000,Milwaukee PD,2019-09,aggravated-assault,485
WIMPD0000,Milwaukee PD,2020-09,aggravated-assault,596
WIMPD0000,Milwaukee PD,2021-09,aggravated-assault,553
WIMPD0000,Milwaukee PD,2022-09,aggravated-assault,492
WIMPD0000,Milwaukee PD,2023-09,aggravated-assault,564
WIMPD0000,Milwaukee PD,2024-09,aggravated-assault,499
WIMPD0000,Milwaukee PD,2010-10,aggravated-assault,202
WIMPD0000,Milwaukee PD,2011-10,aggravated-assault,295
WIMPD0000,Milwaukee PD,2012-10,aggravated-assault,355
WIMPD0000,Milwaukee PD,2013-10,aggravated-assault,318
WIMPD0000,Milwaukee PD,2014-10,aggravated-assault,389
WIMPD0000,Milwaukee PD,2015-10,aggravated-assault,444
WIMPD0000,Milwaukee PD,2016-10,aggravated-assault,472
WIMPD0000,Milwaukee PD,2017-10,aggravated-assault,460
WIMPD0000,Milwaukee PD,2018-10,aggravated-assault,465
WIMPD0000,Milwaukee PD,2019-10,aggravated-assault,474
WIMPD0000,Milwaukee PD,2020-10,aggravated-assault,611
WIMPD0000,Milwaukee PD,2021-10,aggravated-assault,510
WIMPD0000,Milwaukee PD,2022-10,aggravated-assault,592
WIMPD0000,Milwaukee PD,2023-10,aggravated-assault,448
WIMPD0000,Milwaukee PD,2024-10,aggravated-assault,468
WIMPD0000,Milwaukee PD,2010-11,aggravated-assault,217
WIMPD0000,Milwaukee PD,2011-11,aggravated-assault,213
WIMPD0000,Milwaukee PD,2012-11,aggravated-assault,342
WIMPD0000,Milwaukee PD,2013-11,aggravated-assault,280
WIMPD0000,Milwaukee PD,2014-11,aggravated-assault,368
WIMPD0000,Milwaukee PD,2015-11,aggravated-assault,449
WIMPD0000,Milwaukee PD,2016-11,aggravated-assault,404
WIMPD0000,Milwaukee PD,2017-11,aggravated-assault,472
WIMPD0000,Milwaukee PD,2018-11,aggravated-assault,410
WIMPD0000,Milwaukee PD,2019-11,aggravated-assault,429
WIMPD0000,Milwaukee PD,2020-11,aggravated-assault,640
WIMPD0000,Milwaukee PD,2021-11,aggravated-assault,473
WIMPD0000,Milwaukee PD,2022-11,aggravated-assault,509
WIMPD0000,Milwaukee PD,2023-11,aggravated-assault,396
WIMPD0000,Milwaukee PD,2024-11,aggravated-assault,377
WIMPD0000,Milwaukee PD,2010-12,aggravated-assault,227
WIMPD0000,Milwaukee PD,2011-12,aggravated-assault,231
WIMPD0000,Milwaukee PD,2012-12,aggravated-assault,293
WIMPD0000,Milwaukee PD,2013-12,aggravated-assault,333
WIMPD0000,Milwaukee PD,2014-12,aggravated-assault,452
WIMPD0000,Milwaukee PD,2015-12,aggravated-assault,388
WIMPD0000,Milwaukee PD,2016-12,aggravated-assault,347
WIMPD0000,Milwaukee PD,2017-12,aggravated-assault,436
WIMPD0000,Milwaukee PD,2018-12,aggravated-assault,415
WIMPD0000,Milwaukee PD,2019-12,aggravated-assault,504
WIMPD0000,Milwaukee PD,2020-12,aggravated-assault,601
WIMPD0000,Milwaukee PD,2021-12,aggravated-assault,480
WIMPD0000,Milwaukee PD,2022-12,aggravated-assault,434
WIMPD0000,Milwaukee PD,2023-12,aggravated-assault,471
WIMPD0000,Milwaukee PD,2024-12,aggravated-assault,423
WIMPD0000,Milwaukee PD,2010-01,robbery,227
WIMPD0000,Milwaukee PD,2011-01,robbery,228
WIMPD0000,Milwaukee PD,2012-01,robbery,206
WIMPD0000,Milwaukee PD,2013-01,robbery,312
WIMPD0000,Milwaukee PD,2014-01,robbery,265
WIMPD0000,Milwaukee PD,2015-01,robbery,305
WIMPD0000,Milwaukee PD,2016-01,robbery,358
WIMPD0000,Milwaukee PD,2017-01,robbery,270
WIMPD0000,Milwaukee PD,2018-01,robbery,219
WIMPD0000,Milwaukee PD,2019-01,robbery,131
WIMPD0000,Milwaukee PD,2020-01,robbery,151
WIMPD0000,Milwaukee PD,2021-01,robbery,158
WIMPD0000,Milwaukee PD,2022-01,robbery,130
WIMPD0000,Milwaukee PD,2023-01,robbery,157
WIMPD0000,Milwaukee PD,2024-01,robbery,114
WIMPD0000,Milwaukee PD,2010-02,robbery,125
WIMPD0000,Milwaukee PD,2011-02,robbery,124
WIMPD0000,Milwaukee PD,2012-02,robbery,122
WIMPD0000,Milwaukee PD,2013-02,robbery,156
WIMPD0000,Milwaukee PD,2014-02,robbery,164
WIMPD0000,Milwaukee PD,2015-02,robbery,170
WIMPD0000,Milwaukee PD,2016-02,robbery,207
WIMPD0000,Milwaukee PD,2017-02,robbery,175
WIMPD0000,Milwaukee PD,2018-02,robbery,170
WIMPD0000,Milwaukee PD,2019-02,robbery,89
WIMPD0000,Milwaukee PD,2020-02,robbery,126
WIMPD0000,Milwaukee PD,2021-02,robbery,136
WIMPD0000,Milwaukee PD,2022-02,robbery,125
WIMPD0000,Milwaukee PD,2023-02,robbery,112
WIMPD0000,Milwaukee PD,2024-02,robbery,123
WIMPD0000,Milwaukee PD,2010-03,robbery,186
WIMPD0000,Milwaukee PD,2011-03,robbery,217
WIMPD0000,Milwaukee PD,2012-03,robbery,201
WIMPD0000,Milwaukee PD,2013-03,robbery,204
WIMPD0000,Milwaukee PD,2014-03,robbery,217
WIMPD0000,Milwaukee PD,2015-03,robbery,291
WIMPD0000,Milwaukee PD,2016-03,robbery,227
WIMPD0000,Milwaukee PD,2017-03,robbery,199
WIMPD0000,Milwaukee PD,2018-03,robbery,160
WIMPD0000,Milwaukee PD,2019-03,robbery,114
WIMPD0000,Milwaukee PD,2020-03,robbery,129
WIMPD0000,Milwaukee PD,2021-03,robbery,123
WIMPD0000,Milwaukee PD,2022-03,robbery,111
WIMPD0000,Milwaukee PD,2023-03,robbery,110
WIMPD0000,Milwaukee PD,2024-03,robbery,82
WIMPD0000,Milwaukee PD,2010-04,robbery,209
WIMPD0000,Milwaukee PD,2011-04,robbery,252
WIMPD0000,Milwaukee PD,2012-04,robbery,203
WIMPD0000,Milwaukee PD,2013-04,robbery,248
WIMPD0000,Milwaukee PD,2014-04,robbery,238
WIMPD0000,Milwaukee PD,2015-04,robbery,298
WIMPD0000,Milwaukee PD,2016-04,robbery,238
WIMPD0000,Milwaukee PD,2017-04,robbery,207
WIMPD0000,Milwaukee PD,2018-04,robbery,153
WIMPD0000,Milwaukee PD,2019-04,robbery,159
WIMPD0000,Milwaukee PD,2020-04,robbery,92
WIMPD0000,Milwaukee PD,2021-04,robbery,151
WIMPD0000,Milwaukee PD,2022-04,robbery,110
WIMPD0000,Milwaukee PD,2023-04,robbery,116
WIMPD0000,Milwaukee PD,2024-04,robbery,133
WIMPD0000,Milwaukee PD,2010-05,robbery,239
WIMPD0000,Milwaukee PD,2011-05,robbery,249
WIMPD0000,Milwaukee PD,2012-05,robbery,239
WIMPD0000,Milwaukee PD,2013-05,robbery,253
WIMPD0000,Milwaukee PD,2014-05,robbery,282
WIMPD0000,Milwaukee PD,2015-05,robbery,287
WIMPD0000,Milwaukee PD,2016-05,robbery,274
WIMPD0000,Milwaukee PD,2017-05,robbery,261
WIMPD0000,Milwaukee PD,2018-05,robbery,178
WIMPD0000,Milwaukee PD,2019-05,robbery,139
WIMPD0000,Milwaukee PD,2020-05,robbery,109
WIMPD0000,Milwaukee PD,2021-05,robbery,163
WIMPD0000,Milwaukee PD,2022-05,robbery,137
WIMPD0000,Milwaukee PD,2023-05,robbery,145
WIMPD0000,Milwaukee PD,2024-05,robbery,198
WIMPD0000,Milwaukee PD,2010-06,robbery,250
WIMPD0000,Milwaukee PD,2011-06,robbery,269
WIMPD0000,Milwaukee PD,2012-06,robbery,259
WIMPD0000,Milwaukee PD,2013-06,robbery,297
WIMPD0000,Milwaukee PD,2014-06,robbery,387
WIMPD0000,Milwaukee PD,2015-06,robbery,323
WIMPD0000,Milwaukee PD,2016-06,robbery,241
WIMPD0000,Milwaukee PD,2017-06,robbery,236
WIMPD0000,Milwaukee PD,2018-06,robbery,201
WIMPD0000,Milwaukee PD,2019-06,robbery,152
WIMPD0000,Milwaukee PD,2020-06,robbery,135
WIMPD0000,Milwaukee PD,2021-06,robbery,164
WIMPD0000,Milwaukee PD,2022-06,robbery,164
WIMPD0000,Milwaukee PD,2023-06,robbery,140
WIMPD0000,Milwaukee PD,2024-06,robbery,161
WIMPD0000,Milwaukee PD,2010-07,robbery,261
WIMPD0000,Milwaukee PD,2011-07,robbery,323
WIMPD0000,Milwaukee PD,2012-07,robbery,282
WIMPD0000,Milwaukee PD,2013-07,robbery,344
WIMPD0000,Milwaukee PD,2014-07,robbery,309
WIMPD0000,Milwaukee PD,2015-07,robbery,383
WIMPD0000,Milwaukee PD,2016-07,robbery,259
WIMPD0000,Milwaukee PD,2017-07,robbery,244
WIMPD0000,Milwaukee PD,2018-07,robbery,215
WIMPD0000,Milwaukee PD,2019-07,robbery,195
WIMPD0000,Milwaukee PD,2020-07,robbery,190
WIMPD0000,Milwaukee PD,2021-07,robbery,194
WIMPD0000,Milwaukee PD,2022-07,robbery,171
WIMPD0000,Milwaukee PD,2023-07,robbery,141
WIMPD0000,Milwaukee PD,2024-07,robbery,204
WIMPD0000,Milwaukee PD,2010-08,robbery,259
WIMPD0000,Milwaukee PD,2011-08,robbery,325
WIMPD0000,Milwaukee PD,2012-08,robbery,346
WIMPD0000,Milwaukee PD,2013-08,robbery,348
WIMPD0000,Milwaukee PD,2014-08,robbery,358
WIMPD0000,Milwaukee PD,2015-08,robbery,361
WIMPD0000,Milwaukee PD,2016-08,robbery,334
WIMPD0000,Milwaukee PD,2017-08,robbery,263
WIMPD0000,Milwaukee PD,2018-08,robbery,249
WIMPD0000,Milwaukee PD,2019-08,robbery,224
WIMPD0000,Milwaukee PD,2020-08,robbery,197
WIMPD0000,Milwaukee PD,2021-08,robbery,166
WIMPD0000,Milwaukee PD,2022-08,robbery,186
WIMPD0000,Milwaukee PD,2023-08,robbery,188
WIMPD0000,Milwaukee PD,2024-08,robbery,176
WIMPD0000,Milwaukee PD,2010-09,robbery,269
WIMPD0000,Milwaukee PD,2011-09,robbery,264
WIMPD0000,Milwaukee PD,2012-09,robbery,284
WIMPD0000,Milwaukee PD,2013-09,robbery,298
WIMPD0000,Milwaukee PD,2014-09,robbery,355
WIMPD0000,Milwaukee PD,2015-09,robbery,314
WIMPD0000,Milwaukee PD,2016-09,robbery,272
WIMPD0000,Milwaukee PD,2017-09,robbery,286
WIMPD0000,Milwaukee PD,2018-09,robbery,168
WIMPD0000,Milwaukee PD,2019-09,robbery,210
WIMPD0000,Milwaukee PD,2020-09,robbery,226
WIMPD0000,Milwaukee PD,2021-09,robbery,186
WIMPD0000,Milwaukee PD,2022-09,robbery,117
WIMPD0000,Milwaukee PD,2023-09,robbery,150
WIMPD0000,Milwaukee PD,2024-09,robbery,171
WIMPD0000,Milwaukee PD,2010-10,robbery,320
WIMPD0000,Milwaukee PD,2011-10,robbery,313
WIMPD0000,Milwaukee PD,2012-10,robbery,293
WIMPD0000,Milwaukee PD,2013-10,robbery,275
WIMPD0000,Milwaukee PD,2014-10,robbery,328
WIMPD0000,Milwaukee PD,2015-10,robbery,289
WIMPD0000,Milwaukee PD,2016-10,robbery,335
WIMPD0000,Milwaukee PD,2017-10,robbery,269
WIMPD0000,Milwaukee PD,2018-10,robbery,200
WIMPD0000,Milwaukee PD,2019-10,robbery,193
WIMPD0000,Milwaukee PD,2020-10,robbery,210
WIMPD0000,Milwaukee PD,2021-10,robbery,183
WIMPD0000,Milwaukee PD,2022-10,robbery,154
WIMPD0000,Milwaukee PD,2023-10,robbery,163
WIMPD0000,Milwaukee PD,2024-10,robbery,164
WIMPD0000,Milwaukee PD,2010-11,robbery,308
WIMPD0000,Milwaukee PD,2011-11,robbery,298
WIMPD0000,Milwaukee PD,2012-11,robbery,365
WIMPD0000,Milwaukee PD,2013-11,robbery,267
WIMPD0000,Milwaukee PD,2014-11,robbery,300
WIMPD0000,Milwaukee PD,2015-11,robbery,353
WIMPD0000,Milwaukee PD,2016-11,robbery,290
WIMPD0000,Milwaukee PD,2017-11,robbery,272
WIMPD0000,Milwaukee PD,2018-11,robbery,162
WIMPD0000,Milwaukee PD,2019-11,robbery,152
WIMPD0000,Milwaukee PD,2020-11,robbery,197
WIMPD0000,Milwaukee PD,2021-11,robbery,177
WIMPD0000,Milwaukee PD,2022-11,robbery,123
WIMPD0000,Milwaukee PD,2023-11,robbery,140
WIMPD0000,Milwaukee PD,2024-11,robbery,130
WIMPD0000,Milwaukee PD,2010-12,robbery,290
WIMPD0000,Milwaukee PD,2011-12,robbery,229
WIMPD0000,Milwaukee PD,2012-12,robbery,297
WIMPD0000,Milwaukee PD,2013-12,robbery,282
WIMPD0000,Milwaukee PD,2014-12,robbery,352
WIMPD0000,Milwaukee PD,2015-12,robbery,378
WIMPD0000,Milwaukee PD,2016-12,robbery,250
WIMPD0000,Milwaukee PD,2017-12,robbery,237
WIMPD0000,Milwaukee PD,2018-12,robbery,213
WIMPD0000,Milwaukee PD,2019-12,robbery,162
WIMPD0000,Milwaukee PD,2020-12,robbery,203
WIMPD0000,Milwaukee PD,2021-12,robbery,140
WIMPD0000,Milwaukee PD,2022-12,robbery,101
WIMPD0000,Milwaukee PD,2023-12,robbery,125
WIMPD0000,Milwaukee PD,2024-12,robbery,103
WIMPD0000,Milwaukee PD,2010-01,homicide,4
WIMPD0000,Milwaukee PD,2011-01,homicide,3
WIMPD0000,Milwaukee PD,2012-01,homicide,7
WIMPD0000,Milwaukee PD,2013-01,homicide,6
WIMPD0000,Milwaukee PD,2014-01,homicide,1
WIMPD0000,Milwaukee PD,2015-01,homicide,14
WIMPD0000,Milwaukee PD,2016-01,homicide,5
WIMPD0000,Milwaukee PD,2017-01,homicide,11
WIMPD0000,Milwaukee PD,2018-01,homicide,6
WIMPD0000,Milwaukee PD,2019-01,homicide,7
WIMPD0000,Milwaukee PD,2020-01,homicide,7
WIMPD0000,Milwaukee PD,2021-01,homicide,12
WIMPD0000,Milwaukee PD,2022-01,homicide,22
WIMPD0000,Milwaukee PD,2023-01,homicide,11
WIMPD0000,Milwaukee PD,2024-01,homicide,12
WIMPD0000,Milwaukee PD,2010-02,homicide,12
WIMPD0000,Milwaukee PD,2011-02,homicide,2
WIMPD0000,Milwaukee PD,2012-02,homicide,8
WIMPD0000,Milwaukee PD,2013-02,homicide,6
WIMPD0000,Milwaukee PD,2014-02,homicide,3
WIMPD0000,Milwaukee PD,2015-02,homicide,7
WIMPD0000,Milwaukee PD,2016-02,homicide,4
WIMPD0000,Milwaukee PD,2017-02,homicide,7
WIMPD0000,Milwaukee PD,2018-02,homicide,6
WIMPD0000,Milwaukee PD,2019-02,homicide,6
WIMPD0000,Milwaukee PD,2020-02,homicide,19
WIMPD0000,Milwaukee PD,2021-02,homicide,5
WIMPD0000,Milwaukee PD,2022-02,homicide,11
WIMPD0000,Milwaukee PD,2023-02,homicide,12
WIMPD0000,Milwaukee PD,2024-02,homicide,7
WIMPD0000,Milwaukee PD,2010-03,homicide,2
WIMPD0000,Milwaukee PD,2011-03,homicide,8
WIMPD0000,Milwaukee PD,2012-03,homicide,4
WIMPD0000,Milwaukee PD,2013-03,homicide,5
WIMPD0000,Milwaukee PD,2014-03,homicide,7
WIMPD0000,Milwaukee PD,2015-03,homicide,9
WIMPD0000,Milwaukee PD,2016-03,homicide,14
WIMPD0000,Milwaukee PD,2017-03,homicide,8
WIMPD0000,Milwaukee PD,2018-03,homicide,10
WIMPD0000,Milwaukee PD,2019-03,homicide,4
WIMPD0000,Milwaukee PD,2020-03,homicide,9
WIMPD0000,Milwaukee PD,2021-03,homicide,10
WIMPD0000,Milwaukee PD,2022-03,homicide,17
WIMPD0000,Milwaukee PD,2023-03,homicide,18
WIMPD0000,Milwaukee PD,2024-03,homicide,5
WIMPD0000,Milwaukee PD,2010-04,homicide,5
WIMPD0000,Milwaukee PD,2011-04,homicide,11
WIMPD0000,Milwaukee PD,2012-04,homicide,9
WIMPD0000,Milwaukee PD,2013-04,homicide,7
WIMPD0000,Milwaukee PD,2014-04,homicide,6
WIMPD0000,Milwaukee PD,2015-04,homicide,17
WIMPD0000,Milwaukee PD,2016-04,homicide,13
WIMPD0000,Milwaukee PD,2017-04,homicide,5
WIMPD0000,Milwaukee PD,2018-04,homicide,9
WIMPD0000,Milwaukee PD,2019-04,homicide,6
WIMPD0000,Milwaukee PD,2020-04,homicide,17
WIMPD0000,Milwaukee PD,2021-04,homicide,20
WIMPD0000,Milwaukee PD,2022-04,homicide,13
WIMPD0000,Milwaukee PD,2023-04,homicide,5
WIMPD0000,Milwaukee PD,2024-04,homicide,8
WIMPD0000,Milwaukee PD,2010-05,homicide,11
WIMPD0000,Milwaukee PD,2011-05,homicide,11
WIMPD0000,Milwaukee PD,2012-05,homicide,4
WIMPD0000,Milwaukee PD,2013-05,homicide,4
WIMPD0000,Milwaukee PD,2014-05,homicide,11
WIMPD0000,Milwaukee PD,2015-05,homicide,14
WIMPD0000,Milwaukee PD,2016-05,homicide,6
WIMPD0000,Milwaukee PD,2017-05,homicide,9
WIMPD0000,Milwaukee PD,2018-05,homicide,15
WIMPD0000,Milwaukee PD,2019-05,homicide,6
WIMPD0000,Milwaukee PD,2020-05,homicide,11
WIMPD0000,Milwaukee PD,2021-05,homicide,21
WIMPD0000,Milwaukee PD,2022-05,homicide,19
WIMPD0000,Milwaukee PD,2023-05,homicide,11
WIMPD0000,Milwaukee PD,2024-05,homicide,15
WIMPD0000,Milwaukee PD,2010-06,homicide,4
WIMPD0000,Milwaukee PD,2011-06,homicide,5
WIMPD0000,Milwaukee PD,2012-06,homicide,4
WIMPD0000,Milwaukee PD,2013-06,homicide,9
WIMPD0000,Milwaukee PD,2014-06,homicide,8
WIMPD0000,Milwaukee PD,2015-06,homicide,12
WIMPD0000,Milwaukee PD,2016-06,homicide,13
WIMPD0000,Milwaukee PD,2017-06,homicide,15
WIMPD0000,Milwaukee PD,2018-06,homicide,7
WIMPD0000,Milwaukee PD,2019-06,homicide,14
WIMPD0000,Milwaukee PD,2020-06,homicide,19
WIMPD0000,Milwaukee PD,2021-06,homicide,15
WIMPD0000,Milwaukee PD,2022-06,homicide,22
WIMPD0000,Milwaukee PD,2023-06,homicide,19
WIMPD0000,Milwaukee PD,2024-06,homicide,17
WIMPD0000,Milwaukee PD,2010-07,homicide,12
WIMPD0000,Milwaukee PD,2011-07,homicide,10
WIMPD0000,Milwaukee PD,2012-07,homicide,10
WIMPD0000,Milwaukee PD,2013-07,homicide,9
WIMPD0000,Milwaukee PD,2014-07,homicide,9
WIMPD0000,Milwaukee PD,2015-07,homicide,21
WIMPD0000,Milwaukee PD,2016-07,homicide,15
WIMPD0000,Milwaukee PD,2017-07,homicide,13
WIMPD0000,Milwaukee PD,2018-07,homicide,7
WIMPD0000,Milwaukee PD,2019-07,homicide,8
WIMPD0000,Milwaukee PD,2020-07,homicide,18
WIMPD0000,Milwaukee PD,2021-07,homicide,19
WIMPD0000,Milwaukee PD,2022-07,homicide,25
WIMPD0000,Milwaukee PD,2023-07,homicide,19
WIMPD0000,Milwaukee PD,2024-07,homicide,20
WIMPD0000,Milwaukee PD,2010-08,homicide,11
WIMPD0000,Milwaukee PD,2011-08,homicide,8
WIMPD0000,Milwaukee PD,2012-08,homicide,11
WIMPD0000,Milwaukee PD,2013-08,homicide,21
WIMPD0000,Milwaukee PD,2014-08,homicide,14
WIMPD0000,Milwaukee PD,2015-08,homicide,10
WIMPD0000,Milwaukee PD,2016-08,homicide,23
WIMPD0000,Milwaukee PD,2017-08,homicide,14
WIMPD0000,Milwaukee PD,2018-08,homicide,16
WIMPD0000,Milwaukee PD,2019-08,homicide,11
WIMPD0000,Milwaukee PD,2020-08,homicide,22
WIMPD0000,Milwaukee PD,2021-08,homicide,21
WIMPD0000,Milwaukee PD,2022-08,homicide,19
WIMPD0000,Milwaukee PD,2023-08,homicide,19
WIMPD0000,Milwaukee PD,2024-08,homicide,11
WIMPD0000,Milwaukee PD,2010-09,homicide,9
WIMPD0000,Milwaukee PD,2011-09,homicide,8
WIMPD0000,Milwaukee PD,2012-09,homicide,6
WIMPD0000,Milwaukee PD,2013-09,homicide,14
WIMPD0000,Milwaukee PD,2014-09,homicide,4
WIMPD0000,Milwaukee PD,2015-09,homicide,9
WIMPD0000,Milwaukee PD,2016-09,homicide,5
WIMPD0000,Milwaukee PD,2017-09,homicide,12
WIMPD0000,Milwaukee PD,2018-09,homicide,7
WIMPD0000,Milwaukee PD,2019-09,homicide,7
WIMPD0000,Milwaukee PD,2020-09,homicide,20
WIMPD0000,Milwaukee PD,2021-09,homicide,22
WIMPD0000,Milwaukee PD,2022-09,homicide,18
WIMPD0000,Milwaukee PD,2023-09,homicide,18
WIMPD0000,Milwaukee PD,2024-09,homicide,9
WIMPD0000,Milwaukee PD,2010-10,homicide,10
WIMPD0000,Milwaukee PD,2011-10,homicide,6
WIMPD0000,Milwaukee PD,2012-10,homicide,9
WIMPD0000,Milwaukee PD,2013-10,homicide,8
WIMPD0000,Milwaukee PD,2014-10,homicide,8
WIMPD0000,Milwaukee PD,2015-10,homicide,14
WIMPD0000,Milwaukee PD,2016-10,homicide,22
WIMPD0000,Milwaukee PD,2017-10,homicide,5
WIMPD0000,Milwaukee PD,2018-10,homicide,7
WIMPD0000,Milwaukee PD,2019-10,homicide,13
WIMPD0000,Milwaukee PD,2020-10,homicide,20
WIMPD0000,Milwaukee PD,2021-10,homicide,19
WIMPD0000,Milwaukee PD,2022-10,homicide,15
WIMPD0000,Milwaukee PD,2023-10,homicide,16
WIMPD0000,Milwaukee PD,2024-10,homicide,12
WIMPD0000,Milwaukee PD,2010-11,homicide,11
WIMPD0000,Milwaukee PD,2011-11,homicide,10
WIMPD0000,Milwaukee PD,2012-11,homicide,12
WIMPD0000,Milwaukee PD,2013-11,homicide,9
WIMPD0000,Milwaukee PD,2014-11,homicide,4
WIMPD0000,Milwaukee PD,2015-11,homicide,11
WIMPD0000,Milwaukee PD,2016-11,homicide,7
WIMPD0000,Milwaukee PD,2017-11,homicide,10
WIMPD0000,Milwaukee PD,2018-11,homicide,4
WIMPD0000,Milwaukee PD,2019-11,homicide,9
WIMPD0000,Milwaukee PD,2020-11,homicide,20
WIMPD0000,Milwaukee PD,2021-11,homicide,17
WIMPD0000,Milwaukee PD,2022-11,homicide,14
WIMPD0000,Milwaukee PD,2023-11,homicide,10
WIMPD0000,Milwaukee PD,2024-11,homicide,11
WIMPD0000,Milwaukee PD,2010-12,homicide,4
WIMPD0000,Milwaukee PD,2011-12,homicide,4
WIMPD0000,Milwaukee PD,2012-12,homicide,9
WIMPD0000,Milwaukee PD,2013-12,homicide,6
WIMPD0000,Milwaukee PD,2014-12,homicide,11
WIMPD0000,Milwaukee PD,2015-12,homicide,8
WIMPD0000,Milwaukee PD,2016-12,homicide,14
WIMPD0000,Milwaukee PD,2017-12,homicide,10
WIMPD0000,Milwaukee PD,2018-12,homicide,6
WIMPD0000,Milwaukee PD,2019-12,homicide,6
WIMPD0000,Milwaukee PD,2020-12,homicide,10
WIMPD0000,Milwaukee PD,2021-12,homicide,13
WIMPD0000,Milwaukee PD,2022-12,homicide,19
WIMPD0000,Milwaukee PD,2023-12,homicide,16
WIMPD0000,Milwaukee PD,2024-12,homicide,10
KY0568000,Louisville Metro PD,2010-01,aggravated-assault,135
KY0568000,Louisville Metro PD,2011-01,aggravated-assault,160
KY0568000,Louisville Metro PD,2012-01,aggravated-assault,211
KY0568000,Louisville Metro PD,2013-01,aggravated-assault,166
KY0568000,Louisville Metro PD,2014-01,aggravated-assault,150
KY0568000,Louisville Metro PD,2015-01,aggravated-assault,208
KY0568000,Louisville Metro PD,2016-01,aggravated-assault,195
KY0568000,Louisville Metro PD,2017-01,aggravated-assault,217
KY0568000,Louisville Metro PD,2018-01,aggravated-assault,248
KY0568000,Louisville Metro PD,2019-01,aggravated-assault,222
KY0568000,Louisville Metro PD,2020-01,aggravated-assault,270
KY0568000,Louisville Metro PD,2021-01,aggravated-assault,445
KY0568000,Louisville Metro PD,2022-01,aggravated-assault,78
KY0568000,Louisville Metro PD,2023-01,aggravated-assault,291
KY0568000,Louisville Metro PD,2024-01,aggravated-assault,312
KY0568000,Louisville Metro PD,2010-02,aggravated-assault,105
KY0568000,Louisville Metro PD,2011-02,aggravated-assault,138
KY0568000,Louisville Metro PD,2012-02,aggravated-assault,163
KY0568000,Louisville Metro PD,2013-02,aggravated-assault,105
KY0568000,Louisville Metro PD,2014-02,aggravated-assault,145
KY0568000,Louisville Metro PD,2015-02,aggravated-assault,143
KY0568000,Louisville Metro PD,2016-02,aggravated-assault,190
KY0568000,Louisville Metro PD,2017-02,aggravated-assault,199
KY0568000,Louisville Metro PD,2018-02,aggravated-assault,180
KY0568000,Louisville Metro PD,2019-02,aggravated-assault,211
KY0568000,Louisville Metro PD,2020-02,aggravated-assault,197
KY0568000,Louisville Metro PD,2021-02,aggravated-assault,321
KY0568000,Louisville Metro PD,2022-02,aggravated-assault,86
KY0568000,Louisville Metro PD,2023-02,aggravated-assault,262
KY0568000,Louisville Metro PD,2024-02,aggravated-assault,242
KY0568000,Louisville Metro PD,2010-03,aggravated-assault,168
KY0568000,Louisville Metro PD,2011-03,aggravated-assault,159
KY0568000,Louisville Metro PD,2012-03,aggravated-assault,176
KY0568000,Louisville Metro PD,2013-03,aggravated-assault,162
KY0568000,Louisville Metro PD,2014-03,aggravated-assault,203
KY0568000,Louisville Metro PD,2015-03,aggravated-assault,194
KY0568000,Louisville Metro PD,2016-03,aggravated-assault,196
KY0568000,Louisville Metro PD,2017-03,aggravated-assault,234
KY0568000,Louisville Metro PD,2018-03,aggravated-assault,224
KY0568000,Louisville Metro PD,2019-03,aggravated-assault,218
KY0568000,Louisville Metro PD,2020-03,aggravated-assault,331
KY0568000,Louisville Metro PD,2021-03,aggravated-assault,459
KY0568000,Louisville Metro PD,2022-03,aggravated-assault,185
KY0568000,Louisville Metro PD,2023-03,aggravated-assault,336
KY0568000,Louisville Metro PD,2024-03,aggravated-assault,323
KY0568000,Louisville Metro PD,2010-04,aggravated-assault,154
KY0568000,Louisville Metro PD,2011-04,aggravated-assault,176
KY0568000,Louisville Metro PD,2012-04,aggravated-assault,218
KY0568000,Louisville Metro PD,2013-04,aggravated-assault,179
KY0568000,Louisville Metro PD,2014-04,aggravated-assault,213
KY0568000,Louisville Metro PD,2015-04,aggravated-assault,177
KY0568000,Louisville Metro PD,2016-04,aggravated-assault,256
KY0568000,Louisville Metro PD,2017-04,aggravated-assault,249
KY0568000,Louisville Metro PD,2018-04,aggravated-assault,216
KY0568000,Louisville Metro PD,2019-04,aggravated-assault,261
KY0568000,Louisville Metro PD,2020-04,aggravated-assault,348
KY0568000,Louisville Metro PD,2021-04,aggravated-assault,380
KY0568000,Louisville Metro PD,2022-04,aggravated-assault,334
KY0568000,Louisville Metro PD,2023-04,aggravated-assault,281
KY0568000,Louisville Metro PD,2024-04,aggravated-assault,316
KY0568000,Louisville Metro PD,2010-05,aggravated-assault,150
KY0568000,Louisville Metro PD,2011-05,aggravated-assault,205
KY0568000,Louisville Metro PD,2012-05,aggravated-assault,189
KY0568000,Louisville Metro PD,2013-05,aggravated-assault,184
KY0568000,Louisville Metro PD,2014-05,aggravated-assault,184
KY0568000,Louisville Metro PD,2015-05,aggravated-assault,240
KY0568000,Louisville Metro PD,2016-05,aggravated-assault,284
KY0568000,Louisville Metro PD,2017-05,aggravated-assault,253
KY0568000,Louisville Metro PD,2018-05,aggravated-assault,246
KY0568000,Louisville Metro PD,2019-05,aggravated-assault,316
KY0568000,Louisville Metro PD,2020-05,aggravated-assault,401
KY0568000,Louisville Metro PD,2021-05,aggravated-assault,476
KY0568000,Louisville Metro PD,2022-05,aggravated-assault,399
KY0568000,Louisville Metro PD,2023-05,aggravated-assault,337
KY0568000,Louisville Metro PD,2024-05,aggravated-assault,348
KY0568000,Louisville Metro PD,2010-06,aggravated-assault,164
KY0568000,Louisville Metro PD,2011-06,aggravated-assault,188
KY0568000,Louisville Metro PD,2012-06,aggravated-assault,201
KY0568000,Louisville Metro PD,2013-06,aggravated-assault,185
KY0568000,Louisville Metro PD,2014-06,aggravated-assault,217
KY0568000,Louisville Metro PD,2015-06,aggravated-assault,251
KY0568000,Louisville Metro PD,2016-06,aggravated-assault,251
KY0568000,Louisville Metro PD,2017-06,aggravated-assault,246
KY0568000,Louisville Metro PD,2018-06,aggravated-assault,231
KY0568000,Louisville Metro PD,2019-06,aggravated-assault,376
KY0568000,Louisville Metro PD,2020-06,aggravated-assault,540
KY0568000,Louisville Metro PD,2021-06,aggravated-assault,541
KY0568000,Louisville Metro PD,2022-06,aggravated-assault,341
KY0568000,Louisville Metro PD,2023-06,aggravated-assault,353
KY0568000,Louisville Metro PD,2024-06,aggravated-assault,350
KY0568000,Louisville Metro PD,2010-07,aggravated-assault,198
KY0568000,Louisville Metro PD,2011-07,aggravated-assault,209
KY0568000,Louisville Metro PD,2012-07,aggravated-assault,231
KY0568000,Louisville Metro PD,2013-07,aggravated-assault,193
KY0568000,Louisville Metro PD,2014-07,aggravated-assault,181
KY0568000,Louisville Metro PD,2015-07,aggravated-assault,228
KY0568000,Louisville Metro PD,2016-07,aggravated-assault,237
KY0568000,Louisville Metro PD,2017-07,aggravated-assault,250
KY0568000,Louisville Metro PD,2018-07,aggravated-assault,221
KY0568000,Louisville Metro PD,2019-07,aggravated-assault,320
KY0568000,Louisville Metro PD,2020-07,aggravated-assault,509
KY0568000,Louisville Metro PD,2021-07,aggravated-assault,464
KY0568000,Louisville Metro PD,2022-07,aggravated-assault,470
KY0568000,Louisville Metro PD,2023-07,aggravated-assault,353
KY0568000,Louisville Metro PD,2024-07,aggravated-assault,347
KY0568000,Louisville Metro PD,2010-08,aggravated-assault,170
KY0568000,Louisville Metro PD,2011-08,aggravated-assault,204
KY0568000,Louisville Metro PD,2012-08,aggravated-assault,218
KY0568000,Louisville Metro PD,2013-08,aggravated-assault,186
KY0568000,Louisville Metro PD,2014-08,aggravated-assault,209
KY0568000,Louisville Metro PD,2015-08,aggravated-assault,220
KY0568000,Louisville Metro PD,2016-08,aggravated-assault,231
KY0568000,Louisville Metro PD,2017-08,aggravated-assault,259
KY0568000,Louisville Metro PD,2018-08,aggravated-assault,231
KY0568000,Louisville Metro PD,2019-08,aggravated-assault,322
KY0568000,Louisville Metro PD,2020-08,aggravated-assault,503
KY0568000,Louisville Metro PD,2021-08,aggravated-assault,408
KY0568000,Louisville Metro PD,2022-08,aggravated-assault,341
KY0568000,Louisville Metro PD,2023-08,aggravated-assault,325
KY0568000,Louisville Metro PD,2024-08,aggravated-assault,335
KY0568000,Louisville Metro PD,2010-09,aggravated-assault,164
KY0568000,Louisville Metro PD,2011-09,aggravated-assault,181
KY0568000,Louisville Metro PD,2012-09,aggravated-assault,173
KY0568000,Louisville Metro PD,2013-09,aggravated-assault,183
KY0568000,Louisville Metro PD,2014-09,aggravated-assault,187
KY0568000,Louisville Metro PD,2015-09,aggravated-assault,183
KY0568000,Louisville Metro PD,2016-09,aggravated-assault,205
KY0568000,Louisville Metro PD,2017-09,aggravated-assault,241
KY0568000,Louisville Metro PD,2018-09,aggravated-assault,271
KY0568000,Louisville Metro PD,2019-09,aggravated-assault,298
KY0568000,Louisville Metro PD,2020-09,aggravated-assault,386
KY0568000,Louisville Metro PD,2021-09,aggravated-assault,363
KY0568000,Louisville Metro PD,2022-09,aggravated-assault,353
KY0568000,Louisville Metro PD,2023-09,aggravated-assault,335
KY0568000,Louisville Metro PD,2024-09,aggravated-assault,268
KY0568000,Louisville Metro PD,2010-10,aggravated-assault,171
KY0568000,Louisville Metro PD,2011-10,aggravated-assault,190
KY0568000,Louisville Metro PD,2012-10,aggravated-assault,181
KY0568000,Louisville Metro PD,2013-10,aggravated-assault,176
KY0568000,Louisville Metro PD,2014-10,aggravated-assault,188
KY0568000,Louisville Metro PD,2015-10,aggravated-assault,255
KY0568000,Louisville Metro PD,2016-10,aggravated-assault,268
KY0568000,Louisville Metro PD,2017-10,aggravated-assault,289
KY0568000,Louisville Metro PD,2018-10,aggravated-assault,289
KY0568000,Louisville Metro PD,2019-10,aggravated-assault,302
KY0568000,Louisville Metro PD,2020-10,aggravated-assault,483
KY0568000,Louisville Metro PD,2021-10,aggravated-assault,383
KY0568000,Louisville Metro PD,2022-10,aggravated-assault,299
KY0568000,Louisville Metro PD,2023-10,aggravated-assault,355
KY0568000,Louisville Metro PD,2024-10,aggravated-assault,341
KY0568000,Louisville Metro PD,2010-11,aggravated-assault,141
KY0568000,Louisville Metro PD,2011-11,aggravated-assault,198
KY0568000,Louisville Metro PD,2012-11,aggravated-assault,192
KY0568000,Louisville Metro PD,2013-11,aggravated-assault,132
KY0568000,Louisville Metro PD,2014-11,aggravated-assault,180
KY0568000,Louisville Metro PD,2015-11,aggravated-assault,201
KY0568000,Louisville Metro PD,2016-11,aggravated-assault,242
KY0568000,Louisville Metro PD,2017-11,aggravated-assault,213
KY0568000,Louisville Metro PD,2018-11,aggravated-assault,238
KY0568000,Louisville Metro PD,2019-11,aggravated-assault,257
KY0568000,Louisville Metro PD,2020-11,aggravated-assault,394
KY0568000,Louisville Metro PD,2021-11,aggravated-assault,367
KY0568000,Louisville Metro PD,2022-11,aggravated-assault,265
KY0568000,Louisville Metro PD,2023-11,aggravated-assault,281
KY0568000,Louisville Metro PD,2024-11,aggravated-assault,311
KY0568000,Louisville Metro PD,2010-12,aggravated-assault,130
KY0568000,Louisville Metro PD,2011-12,aggravated-assault,160
KY0568000,Louisville Metro PD,2012-12,aggravated-assault,197
KY0568000,Louisville Metro PD,2013-12,aggravated-assault,158
KY0568000,Louisville Metro PD,2014-12,aggravated-assault,176
KY0568000,Louisville Metro PD,2015-12,aggravated-assault,171
KY0568000,Louisville Metro PD,2016-12,aggravated-assault,243
KY0568000,Louisville Metro PD,2017-12,aggravated-assault,187
KY0568000,Louisville Metro PD,2018-12,aggravated-assault,194
KY0568000,Louisville Metro PD,2019-12,aggravated-assault,274
KY0568000,Louisville Metro PD,2020-12,aggravated-assault,422
KY0568000,Louisville Metro PD,2021-12,aggravated-assault,356
KY0568000,Louisville Metro PD,2022-12,aggravated-assault,251
KY0568000,Louisville Metro PD,2023-12,aggravated-assault,332
KY0568000,Louisville Metro PD,2024-12,aggravated-assault,302
KY0568000,Louisville Metro PD,2010-01,robbery,128
KY0568000,Louisville Metro PD,2011-01,robbery,111
KY0568000,Louisville Metro PD,2012-01,robbery,129
KY0568000,Louisville Metro PD,2013-01,robbery,106
KY0568000,Louisville Metro PD,2014-01,robbery,137
KY0568000,Louisville Metro PD,2015-01,robbery,124
KY0568000,Louisville Metro PD,2016-01,robbery,131
KY0568000,Louisville Metro PD,2017-01,robbery,106
KY0568000,Louisville Metro PD,2018-01,robbery,96
KY0568000,Louisville Metro PD,2019-01,robbery,85
KY0568000,Louisville Metro PD,2020-01,robbery,83
KY0568000,Louisville Metro PD,2021-01,robbery,112
KY0568000,Louisville Metro PD,2022-01,robbery,30
KY0568000,Louisville Metro PD,2023-01,robbery,79
KY0568000,Louisville Metro PD,2024-01,robbery,79
KY0568000,Louisville Metro PD,2010-02,robbery,78
KY0568000,Louisville Metro PD,2011-02,robbery,99
KY0568000,Louisville Metro PD,2012-02,robbery,102
KY0568000,Louisville Metro PD,2013-02,robbery,76
KY0568000,Louisville Metro PD,2014-02,robbery,89
KY0568000,Louisville Metro PD,2015-02,robbery,102
KY0568000,Louisville Metro PD,2016-02,robbery,85
KY0568000,Louisville Metro PD,2017-02,robbery,91
KY0568000,Louisville Metro PD,2018-02,robbery,84
KY0568000,Louisville Metro PD,2019-02,robbery,61
KY0568000,Louisville Metro PD,2020-02,robbery,58
KY0568000,Louisville Metro PD,2021-02,robbery,103
KY0568000,Louisville Metro PD,2022-02,robbery,19
KY0568000,Louisville Metro PD,2023-02,robbery,60
KY0568000,Louisville Metro PD,2024-02,robbery,60
KY0568000,Louisville Metro PD,2010-03,robbery,127
KY0568000,Louisville Metro PD,2011-03,robbery,103
KY0568000,Louisville Metro PD,2012-03,robbery,107
KY0568000,Louisville Metro PD,2013-03,robbery,121
KY0568000,Louisville Metro PD,2014-03,robbery,108
KY0568000,Louisville Metro PD,2015-03,robbery,102
KY0568000,Louisville Metro PD,2016-03,robbery,111
KY0568000,Louisville Metro PD,2017-03,robbery,106
KY0568000,Louisville Metro PD,2018-03,robbery,79
KY0568000,Louisville Metro PD,2019-03,robbery,67
KY0568000,Louisville Metro PD,2020-03,robbery,82
KY0568000,Louisville Metro PD,2021-03,robbery,95
KY0568000,Louisville Metro PD,2022-03,robbery,31
KY0568000,Louisville Metro PD,2023-03,robbery,70
KY0568000,Louisville Metro PD,2024-03,robbery,79
KY0568000,Louisville Metro PD,2010-04,robbery,163
KY0568000,Louisville Metro PD,2011-04,robbery,123
KY0568000,Louisville Metro PD,2012-04,robbery,121
KY0568000,Louisville Metro PD,2013-04,robbery,122
KY0568000,Louisville Metro PD,2014-04,robbery,90
KY0568000,Louisville Metro PD,2015-04,robbery,129
KY0568000,Louisville Metro PD,2016-04,robbery,110
KY0568000,Louisville Metro PD,2017-04,robbery,117
KY0568000,Louisville Metro PD,2018-04,robbery,67
KY0568000,Louisville Metro PD,2019-04,robbery,71
KY0568000,Louisville Metro PD,2020-04,robbery,93
KY0568000,Louisville Metro PD,2021-04,robbery,87
KY0568000,Louisville Metro PD,2022-04,robbery,86
KY0568000,Louisville Metro PD,2023-04,robbery,69
KY0568000,Louisville Metro PD,2024-04,robbery,74
KY0568000,Louisville Metro PD,2010-05,robbery,152
KY0568000,Louisville Metro PD,2011-05,robbery,133
KY0568000,Louisville Metro PD,2012-05,robbery,129
KY0568000,Louisville Metro PD,2013-05,robbery,122
KY0568000,Louisville Metro PD,2014-05,robbery,110
KY0568000,Louisville Metro PD,2015-05,robbery,131
KY0568000,Louisville Metro PD,2016-05,robbery,173
KY0568000,Louisville Metro PD,2017-05,robbery,120
KY0568000,Louisville Metro PD,2018-05,robbery,96
KY0568000,Louisville Metro PD,2019-05,robbery,112
KY0568000,Louisville Metro PD,2020-05,robbery,118
KY0568000,Louisville Metro PD,2021-05,robbery,123
KY0568000,Louisville Metro PD,2022-05,robbery,109
KY0568000,Louisville Metro PD,2023-05,robbery,92
KY0568000,Louisville Metro PD,2024-05,robbery,72
KY0568000,Louisville Metro PD,2010-06,robbery,148
KY0568000,Louisville Metro PD,2011-06,robbery,164
KY0568000,Louisville Metro PD,2012-06,robbery,98
KY0568000,Louisville Metro PD,2013-06,robbery,131
KY0568000,Louisville Metro PD,2014-06,robbery,135
KY0568000,Louisville Metro PD,2015-06,robbery,117
KY0568000,Louisville Metro PD,2016-06,robbery,137
KY0568000,Louisville Metro PD,2017-06,robbery,119
KY0568000,Louisville Metro PD,2018-06,robbery,99
KY0568000,Louisville Metro PD,2019-06,robbery,92
KY0568000,Louisville Metro PD,2020-06,robbery,127
KY0568000,Louisville Metro PD,2021-06,robbery,109
KY0568000,Louisville Metro PD,2022-06,robbery,94
KY0568000,Louisville Metro PD,2023-06,robbery,93
KY0568000,Louisville Metro PD,2024-06,robbery,91
KY0568000,Louisville Metro PD,2010-07,robbery,132
KY0568000,Louisville Metro PD,2011-07,robbery,161
KY0568000,Louisville Metro PD,2012-07,robbery,101
KY0568000,Louisville Metro PD,2013-07,robbery,113
KY0568000,Louisville Metro PD,2014-07,robbery,147
KY0568000,Louisville Metro PD,2015-07,robbery,135
KY0568000,Louisville Metro PD,2016-07,robbery,158
KY0568000,Louisville Metro PD,2017-07,robbery,119
KY0568000,Louisville Metro PD,2018-07,robbery,105
KY0568000,Louisville Metro PD,2019-07,robbery,77
KY0568000,Louisville Metro PD,2020-07,robbery,157
KY0568000,Louisville Metro PD,2021-07,robbery,118
KY0568000,Louisville Metro PD,2022-07,robbery,100
KY0568000,Louisville Metro PD,2023-07,robbery,78
KY0568000,Louisville Metro PD,2024-07,robbery,80
KY0568000,Louisville Metro PD,2010-08,robbery,142
KY0568000,Louisville Metro PD,2011-08,robbery,163
KY0568000,Louisville Metro PD,2012-08,robbery,113
KY0568000,Louisville Metro PD,2013-08,robbery,105
KY0568000,Louisville Metro PD,2014-08,robbery,159
KY0568000,Louisville Metro PD,2015-08,robbery,143
KY0568000,Louisville Metro PD,2016-08,robbery,139
KY0568000,Louisville Metro PD,2017-08,robbery,116
KY0568000,Louisville Metro PD,2018-08,robbery,82
KY0568000,Louisville Metro PD,2019-08,robbery,99
KY0568000,Louisville Metro PD,2020-08,robbery,131
KY0568000,Louisville Metro PD,2021-08,robbery,108
KY0568000,Louisville Metro PD,2022-08,robbery,86
KY0568000,Louisville Metro PD,2023-08,robbery,97
KY0568000,Louisville Metro PD,2024-08,robbery,84
KY0568000,Louisville Metro PD,2010-09,robbery,126
KY0568000,Louisville Metro PD,2011-09,robbery,142
KY0568000,Louisville Metro PD,2012-09,robbery,96
KY0568000,Louisville Metro PD,2013-09,robbery,118
KY0568000,Louisville Metro PD,2014-09,robbery,141
KY0568000,Louisville Metro PD,2015-09,robbery,137
KY0568000,Louisville Metro PD,2016-09,robbery,124
KY0568000,Louisville Metro PD,2017-09,robbery,128
KY0568000,Louisville Metro PD,2018-09,robbery,93
KY0568000,Louisville Metro PD,2019-09,robbery,112
KY0568000,Louisville Metro PD,2020-09,robbery,87
KY0568000,Louisville Metro PD,2021-09,robbery,101
KY0568000,Louisville Metro PD,2022-09,robbery,83
KY0568000,Louisville Metro PD,2023-09,robbery,100
KY0568000,Louisville Metro PD,2024-09,robbery,81
KY0568000,Louisville Metro PD,2010-10,robbery,141
KY0568000,Louisville Metro PD,2011-10,robbery,154
KY0568000,Louisville Metro PD,2012-10,robbery,133
KY0568000,Louisville Metro PD,2013-10,robbery,127
KY0568000,Louisville Metro PD,2014-10,robbery,159
KY0568000,Louisville Metro PD,2015-10,robbery,128
KY0568000,Louisville Metro PD,2016-10,robbery,117
KY0568000,Louisville Metro PD,2017-10,robbery,114
KY0568000,Louisville Metro PD,2018-10,robbery,106
KY0568000,Louisville Metro PD,2019-10,robbery,74
KY0568000,Louisville Metro PD,2020-10,robbery,104
KY0568000,Louisville Metro PD,2021-10,robbery,123
KY0568000,Louisville Metro PD,2022-10,robbery,93
KY0568000,Louisville Metro PD,2023-10,robbery,73
KY0568000,Louisville Metro PD,2024-10,robbery,71
KY0568000,Louisville Metro PD,2010-11,robbery,125
KY0568000,Louisville Metro PD,2011-11,robbery,114
KY0568000,Louisville Metro PD,2012-11,robbery,115
KY0568000,Louisville Metro PD,2013-11,robbery,151
KY0568000,Louisville Metro PD,2014-11,robbery,136
KY0568000,Louisville Metro PD,2015-11,robbery,158
KY0568000,Louisville Metro PD,2016-11,robbery,116
KY0568000,Louisville Metro PD,2017-11,robbery,97
KY0568000,Louisville Metro PD,2018-11,robbery,84
KY0568000,Louisville Metro PD,2019-11,robbery,69
KY0568000,Louisville Metro PD,2020-11,robbery,101
KY0568000,Louisville Metro PD,2021-11,robbery,107
KY0568000,Louisville Metro PD,2022-11,robbery,87
KY0568000,Louisville Metro PD,2023-11,robbery,83
KY0568000,Louisville Metro PD,2024-11,robbery,68
KY0568000,Louisville Metro PD,2010-12,robbery,141
KY0568000,Louisville Metro PD,2011-12,robbery,176
KY0568000,Louisville Metro PD,2012-12,robbery,150
KY0568000,Louisville Metro PD,2013-12,robbery,135
KY0568000,Louisville Metro PD,2014-12,robbery,121
KY0568000,Louisville Metro PD,2015-12,robbery,135
KY0568000,Louisville Metro PD,2016-12,robbery,115
KY0568000,Louisville Metro PD,2017-12,robbery,97
KY0568000,Louisville Metro PD,2018-12,robbery,91
KY0568000,Louisville Metro PD,2019-12,robbery,89
KY0568000,Louisville Metro PD,2020-12,robbery,97
KY0568000,Louisville Metro PD,2021-12,robbery,93
KY0568000,Louisville Metro PD,2022-12,robbery,106
KY0568000,Louisville Metro PD,2023-12,robbery,100
KY0568000,Louisville Metro PD,2024-12,robbery,69
KY0568000,Louisville Metro PD,2010-01,homicide,8
KY0568000,Louisville Metro PD,2011-01,homicide,5
KY0568000,Louisville Metro PD,2012-01,homicide,3
KY0568000,Louisville Metro PD,2013-01,homicide,0
KY0568000,Louisville Metro PD,2014-01,homicide,2
KY0568000,Louisville Metro PD,2015-01,homicide,9
KY0568000,Louisville Metro PD,2016-01,homicide,6
KY0568000,Louisville Metro PD,2017-01,homicide,7
KY0568000,Louisville Metro PD,2018-01,homicide,10
KY0568000,Louisville Metro PD,2019-01,homicide,4
KY0568000,Louisville Metro PD,2020-01,homicide,9
KY0568000,Louisville Metro PD,2021-01,homicide,14
KY0568000,Louisville Metro PD,2022-01,homicide,13
KY0568000,Louisville Metro PD,2023-01,homicide,18
KY0568000,Louisville Metro PD,2024-01,homicide,14
KY0568000,Louisville Metro PD,2010-02,homicide,0
KY0568000,Louisville Metro PD,2011-02,homicide,2
KY0568000,Louisville Metro PD,2012-02,homicide,2
KY0568000,Louisville Metro PD,2013-02,homicide,4
KY0568000,Louisville Metro PD,2014-02,homicide,1
KY0568000,Louisville Metro PD,2015-02,homicide,12
KY0568000,Louisville Metro PD,2016-02,homicide,7
KY0568000,Louisville Metro PD,2017-02,homicide,13
KY0568000,Louisville Metro PD,2018-02,homicide,7
KY0568000,Louisville Metro PD,2019-02,homicide,6
KY0568000,Louisville Metro PD,2020-02,homicide,7
KY0568000,Louisville Metro PD,2021-02,homicide,13
KY0568000,Louisville Metro PD,2022-02,homicide,9
KY0568000,Louisville Metro PD,2023-02,homicide,10
KY0568000,Louisville Metro PD,2024-02,homicide,10
KY0568000,Louisville Metro PD,2010-03,homicide,1
KY0568000,Louisville Metro PD,2011-03,homicide,4
KY0568000,Louisville Metro PD,2012-03,homicide,2
KY0568000,Louisville Metro PD,2013-03,homicide,5
KY0568000,Louisville Metro PD,2014-03,homicide,6
KY0568000,Louisville Metro PD,2015-03,homicide,4
KY0568000,Louisville Metro PD,2016-03,homicide,11
KY0568000,Louisville Metro PD,2017-03,homicide,11
KY0568000,Louisville Metro PD,2018-03,homicide,4
KY0568000,Louisville Metro PD,2019-03,homicide,3
KY0568000,Louisville Metro PD,2020-03,homicide,9
KY0568000,Louisville Metro PD,2021-03,homicide,13
KY0568000,Louisville Metro PD,2022-03,homicide,18
KY0568000,Louisville Metro PD,2023-03,homicide,9
KY0568000,Louisville Metro PD,2024-03,homicide,20
KY0568000,Louisville Metro PD,2010-04,homicide,6
KY0568000,Louisville Metro PD,2011-04,homicide,3
KY0568000,Louisville Metro PD,2012-04,homicide,3
KY0568000,Louisville Metro PD,2013-04,homicide,4
KY0568000,Louisville Metro PD,2014-04,homicide,4
KY0568000,Louisville Metro PD,2015-04,homicide,3
KY0568000,Louisville Metro PD,2016-04,homicide,11
KY0568000,Louisville Metro PD,2017-04,homicide,12
KY0568000,Louisville Metro PD,2018-04,homicide,7
KY0568000,Louisville Metro PD,2019-04,homicide,9
KY0568000,Louisville Metro PD,2020-04,homicide,8
KY0568000,Louisville Metro PD,2021-04,homicide,10
KY0568000,Louisville Metro PD,2022-04,homicide,14
KY0568000,Louisville Metro PD,2023-04,homicide,23
KY0568000,Louisville Metro PD,2024-04,homicide,9
KY0568000,Louisville Metro PD,2010-05,homicide,5
KY0568000,Louisville Metro PD,2011-05,homicide,5
KY0568000,Louisville Metro PD,2012-05,homicide,10
KY0568000,Louisville Metro PD,2013-05,homicide,2
KY0568000,Louisville Metro PD,2014-05,homicide,9
KY0568000,Louisville Metro PD,2015-05,homicide,4
KY0568000,Louisville Metro PD,2016-05,homicide,11
KY0568000,Louisville Metro PD,2017-05,homicide,12
KY0568000,Louisville Metro PD,2018-05,homicide,5
KY0568000,Louisville Metro PD,2019-05,homicide,10
KY0568000,Louisville Metro PD,2020-05,homicide,12
KY0568000,Louisville Metro PD,2021-05,homicide,21
KY0568000,Louisville Metro PD,2022-05,homicide,13
KY0568000,Louisville Metro PD,2023-05,homicide,11
KY0568000,Louisville Metro PD,2024-05,homicide,20
KY0568000,Louisville Metro PD,2010-06,homicide,2
KY0568000,Louisville Metro PD,2011-06,homicide,1
KY0568000,Louisville Metro PD,2012-06,homicide,5
KY0568000,Louisville Metro PD,2013-06,homicide,5
KY0568000,Louisville Metro PD,2014-06,homicide,5
KY0568000,Louisville Metro PD,2015-06,homicide,6
KY0568000,Louisville Metro PD,2016-06,homicide,8
KY0568000,Louisville Metro PD,2017-06,homicide,15
KY0568000,Louisville Metro PD,2018-06,homicide,8
KY0568000,Louisville Metro PD,2019-06,homicide,15
KY0568000,Louisville Metro PD,2020-06,homicide,10
KY0568000,Louisville Metro PD,2021-06,homicide,25
KY0568000,Louisville Metro PD,2022-06,homicide,15
KY0568000,Louisville Metro PD,2023-06,homicide,13
KY0568000,Louisville Metro PD,2024-06,homicide,13
KY0568000,Louisville Metro PD,2010-07,homicide,3
KY0568000,Louisville Metro PD,2011-07,homicide,6
KY0568000,Louisville Metro PD,2012-07,homicide,9
KY0568000,Louisville Metro PD,2013-07,homicide,10
KY0568000,Louisville Metro PD,2014-07,homicide,3
KY0568000,Louisville Metro PD,2015-07,homicide,11
KY0568000,Louisville Metro PD,2016-07,homicide,7
KY0568000,Louisville Metro PD,2017-07,homicide,7
KY0568000,Louisville Metro PD,2018-07,homicide,9
KY0568000,Louisville Metro PD,2019-07,homicide,11
KY0568000,Louisville Metro PD,2020-07,homicide,22
KY0568000,Louisville Metro PD,2021-07,homicide,15
KY0568000,Louisville Metro PD,2022-07,homicide,16
KY0568000,Louisville Metro PD,2023-07,homicide,11
KY0568000,Louisville Metro PD,2024-07,homicide,14
KY0568000,Louisville Metro PD,2010-08,homicide,7
KY0568000,Louisville Metro PD,2011-08,homicide,2
KY0568000,Louisville Metro PD,2012-08,homicide,6
KY0568000,Louisville Metro PD,2013-08,homicide,9
KY0568000,Louisville Metro PD,2014-08,homicide,6
KY0568000,Louisville Metro PD,2015-08,homicide,4
KY0568000,Louisville Metro PD,2016-08,homicide,18
KY0568000,Louisville Metro PD,2017-08,homicide,8
KY0568000,Louisville Metro PD,2018-08,homicide,4
KY0568000,Louisville Metro PD,2019-08,homicide,4
KY0568000,Louisville Metro PD,2020-08,homicide,23
KY0568000,Louisville Metro PD,2021-08,homicide,19
KY0568000,Louisville Metro PD,2022-08,homicide,12
KY0568000,Louisville Metro PD,2023-08,homicide,14
KY0568000,Louisville Metro PD,2024-08,homicide,16
KY0568000,Louisville Metro PD,2010-09,homicide,2
KY0568000,Louisville Metro PD,2011-09,homicide,1
KY0568000,Louisville Metro PD,2012-09,homicide,6
KY0568000,Louisville Metro PD,2013-09,homicide,2
KY0568000,Louisville Metro PD,2014-09,homicide,5
KY0568000,Louisville Metro PD,2015-09,homicide,5
KY0568000,Louisville Metro PD,2016-09,homicide,7
KY0568000,Louisville Metro PD,2017-09,homicide,3
KY0568000,Louisville Metro PD,2018-09,homicide,8
KY0568000,Louisville Metro PD,2019-09,homicide,10
KY0568000,Louisville Metro PD,2020-09,homicide,21
KY0568000,Louisville Metro PD,2021-09,homicide,19
KY0568000,Louisville Metro PD,2022-09,homicide,19
KY0568000,Louisville Metro PD,2023-09,homicide,15
KY0568000,Louisville Metro PD,2024-09,homicide,8
KY0568000,Louisville Metro PD,2010-10,homicide,5
KY0568000,Louisville Metro PD,2011-10,homicide,9
KY0568000,Louisville Metro PD,2012-10,homicide,6
KY0568000,Louisville Metro PD,2013-10,homicide,1
KY0568000,Louisville Metro PD,2014-10,homicide,7
KY0568000,Louisville Metro PD,2015-10,homicide,9
KY0568000,Louisville Metro PD,2016-10,homicide,10
KY0568000,Louisville Metro PD,2017-10,homicide,8
KY0568000,Louisville Metro PD,2018-10,homicide,4
KY0568000,Louisville Metro PD,2019-10,homicide,7
KY0568000,Louisville Metro PD,2020-10,homicide,15
KY0568000,Louisville Metro PD,2021-10,homicide,16
KY0568000,Louisville Metro PD,2022-10,homicide,6
KY0568000,Louisville Metro PD,2023-10,homicide,8
KY0568000,Louisville Metro PD,2024-10,homicide,11
KY0568000,Louisville Metro PD,2010-11,homicide,5
KY0568000,Louisville Metro PD,2011-11,homicide,5
KY0568000,Louisville Metro PD,2012-11,homicide,5
KY0568000,Louisville Metro PD,2013-11,homicide,4
KY0568000,Louisville Metro PD,2014-11,homicide,4
KY0568000,Louisville Metro PD,2015-11,homicide,9
KY0568000,Louisville Metro PD,2016-11,homicide,11
KY0568000,Louisville Metro PD,2017-11,homicide,8
KY0568000,Louisville Metro PD,2018-11,homicide,10
KY0568000,Louisville Metro PD,2019-11,homicide,7
KY0568000,Louisville Metro PD,2020-11,homicide,10
KY0568000,Louisville Metro PD,2021-11,homicide,14
KY0568000,Louisville Metro PD,2022-11,homicide,11
KY0568000,Louisville Metro PD,2023-11,homicide,8
KY0568000,Louisville Metro PD,2024-11,homicide,5
KY0568000,Louisville Metro PD,2010-12,homicide,8
KY0568000,Louisville Metro PD,2011-12,homicide,5
KY0568000,Louisville Metro PD,2012-12,homicide,5
KY0568000,Louisville Metro PD,2013-12,homicide,2
KY0568000,Louisville Metro PD,2014-12,homicide,4
KY0568000,Louisville Metro PD,2015-12,homicide,6
KY0568000,Louisville Metro PD,2016-12,homicide,12
KY0568000,Louisville Metro PD,2017-12,homicide,4
KY0568000,Louisville Metro PD,2018-12,homicide,9
KY0568000,Louisville Metro PD,2019-12,homicide,7
KY0568000,Louisville Metro PD,2020-12,homicide,21
KY0568000,Louisville Metro PD,2021-12,homicide,10
KY0568000,Louisville Metro PD,2022-12,homicide,19
KY0568000,Louisville Metro PD,2023-12,homicide,10
KY0568000,Louisville Metro PD,2024-12,homicide,7
